Appliances,lights,T1,RH_1,T2,RH_2,T3,RH_3
  40, 0,22.100000000000001,45.030000000000001,21.500000000000000,43.789999999999999,22.633333333333301,45.266666666666701
 400, 0,21.133333333333301,42.533333333333303,20.390000000000001,39.500000000000000,22.230000000000000,44.990000000000002
  40, 0,20.100000000000001,35.000000000000000,16.600000000000001,40.030000000000001,20.390000000000001,37.200000000000003
 370, 0,19.166666666666700,39.060000000000002,17.566666666666698,39.229999999999997,19.763333333333300,39.293333333333301
 140, 0,20.699999999999999,40.460000000000001,20.426666666666701,38.090000000000003,20.699999999999999,38.789999999999999
  50, 0,20.289999999999999,39.899999999999999,19.500000000000000,39.060000000000002,20.600000000000001,40.363333333333301
  40, 0,22.000000000000000,43.000000000000000,21.199999999999999,41.899999999999999,22.500000000000000,43.927777777777798
  90, 0,24.789999999999999,31.649999999999999,22.789999999999999,31.140000000000001,24.000000000000000,33.126666666666701
 140,10,21.230000000000000,41.399999999999999,20.600000000000001,40.466666666666697,20.600000000000001,42.789999999999999
  50, 0,24.000000000000000,40.289999999999999,21.566666666666698,42.530000000000001,25.390000000000001,39.789999999999999
 110, 0,22.699999999999999,56.066666666666698,21.289999999999999,54.766666666666701,24.823333333333299,40.766666666666701
  60,20,20.699999999999999,38.289999999999999,19.699999999999999,38.359999999999999,20.524999999999999,41.649999999999999
  50, 0,19.600000000000001,41.200000000000003,18.230000000000000,41.530000000000001,19.789999999999999,40.700000000000003
  60,20,22.789999999999999,45.399999999999999,21.890000000000001,44.617500000000000,23.289999999999999,45.399999999999999
 100, 0,20.000000000000000,37.833333333333300,18.289999999999999,36.759999999999998,20.289999999999999,35.090000000000003
 260, 0,20.789999999999999,36.173333333333296,19.114285714285700,35.924285714285702,21.725714285714300,38.708571428571403
  50, 0,24.100000000000001,31.230000000000000,24.289999999999999,28.133333333333301,23.500000000000000,33.826666666666704
 180, 0,25.500000000000000,46.530000000000001,26.000000000000000,41.725714285714297,27.856666666666701,40.500000000000000
 540,20,21.633333333333301,42.066666666666698,20.100000000000001,38.154000000000003,20.699999999999999,37.493333333333297
  60, 0,23.356666666666701,42.229999999999997,23.140000000000001,41.076000000000001,24.100000000000001,38.817500000000003
  60,30,21.890000000000001,38.060000000000002,20.417500000000000,38.640000000000001,21.390000000000001,37.826666666666704
 100, 0,24.926666666666701,31.390000000000001,23.699999999999999,29.968571428571401,23.033333333333299,28.859999999999999
  50, 0,22.199999999999999,41.560000000000002,19.699999999999999,45.000000000000000,24.166666666666700,39.789999999999999
  80,20,21.426666666666701,38.729999999999997,19.760000000000002,39.863333333333301,20.890000000000001,38.090000000000003
  60, 0,22.890000000000001,39.229999999999997,21.000000000000000,39.060000000000002,25.000000000000000,35.590000000000003
 160, 0,24.760000000000002,41.223333333333301,23.666666666666700,39.060000000000002,25.500000000000000,38.200000000000003
  60,10,22.166666666666700,36.126666666666701,18.730000000000000,40.200000000000003,22.199999999999999,35.500000000000000
  40, 0,19.000000000000000,44.090000000000003,18.340000000000000,43.916666666666700,19.823333333333299,45.030000000000001
  50, 0,21.500000000000000,35.500000000000000,19.133333333333301,35.259999999999998,20.390000000000001,37.229999999999997
 100, 0,22.699999999999999,43.244999999999997,20.230000000000000,44.656666666666702,24.289999999999999,39.466666666666697
  60, 0,22.390000000000001,37.700000000000003,19.390000000000001,41.899999999999999,23.390000000000001,38.899999999999999
  60,20,22.600000000000001,35.933333333333302,19.600000000000001,39.060000000000002,22.289999999999999,35.399999999999999
  50,10,21.000000000000000,38.626666666666701,18.730000000000000,39.729999999999997,20.963333333333299,39.933333333333302
  70, 0,21.789999999999999,33.566666666666698,19.789999999999999,33.066666666666698,23.500000000000000,35.390000000000001
  50, 0,21.199999999999999,38.289999999999999,18.533333333333299,42.296666666666702,22.699999999999999,38.229999999999997
  70, 0,22.390000000000001,43.229999999999997,21.600000000000001,42.090000000000003,22.600000000000001,43.977777777777803
  90,20,24.100000000000001,51.633333333333297,23.199999999999999,44.533333333333303,24.289999999999999,45.623333333333299
  40, 0,21.000000000000000,41.200000000000003,18.199999999999999,44.700000000000003,23.100000000000001,39.560000000000002
  40, 0,21.600000000000001,47.359999999999999,21.000000000000000,45.223333333333301,22.100000000000001,46.326666666666704
  60, 0,20.890000000000001,39.399999999999999,18.789999999999999,42.826666666666704,21.789999999999999,37.433333333333302
  70,20,22.100000000000001,40.590000000000003,19.789999999999999,42.200000000000003,22.789999999999999,38.700000000000003
  90,10,21.600000000000001,35.289999999999999,19.566666666666698,37.126666666666701,20.463333333333299,35.663333333333298
  70, 0,18.260000000000002,36.729999999999997,17.390000000000001,36.030000000000001,18.000000000000000,38.200000000000003
 110, 0,21.000000000000000,36.626666666666701,17.600000000000001,41.466666666666697,22.230000000000000,34.700000000000003
 110, 0,25.500000000000000,49.259999999999998,25.500000000000000,46.399999999999999,26.199999999999999,45.500000000000000
  40, 0,22.289999999999999,42.289999999999999,21.600000000000001,41.090000000000003,23.033333333333299,42.626666666666701
 110,20,22.066666666666698,44.333333333333300,19.856666666666701,44.863333333333301,22.890000000000001,40.090000000000003
  30, 0,17.890000000000001,44.729999999999997,17.100000000000001,45.000000000000000,19.000000000000000,42.326666666666704
  60, 0,22.699999999999999,40.056666666666700,20.199999999999999,42.605714285714299,24.891428571428602,38.012857142857101
  40, 0,21.100000000000001,35.789999999999999,17.789999999999999,39.759999999999998,21.230000000000000,35.433333333333302
  60, 0,20.890000000000001,41.700000000000003,19.100000000000001,44.289999999999999,21.500000000000000,38.789999999999999
  50, 0,24.653636363636402,50.035272727272698,24.192792792792801,47.999129129129102,26.914727272727301,44.283636363636397
  30, 0,20.100000000000001,39.526666666666699,19.066666666666698,40.363333333333301,20.600000000000001,39.126666666666701
  20, 0,19.760000000000002,46.000000000000000,18.917500000000000,45.700000000000003,19.890000000000001,45.163333333333298
  30, 0,19.500000000000000,37.289999999999999,18.500000000000000,37.200000000000003,19.100000000000001,39.789999999999999
  80,20,20.751428571428601,38.064285714285703,19.699999999999999,37.590000000000003,20.199999999999999,37.899999999999999
  50, 0,22.133333333333301,34.833333333333300,21.500000000000000,33.399999999999999,21.500000000000000,34.433333333333302
  80, 0,20.199999999999999,44.200000000000003,19.823333333333299,43.500000000000000,19.789999999999999,43.789999999999999
 390, 0,20.890000000000001,38.725714285714297,19.600000000000001,38.121428571428602,22.289999999999999,38.525714285714301
 310,10,22.000000000000000,43.156666666666702,20.823333333333299,42.229999999999997,22.135555555555602,46.493888888888897
  50, 0,20.926666666666701,41.030000000000001,18.000000000000000,44.590000000000003,23.000000000000000,39.590000000000003
  50,20,22.500000000000000,36.090000000000003,19.356666666666701,39.566666666666698,22.289999999999999,35.500000000000000
 110, 0,22.823333333333299,36.463333333333303,20.199999999999999,37.590000000000003,23.600000000000001,33.700000000000003
 110, 0,22.500000000000000,42.530000000000001,22.356666666666701,40.266666666666701,22.500000000000000,40.530000000000001
  80, 0,20.789999999999999,33.560000000000002,19.199999999999999,33.899999999999999,20.140000000000001,35.271999999999998
  80, 0,22.789999999999999,44.789999999999999,20.633333333333301,46.933333333333302,24.533333333333299,40.399999999999999
  50, 0,22.199999999999999,39.229999999999997,23.100000000000001,36.590000000000003,22.199999999999999,37.899999999999999
  70,10,19.789999999999999,35.750000000000000,18.000000000000000,35.859999999999999,20.199999999999999,35.826666666666704
 120, 0,19.730000000000000,35.626666666666701,19.533333333333299,34.996666666666698,19.566666666666698,35.433333333333302
  30, 0,19.199999999999999,46.899999999999999,18.500000000000000,46.789999999999999,19.789999999999999,45.289999999999999
 280, 0,20.890000000000001,38.766666666666701,19.500000000000000,38.030000000000001,21.697142857142900,38.028571428571396
  50,10,24.789999999999999,47.375000000000000,22.600000000000001,49.789999999999999,26.340000000000000,43.789999999999999
 170, 0,19.000000000000000,37.700000000000003,17.230000000000000,39.500000000000000,19.390000000000001,37.259999999999998
 100, 0,21.323333333333299,34.026666666666699,19.890000000000001,34.633333333333297,20.199999999999999,35.518000000000001
  70,20,22.199999999999999,38.200000000000003,20.000000000000000,40.363333333333301,21.600000000000001,36.700000000000003
  40, 0,21.289999999999999,41.700000000000003,18.699999999999999,44.530000000000001,23.000000000000000,39.500000000000000
  60, 0,20.789999999999999,35.500000000000000,17.390000000000001,39.700000000000003,20.199999999999999,36.700000000000003
  60, 0,23.260000000000002,40.399999999999999,27.000000000000000,33.229999999999997,24.289999999999999,37.356000000000002
  50, 0,20.633333333333301,36.899999999999999,19.000000000000000,37.700000000000003,20.500000000000000,36.000000000000000
 290, 0,21.199999999999999,42.859999999999999,18.699999999999999,46.100000000000001,22.763333333333300,40.626666666666701
 230,40,18.472500000000000,45.744999999999997,17.789999999999999,44.229999999999997,19.356666666666701,44.333333333333300
 130, 0,21.671428571428599,36.957142857142898,20.251428571428601,37.352857142857097,20.952857142857098,37.321428571428598
  50, 0,20.390000000000001,39.200000000000003,19.133333333333301,39.363333333333301,19.963333333333299,40.289999999999999
 100,20,21.890000000000001,43.123333333333299,19.699999999999999,45.899999999999999,22.100000000000001,39.526666666666699
  50, 0,22.390000000000001,43.700000000000003,20.500000000000000,44.326666666666704,23.289999999999999,40.700000000000003
  90, 0,20.789999999999999,33.366666666666703,19.533333333333299,31.800000000000001,19.789999999999999,34.030000000000001
  40, 0,19.789999999999999,45.126666666666701,19.033333333333299,44.530000000000001,20.390000000000001,44.000000000000000
  60, 0,21.289999999999999,31.926666666666701,19.823333333333299,31.699999999999999,20.199999999999999,34.289999999999999
 110, 0,24.000000000000000,40.893333333333302,23.699999999999999,36.399999999999999,24.600000000000001,37.229999999999997
  60, 0,21.600000000000001,40.000000000000000,18.699999999999999,43.933333333333302,22.100000000000001,37.899999999999999
  50, 0,19.699999999999999,33.700000000000003,17.699999999999999,35.000000000000000,19.533333333333299,35.590000000000003
  60, 0,21.890000000000001,35.789999999999999,18.856666666666701,38.966666666666697,22.789999999999999,35.899999999999999
 110, 0,23.199999999999999,38.030000000000001,22.566666666666698,36.566666666666698,22.890000000000001,38.030000000000001
  40, 0,21.166666666666700,35.289999999999999,17.890000000000001,39.289999999999999,22.699999999999999,35.090000000000003
  60, 0,20.600000000000001,38.090000000000003,18.500000000000000,39.289999999999999,21.000000000000000,39.899999999999999
  40, 0,21.199999999999999,36.229999999999997,18.600000000000001,39.326666666666704,20.166666666666700,36.466666666666697
  70, 0,20.289999999999999,39.700000000000003,19.566666666666698,38.729999999999997,20.500000000000000,40.200000000000003
 120,10,21.100000000000001,41.829999999999998,19.066666666666698,39.563333333333297,21.600000000000001,36.347499999999997
  50, 0,23.289999999999999,42.663333333333298,22.960000000000001,42.193333333333300,23.890000000000001,39.090000000000003
 290,20,24.789999999999999,48.490000000000002,25.974000000000000,44.170000000000002,27.566666666666698,45.259999999999998
  50, 0,19.600000000000001,32.759999999999998,18.500000000000000,33.244999999999997,19.133333333333301,32.789999999999999
 590, 0,24.666666666666700,46.590000000000003,24.199999999999999,43.826666666666704,25.789999999999999,41.933333333333302
  60, 0,21.500000000000000,38.289999999999999,17.789999999999999,42.899999999999999,22.390000000000001,37.126666666666701
  60, 0,24.100000000000001,47.700000000000003,22.823333333333299,48.560000000000002,25.323333333333299,42.700000000000003
  60, 0,22.500000000000000,39.560000000000002,23.390000000000001,36.163333333333298,23.199999999999999,38.030000000000001
  30, 0,20.890000000000001,42.200000000000003,19.100000000000001,44.899999999999999,21.600000000000001,39.090000000000003
  60, 0,20.199999999999999,38.266666666666701,18.600000000000001,38.229999999999997,20.289999999999999,36.090000000000003
  60, 0,21.199999999999999,41.090000000000003,20.390000000000001,40.399999999999999,21.289999999999999,42.466666666666697
  70, 0,24.600000000000001,33.163333333333298,25.289999999999999,30.463333333333299,24.100000000000001,35.899999999999999
  60, 0,22.390000000000001,39.126666666666701,20.666666666666700,40.399999999999999,23.199999999999999,37.626666666666701
  50,10,21.100000000000001,47.560000000000002,20.356666666666701,46.963333333333303,21.390000000000001,46.399999999999999
  50, 0,18.390000000000001,38.500000000000000,17.289999999999999,38.466666666666697,18.600000000000001,39.289999999999999
  50, 0,22.100000000000001,44.729999999999997,21.699999999999999,43.500000000000000,21.963333333333299,44.455555555555598
  70,10,19.760000000000002,40.826666666666704,19.100000000000001,38.229999999999997,21.267499999999998,39.420000000000002
  40, 0,21.000000000000000,35.200000000000003,18.500000000000000,36.560000000000002,20.600000000000001,37.729999999999997
 110, 0,22.823333333333299,47.933333333333302,21.100000000000001,48.726666666666702,24.699999999999999,40.700000000000003
 300, 0,23.600000000000001,43.960000000000001,27.600000000000001,34.676000000000002,25.263333333333300,41.799999999999997
  30, 0,20.699999999999999,43.933333333333302,19.926666666666701,43.399999999999999,20.699999999999999,44.433333333333302
  60, 0,21.000000000000000,39.500000000000000,18.125000000000000,43.975000000000001,22.390000000000001,38.899999999999999
  30, 0,21.823333333333299,40.229999999999997,22.100000000000001,38.500000000000000,22.390000000000001,38.259999999999998
 180, 0,23.611688311688301,42.023896103896099,22.411948051948102,43.184415584415603,24.997922077922102,39.411038961038997
  20, 0,20.699999999999999,35.693333333333300,17.600000000000001,38.966666666666697,22.100000000000001,35.933333333333302
  60, 0,24.699999999999999,47.289999999999999,22.890000000000001,49.399999999999999,26.699999999999999,43.399999999999999
 100, 0,21.100000000000001,38.759999999999998,18.600000000000001,41.126666666666701,20.323333333333299,37.933333333333302
  80, 0,23.500000000000000,39.863333333333301,22.890000000000001,36.152000000000001,24.456000000000000,37.253999999999998
  70, 0,18.390000000000001,44.090000000000003,17.789999999999999,42.626666666666701,19.600000000000001,43.163333333333298
 370,10,21.533333333333299,45.600000000000001,20.730000000000000,44.466666666666697,21.500000000000000,44.200000000000003
  80,10,25.500000000000000,48.863333333333301,24.528571428571400,48.398571428571401,26.199999999999999,45.090000000000003
  70,10,19.789999999999999,36.766666666666701,18.890000000000001,36.923333333333296,19.823333333333299,35.933333333333302
  60, 0,22.500000000000000,37.700000000000003,19.390000000000001,41.789999999999999,23.323333333333299,38.789999999999999
  40, 0,21.823333333333299,45.466666666666697,21.230000000000000,43.826666666666704,22.699999999999999,45.223333333333301
  50, 0,20.890000000000001,35.626666666666701,17.890000000000001,39.200000000000003,21.000000000000000,35.126666666666701
  50, 0,21.890000000000001,38.700000000000003,22.100000000000001,36.399999999999999,22.260000000000002,36.863333333333301
  60, 0,21.789999999999999,34.663333333333298,20.000000000000000,35.163333333333298,21.199999999999999,35.045000000000002
  50, 0,22.500000000000000,36.126666666666701,19.600000000000001,38.229999999999997,23.600000000000001,34.500000000000000
  60, 0,19.890000000000001,47.939999999999998,19.033333333333299,44.566666666666698,19.963333333333299,44.863333333333301
  30,10,21.000000000000000,33.500000000000000,19.600000000000001,33.899999999999999,20.199999999999999,34.466666666666697
  70,10,23.500000000000000,34.530000000000001,24.199999999999999,30.230000000000000,23.260000000000002,33.966666666666697
  40, 0,20.699999999999999,43.700000000000003,19.390000000000001,44.700000000000003,21.789999999999999,42.200000000000003
  50, 0,22.890000000000001,36.326666666666704,20.500000000000000,38.289999999999999,23.963333333333299,37.363333333333301
  70, 0,22.789999999999999,43.500000000000000,22.100000000000001,42.399999999999999,22.161111111111101,44.090000000000003
 100, 0,21.390000000000001,36.163333333333298,19.230000000000000,38.163333333333298,23.230000000000000,34.729999999999997
  60,30,21.789999999999999,38.289999999999999,20.260000000000002,39.000000000000000,21.390000000000001,38.000000000000000
 140, 0,22.926666666666701,44.266666666666701,21.199999999999999,45.030000000000001,25.699999999999999,39.829999999999998
  70, 0,19.760000000000002,34.990000000000002,18.760000000000002,35.563333333333297,20.000000000000000,36.155999999999999
  80,30,24.890000000000001,48.200000000000003,29.260000000000002,38.200000000000003,27.222500000000000,42.487499999999997
  70, 0,24.789999999999999,48.663333333333298,26.672499999999999,43.907499999999999,25.370000000000001,44.795999999999999
  80,30,20.890000000000001,51.193333333333300,20.199999999999999,46.329999999999998,20.199999999999999,48.193333333333300
  60,10,24.323333333333299,44.560000000000002,23.128571428571401,43.897142857142903,26.789999999999999,39.363333333333301
 780, 0,21.000000000000000,40.399999999999999,18.500000000000000,44.126666666666701,21.600000000000001,38.126666666666701
  70, 0,22.789999999999999,34.789999999999999,20.633333333333301,35.229999999999997,22.426666666666701,35.200000000000003
  40, 0,22.166666666666700,40.090000000000003,21.267499999999998,39.567500000000003,20.600000000000001,41.700000000000003
  50, 0,21.600000000000001,45.933333333333302,21.000000000000000,43.899999999999999,22.600000000000001,45.200000000000003
  50, 0,20.789999999999999,43.399999999999999,19.000000000000000,46.399999999999999,21.600000000000001,40.090000000000003
  70, 0,21.133333333333301,35.399999999999999,19.600000000000001,36.500000000000000,21.699999999999999,35.200000000000003
  50, 0,19.100000000000001,37.789999999999999,16.926666666666701,40.060000000000002,20.289999999999999,37.826666666666704
  80, 0,22.199999999999999,41.789999999999999,21.500000000000000,41.289999999999999,20.699999999999999,44.090000000000003
  90,30,19.426666666666701,39.090000000000003,17.926666666666701,40.526666666666699,19.789999999999999,37.433333333333302
 100, 0,23.789999999999999,39.759999999999998,23.000000000000000,37.924999999999997,24.323333333333299,37.633333333333297
  30, 0,17.890000000000001,44.590000000000003,17.100000000000001,44.933333333333302,19.000000000000000,42.289999999999999
  30, 0,20.500000000000000,42.289999999999999,19.500000000000000,41.826666666666704,20.890000000000001,44.289999999999999
  50, 0,20.390000000000001,37.500000000000000,17.463333333333299,41.663333333333298,22.926666666666701,36.590000000000003
  40, 0,19.699999999999999,46.126666666666701,19.000000000000000,45.399999999999999,19.856666666666701,45.000000000000000
  60, 0,25.199999999999999,48.590000000000003,23.986249999999998,48.233750000000001,26.199999999999999,44.856000000000002
  70,10,21.390000000000001,42.789999999999999,20.789999999999999,41.789999999999999,22.963333333333299,42.966666666666697
 130, 0,22.890000000000001,42.729999999999997,22.289999999999999,40.700000000000003,22.533333333333299,43.363333333333301
 110, 0,21.033333333333299,32.933333333333302,19.289999999999999,33.289999999999999,22.945000000000000,35.145000000000003
  80, 0,23.600000000000001,37.399999999999999,22.000000000000000,37.590000000000003,24.289999999999999,36.145000000000003
  50, 0,19.699999999999999,35.826666666666704,17.600000000000001,37.933333333333302,19.934000000000001,38.090000000000003
  50, 0,20.890000000000001,36.590000000000003,18.199999999999999,39.789999999999999,20.100000000000001,36.590000000000003
 110, 0,25.289999999999999,48.500000000000000,24.500000000000000,47.475999999999999,26.042857142857098,44.068571428571403
  60, 0,22.289999999999999,41.163333333333298,19.199999999999999,45.200000000000003,24.033333333333299,39.030000000000001
  70, 0,20.390000000000001,33.126666666666701,18.500000000000000,33.090000000000003,19.789999999999999,34.789999999999999
  60,20,24.789999999999999,48.200000000000003,29.166666666666700,38.596666666666700,27.452857142857098,42.471428571428604
  30, 0,20.133333333333301,37.626666666666701,18.675000000000001,38.149999999999999,20.500000000000000,36.700000000000003
  40, 0,22.199999999999999,37.090000000000003,21.890000000000001,35.729999999999997,22.199999999999999,36.229999999999997
 100, 0,22.289999999999999,39.000000000000000,23.789999999999999,35.163333333333298,23.100000000000001,37.700000000000003
 150, 0,22.426666666666701,40.733333333333299,21.133333333333301,40.829999999999998,23.823333333333299,36.566666666666698
  60, 0,21.166666666666700,39.033333333333303,22.763333333333300,36.863333333333301,22.000000000000000,35.966666666666697
  50, 0,24.890000000000001,41.363333333333301,29.133333333333301,31.890000000000001,26.100000000000001,38.655999999999999
 100, 0,22.199999999999999,37.933333333333302,22.390000000000001,35.990000000000002,23.890000000000001,35.399999999999999
  20, 0,21.100000000000001,43.899999999999999,20.260000000000002,43.590000000000003,21.699999999999999,44.000000000000000
  40, 0,20.289999999999999,38.399999999999999,17.699999999999999,41.090000000000003,20.926666666666701,37.200000000000003
 170,20,21.730000000000000,42.056666666666700,20.566666666666698,39.266666666666701,21.033333333333299,41.060000000000002
  50, 0,20.289999999999999,44.200000000000003,19.500000000000000,44.000000000000000,20.289999999999999,44.090000000000003
  80,10,23.426666666666701,37.899999999999999,22.745000000000001,36.700000000000003,24.289999999999999,38.066666666666698
  70, 0,22.199999999999999,41.163333333333298,21.533333333333299,40.466666666666697,21.000000000000000,42.560000000000002
 140, 0,24.289999999999999,40.963333333333303,23.633333333333301,39.600000000000001,25.199999999999999,39.200000000000003
 350, 0,23.574999999999999,40.717500000000001,22.600000000000001,34.478571428571399,24.142857142857100,33.652857142857101
  40,10,21.789999999999999,36.289999999999999,19.832857142857101,36.899999999999999,20.789999999999999,37.928571428571402
 150, 0,24.323333333333299,39.560000000000002,23.856666666666701,37.933333333333302,25.289999999999999,39.200000000000003
  90, 0,21.390000000000001,39.890000000000001,19.699999999999999,40.526666666666699,20.699999999999999,38.090000000000003
  30, 0,18.789999999999999,44.060000000000002,18.000000000000000,43.700000000000003,19.500000000000000,43.899999999999999
  40, 0,19.289999999999999,46.663333333333298,18.600000000000001,46.500000000000000,19.789999999999999,45.200000000000003
  50, 0,20.926666666666701,42.500000000000000,19.926666666666701,42.466666666666697,20.500000000000000,44.844999999999999
  90, 0,21.671428571428599,38.121428571428602,20.000000000000000,37.321428571428598,20.818571428571399,37.428571428571402
  20, 0,21.133333333333301,44.590000000000003,20.600000000000001,43.626666666666701,20.600000000000001,43.759999999999998
 600,10,20.289999999999999,41.363333333333301,19.199999999999999,41.923333333333296,20.326666666666700,43.799999999999997
 120, 0,22.823333333333299,42.863333333333301,21.500000000000000,44.066666666666698,23.100000000000001,39.500000000000000
  40, 0,19.364999999999998,46.500000000000000,18.600000000000001,46.289999999999999,19.890000000000001,45.289999999999999
  80, 0,25.566666666666698,32.530000000000001,26.066666666666698,29.926666666666701,25.199999999999999,35.899999999999999
  70,30,20.199999999999999,37.500000000000000,17.823333333333299,39.299999999999997,20.289999999999999,36.560000000000002
  50, 0,21.699999999999999,35.789999999999999,18.000000000000000,40.789999999999999,21.789999999999999,35.289999999999999
  50, 0,20.699999999999999,37.700000000000003,17.600000000000001,41.560000000000002,23.033333333333299,36.626666666666701
 430, 0,19.100000000000001,34.833333333333300,18.890000000000001,33.590000000000003,19.460000000000001,35.993333333333297
  80,20,24.789999999999999,48.289999999999999,28.856666666666701,38.890000000000001,27.600000000000001,42.784285714285701
 140,20,20.890000000000001,48.323333333333302,20.600000000000001,43.566666666666698,21.000000000000000,42.759999999999998
  50, 0,23.100000000000001,47.289999999999999,23.289999999999999,44.899999999999999,24.600000000000001,41.789999999999999
 100,10,24.821818181818202,47.448636363636403,24.826126126126098,44.113573573573603,26.541363636363599,42.231818181818198
  60, 0,20.600000000000001,35.930000000000000,17.100000000000001,40.259999999999998,21.199999999999999,34.560000000000002
  40,20,20.000000000000000,37.863333333333301,17.699999999999999,39.789999999999999,20.199999999999999,38.729999999999997
  80, 0,20.566666666666698,36.193333333333300,18.096666666666700,39.756666666666703,21.149999999999999,34.545000000000002
  60, 0,22.100000000000001,40.826666666666704,19.289999999999999,44.963333333333303,23.500000000000000,38.060000000000002
  50, 0,21.390000000000001,40.500000000000000,19.289999999999999,41.163333333333298,21.000000000000000,40.530000000000001
  40, 0,22.289999999999999,46.000000000000000,21.289999999999999,45.590000000000003,23.199999999999999,45.899999999999999
  90,30,21.699999999999999,46.163333333333298,21.260000000000002,44.200000000000003,22.100000000000001,45.899999999999999
 120, 0,21.890000000000001,40.594999999999999,20.926666666666701,38.566666666666698,22.600000000000001,36.433333333333302
  50,10,21.289999999999999,39.090000000000003,18.289999999999999,43.326666666666704,22.199999999999999,37.933333333333302
  50, 0,21.890000000000001,40.090000000000003,18.500000000000000,45.090000000000003,23.890000000000001,38.590000000000003
  50,10,21.289999999999999,41.966666666666697,18.100000000000001,47.259999999999998,23.100000000000001,38.433333333333302
  50, 0,21.600000000000001,36.000000000000000,19.000000000000000,37.626666666666701,22.000000000000000,35.863333333333301
  30, 0,18.864999999999998,41.950000000000003,18.289999999999999,41.399999999999999,18.199999999999999,43.590000000000003
  70, 0,21.426666666666701,43.963333333333303,20.823333333333299,42.326666666666704,21.600000000000001,45.289999999999999
  40, 0,20.100000000000001,44.000000000000000,19.463333333333299,43.289999999999999,20.199999999999999,44.200000000000003
  70,10,21.789999999999999,41.759999999999998,19.289999999999999,45.060000000000002,23.000000000000000,39.259999999999998
  80, 0,23.289999999999999,38.363333333333301,20.730000000000000,40.259999999999998,23.199999999999999,38.590000000000003
  40, 0,21.856666666666701,47.766666666666701,21.533333333333299,44.259999999999998,21.890000000000001,44.521111111111097
  20, 0,19.666666666666700,37.966666666666697,17.100000000000001,41.000000000000000,21.000000000000000,37.590000000000003
  50, 0,20.199999999999999,39.626666666666701,17.856666666666701,41.530000000000001,21.000000000000000,40.590000000000003
  40, 0,21.600000000000001,40.966666666666697,19.699999999999999,41.090000000000003,21.000000000000000,40.500000000000000
 340, 0,25.533333333333299,49.593333333333298,25.468571428571401,45.881428571428600,26.171428571428599,45.337142857142901
 110, 0,23.199999999999999,41.563333333333297,21.890000000000001,39.359999999999999,27.066666666666698,37.100000000000001
 510, 0,20.890000000000001,40.560000000000002,19.500000000000000,39.590000000000003,22.260000000000002,42.899999999999999
 100, 0,22.666666666666700,57.496666666666698,21.289999999999999,56.026666666666699,24.890000000000001,40.490000000000002
  50,10,21.000000000000000,44.700000000000003,19.699999999999999,45.200000000000003,21.500000000000000,42.500000000000000
  50,10,21.600000000000001,35.700000000000003,17.856666666666701,40.663333333333298,21.789999999999999,35.229999999999997
  60,20,21.699999999999999,37.899999999999999,19.199999999999999,40.060000000000002,21.699999999999999,36.560000000000002
 310, 0,19.789999999999999,38.193333333333300,19.000000000000000,36.826666666666704,20.199999999999999,36.289999999999999
  40, 0,19.100000000000001,44.000000000000000,18.199999999999999,44.090000000000003,19.699999999999999,43.590000000000003
  60, 0,22.390000000000001,36.500000000000000,23.666666666666700,32.399999999999999,22.890000000000001,36.163333333333298
  80, 0,23.390000000000001,38.789999999999999,21.289999999999999,40.384285714285703,26.000000000000000,38.710000000000001
  70,20,21.963333333333299,44.626666666666701,21.390000000000001,42.789999999999999,21.606249999999999,45.406250000000000
  40, 0,17.289999999999999,42.789999999999999,16.390000000000001,43.000000000000000,17.699999999999999,40.933333333333302
 200, 0,26.033333333333299,41.560000000000002,26.289999999999999,38.090000000000003,29.199999999999999,37.095714285714301
  50, 0,23.699999999999999,39.030000000000001,22.789999999999999,39.126666666666701,21.199999999999999,43.289999999999999
  50,30,23.463333333333299,45.000000000000000,22.500000000000000,43.899999999999999,23.390000000000001,44.700000000000003
  50, 0,19.699999999999999,36.317500000000003,17.500000000000000,38.789999999999999,20.289999999999999,36.060000000000002
  60,20,20.289999999999999,36.566666666666698,18.890000000000001,36.229999999999997,19.937142857142899,36.985714285714302
  50, 0,22.000000000000000,41.200000000000003,19.199999999999999,44.500000000000000,24.390000000000001,39.899999999999999
  50, 0,20.533333333333299,37.590000000000003,17.426666666666701,41.729999999999997,23.000000000000000,36.700000000000003
  50, 0,21.500000000000000,37.090000000000003,18.699999999999999,40.399999999999999,22.890000000000001,37.200000000000003
 400, 0,19.000000000000000,35.200000000000003,16.926666666666701,36.700000000000003,19.390000000000001,35.430000000000000
  60, 0,22.500000000000000,43.700000000000003,20.699999999999999,44.326666666666704,23.199999999999999,40.590000000000003
  50, 0,21.199999999999999,42.399999999999999,20.230000000000000,41.933333333333302,20.426666666666701,44.626666666666701
  60, 0,20.133333333333301,35.700000000000003,18.000000000000000,37.590000000000003,20.000000000000000,37.652857142857101
  50, 0,21.666666666666700,41.966666666666697,19.166666666666700,43.933333333333302,22.789999999999999,39.560000000000002
  40, 0,20.199999999999999,46.560000000000002,19.566666666666698,44.700000000000003,20.289999999999999,45.560000000000002
  90, 0,22.000000000000000,40.333333333333300,21.730000000000000,38.663333333333298,22.289999999999999,38.700000000000003
  40, 0,20.699999999999999,36.729999999999997,17.856666666666701,40.060000000000002,20.100000000000001,36.663333333333298
  60, 0,21.500000000000000,35.399999999999999,18.199999999999999,39.289999999999999,23.390000000000001,35.663333333333298
 270,30,21.390000000000001,40.463333333333303,20.500000000000000,38.063333333333297,22.566666666666698,39.723333333333301
  50, 0,22.390000000000001,41.399999999999999,19.390000000000001,45.090000000000003,24.133333333333301,39.090000000000003
  50, 0,22.760000000000002,39.590000000000003,20.390000000000001,41.126666666666701,24.600000000000001,38.000000000000000
  90, 0,20.963333333333299,39.733333333333299,23.926666666666701,34.399999999999999,22.390000000000001,34.500000000000000
  70,30,21.699999999999999,38.289999999999999,20.066666666666698,38.723333333333301,20.890000000000001,38.399999999999999
  80, 0,21.789999999999999,40.359999999999999,20.289999999999999,41.229999999999997,21.199999999999999,40.433333333333302
  20, 0,21.230000000000000,37.090000000000003,18.390000000000001,40.200000000000003,21.500000000000000,36.590000000000003
  40, 0,20.390000000000001,35.500000000000000,17.823333333333299,37.530000000000001,20.963333333333299,36.000000000000000
  50, 0,21.356666666666701,42.289999999999999,20.500000000000000,41.700000000000003,20.260000000000002,44.259999999999998
 190, 0,24.500000000000000,53.663333333333298,23.323333333333299,53.833333333333300,27.856666666666701,47.433333333333302
  60, 0,25.000000000000000,39.399999999999999,22.500000000000000,41.399999999999999,25.289999999999999,33.979999999999997
  40, 0,20.356666666666701,43.530000000000001,19.500000000000000,43.090000000000003,20.289999999999999,44.399999999999999
  50, 0,22.323333333333299,38.789999999999999,19.600000000000001,42.000000000000000,22.289999999999999,37.899999999999999
  60,10,21.600000000000001,45.126666666666701,21.000000000000000,44.363333333333301,20.500000000000000,46.229999999999997
  20, 0,17.390000000000001,42.090000000000003,16.500000000000000,42.530000000000001,17.789999999999999,40.590000000000003
  80, 0,24.500000000000000,46.729999999999997,24.323333333333299,44.663333333333298,25.760000000000002,42.399999999999999
  50, 0,20.199999999999999,34.399999999999999,17.289999999999999,37.590000000000003,22.100000000000001,35.126666666666701
  60, 0,22.666666666666700,34.590000000000003,20.066666666666698,36.590000000000003,23.500000000000000,37.000000000000000
  60, 0,25.199999999999999,48.060000000000002,27.100000000000001,41.052857142857100,26.000000000000000,44.979999999999997
  80, 0,20.600000000000001,36.266666666666701,19.149999999999999,36.399999999999999,21.323333333333299,35.259999999999998
  80, 0,21.390000000000001,45.066666666666698,20.789999999999999,43.899999999999999,21.000000000000000,46.530000000000001
  80, 0,22.789999999999999,36.399999999999999,20.566666666666698,38.259999999999998,23.890000000000001,37.363333333333301
  80, 0,20.289999999999999,43.700000000000003,19.890000000000001,43.090000000000003,19.890000000000001,44.090000000000003
  50,20,21.600000000000001,43.530000000000001,20.289999999999999,44.289999999999999,21.500000000000000,42.363333333333301
  20,10,19.890000000000001,45.463333333333303,19.289999999999999,44.433333333333302,19.699999999999999,44.200000000000003
  60, 0,23.938961038961001,40.172987012987001,22.886493506493501,39.948051948051898,24.939740259740301,38.320129870129897
  40, 0,20.500000000000000,44.326666666666704,19.789999999999999,43.700000000000003,20.000000000000000,43.399999999999999
  30, 0,20.260000000000002,37.163333333333298,17.500000000000000,40.500000000000000,20.789999999999999,37.590000000000003
  50, 0,22.600000000000001,41.789999999999999,23.926666666666701,36.966666666666697,23.260000000000002,39.466666666666697
  90,20,22.100000000000001,41.789999999999999,21.199999999999999,41.466666666666697,21.600000000000001,43.363333333333301
 130,20,22.890000000000001,43.399999999999999,21.808571428571401,44.037142857142896,24.390000000000001,39.433333333333302
  80, 0,21.289999999999999,38.000000000000000,19.730000000000000,37.399999999999999,22.533333333333299,36.126666666666701
 490, 0,24.417272727272699,53.670545454545497,23.302702702702700,53.459909909909904,27.439454545454499,47.167272727272703
  50, 0,24.137662337662299,39.049220779220803,23.174610389610400,37.983116883116899,24.904415584415599,37.657792207792198
  90, 0,17.390000000000001,37.200000000000003,16.390000000000001,37.200000000000003,17.789999999999999,37.189999999999998
  50, 0,18.789999999999999,45.560000000000002,18.100000000000001,45.126666666666701,19.856666666666701,44.899999999999999
  50, 0,22.289999999999999,41.500000000000000,19.926666666666701,44.789999999999999,24.000000000000000,39.500000000000000
  60,10,24.100000000000001,48.266666666666701,23.166666666666700,47.826666666666704,25.463333333333299,42.700000000000003
  50, 0,23.000000000000000,40.966666666666697,22.366666666666699,42.193333333333300,24.289999999999999,38.433333333333302
  70,30,25.289999999999999,39.363333333333301,26.600000000000001,34.500000000000000,26.390000000000001,37.753999999999998
 100,20,21.426666666666701,38.000000000000000,19.390000000000001,40.033333333333303,21.789999999999999,37.663333333333298
  40, 0,21.289999999999999,37.560000000000002,18.390000000000001,39.966666666666697,21.100000000000001,37.789999999999999
  50, 0,20.100000000000001,36.590000000000003,18.199999999999999,37.229999999999997,20.463333333333299,37.259999999999998
  50, 0,21.789999999999999,38.700000000000003,19.000000000000000,42.500000000000000,22.390000000000001,38.200000000000003
  40, 0,19.600000000000001,37.700000000000003,17.390000000000001,40.000000000000000,20.100000000000001,37.289999999999999
  50, 0,20.390000000000001,36.899999999999999,17.289999999999999,40.863333333333301,20.199999999999999,37.045000000000002
 170,10,23.199999999999999,38.923333333333296,22.289999999999999,37.633333333333297,22.926666666666701,38.200000000000003
 110, 0,20.789999999999999,42.530000000000001,20.100000000000001,40.460000000000001,21.320000000000000,40.924999999999997
  30, 0,22.100000000000001,35.899999999999999,19.600000000000001,38.090000000000003,21.890000000000001,35.500000000000000
 110, 0,22.199999999999999,36.030000000000001,20.074999999999999,36.670000000000002,22.600000000000001,34.090000000000003
  90, 0,21.500000000000000,38.399999999999999,19.600000000000001,40.590000000000003,21.890000000000001,37.863333333333301
  40, 0,18.890000000000001,46.899999999999999,18.199999999999999,46.700000000000003,19.533333333333299,45.090000000000003
 210,30,19.390000000000001,41.590000000000003,18.890000000000001,40.399999999999999,19.289999999999999,42.163333333333298
  80, 0,21.500000000000000,35.200000000000003,18.463333333333299,38.700000000000003,22.600000000000001,34.626666666666701
 140,20,23.666666666666700,43.863333333333301,22.754000000000001,42.439999999999998,24.390000000000001,39.899999999999999
  80, 0,21.963333333333299,43.289999999999999,21.789999999999999,41.326666666666704,21.789999999999999,43.802222222222198
  40, 0,18.699999999999999,46.289999999999999,17.890000000000001,46.326666666666704,19.699999999999999,44.626666666666701
  50, 0,25.199999999999999,48.466666666666697,23.390000000000001,49.789999999999999,26.600000000000001,44.500000000000000
  50, 0,19.289999999999999,34.259999999999998,17.289999999999999,35.500000000000000,19.699999999999999,36.289999999999999
 100, 0,24.100000000000001,33.399999999999999,23.666666666666700,31.066666666666698,23.600000000000001,34.500000000000000
 130,10,21.100000000000001,44.266666666666701,20.699999999999999,41.899999999999999,20.926666666666701,42.466666666666697
  50, 0,22.000000000000000,39.090000000000003,19.289999999999999,42.899999999999999,22.890000000000001,39.000000000000000
  60, 0,19.789999999999999,46.000000000000000,19.199999999999999,45.000000000000000,19.789999999999999,44.789999999999999
  60, 0,19.000000000000000,36.899999999999999,16.789999999999999,39.399999999999999,19.533333333333299,38.560000000000002
 120, 0,23.566666666666698,47.659999999999997,21.890000000000001,47.663333333333298,25.364999999999998,40.672499999999999
 120, 0,21.199999999999999,39.066666666666698,21.000000000000000,36.259999999999998,21.600000000000001,37.626666666666701
  30, 0,21.390000000000001,36.060000000000002,19.600000000000001,36.729999999999997,21.289999999999999,36.000000000000000
  50, 0,21.289999999999999,41.645000000000003,23.666666666666700,35.633333333333297,22.033333333333299,36.859999999999999
  80, 0,24.500000000000000,37.090000000000003,22.237142857142899,38.481428571428602,23.926666666666701,31.523333333333301
 120, 0,21.533333333333299,37.766666666666701,19.763333333333300,38.700000000000003,23.533333333333299,38.596666666666700
  70, 0,24.789999999999999,47.289999999999999,23.000000000000000,49.134000000000000,26.600000000000001,43.500000000000000
  80,10,19.199999999999999,44.833333333333300,18.699999999999999,43.060000000000002,19.390000000000001,43.526666666666699
  60,10,23.323333333333299,38.289999999999999,21.771999999999998,37.718000000000004,24.289999999999999,36.090000000000003
 140,10,22.100000000000001,36.596666666666700,20.000000000000000,37.963333333333303,22.199999999999999,35.229999999999997
  30, 0,20.926666666666701,42.000000000000000,20.166666666666700,41.500000000000000,22.100000000000001,44.090000000000003
  50, 0,20.100000000000001,42.700000000000003,19.600000000000001,40.789999999999999,21.000000000000000,41.789999999999999
 100, 0,21.533333333333299,35.363333333333301,19.600000000000001,37.045000000000002,20.390000000000001,35.590000000000003
  80, 0,23.000000000000000,43.090000000000003,22.323333333333299,42.363333333333301,21.699999999999999,44.899999999999999
  50, 0,22.100000000000001,44.326666666666704,21.230000000000000,43.530000000000001,21.873333333333299,44.274999999999999
  60,10,21.066666666666698,38.759999999999998,18.789999999999999,39.789999999999999,21.000000000000000,39.899999999999999
  70, 0,22.199999999999999,34.000000000000000,20.600000000000001,34.090000000000003,20.699999999999999,35.663333333333298
 130,10,21.472500000000000,41.875000000000000,19.390000000000001,44.289999999999999,21.066666666666698,38.333333333333300
  40, 0,21.600000000000001,34.399999999999999,20.166666666666700,34.789999999999999,20.356666666666701,35.289999999999999
 350, 0,22.500000000000000,42.526666666666699,21.199999999999999,41.126666666666701,22.789999999999999,38.359999999999999
  50, 0,20.789999999999999,37.067500000000003,19.100000000000001,37.000000000000000,20.500000000000000,37.163333333333298
 100, 0,20.699999999999999,33.594999999999999,19.000000000000000,34.963333333333303,20.100000000000001,34.590000000000003
  50, 0,24.100000000000001,31.500000000000000,24.260000000000002,28.500000000000000,23.500000000000000,33.933333333333302
 100, 0,22.890000000000001,34.863333333333301,20.730000000000000,35.259999999999998,22.500000000000000,35.090000000000003
 100,30,20.633333333333301,39.966666666666697,18.289999999999999,41.526666666666699,20.199999999999999,38.060000000000002
  20, 0,17.289999999999999,43.200000000000003,16.356666666666701,43.289999999999999,17.699999999999999,41.200000000000003
 310,10,23.666666666666700,45.399999999999999,23.000000000000000,42.399999999999999,25.074999999999999,45.267499999999998
 240,10,22.100000000000001,34.430000000000000,20.100000000000001,33.359999999999999,23.633333333333301,35.890000000000001
  30, 0,19.730000000000000,37.200000000000003,19.000000000000000,36.789999999999999,18.600000000000001,38.289999999999999
 220, 0,20.100000000000001,45.693333333333300,19.199999999999999,43.899999999999999,20.000000000000000,44.789999999999999
  60, 0,22.699999999999999,37.433333333333302,21.699999999999999,37.289999999999999,22.890000000000001,37.863333333333301
  70,10,20.789999999999999,42.633333333333297,20.100000000000001,40.200000000000003,21.500000000000000,40.826666666666704
  40, 0,20.199999999999999,36.723333333333301,16.566666666666698,41.930000000000000,20.463333333333299,37.663333333333298
  50, 0,19.789999999999999,36.033333333333303,18.823333333333299,35.500000000000000,20.000000000000000,36.152857142857101
  70,10,21.600000000000001,36.500000000000000,18.699999999999999,39.933333333333302,22.600000000000001,36.289999999999999
  50, 0,22.789999999999999,39.590000000000003,20.251428571428601,42.152857142857101,24.789999999999999,37.420000000000002
  60,20,22.100000000000001,38.700000000000003,18.666666666666700,42.560000000000002,22.390000000000001,37.590000000000003
  70, 0,23.260000000000002,41.966666666666697,21.452857142857098,44.024285714285703,24.323333333333299,38.590000000000003
 330, 0,19.600000000000001,41.693333333333300,19.100000000000001,40.826666666666704,19.596666666666700,45.166666666666700
  30, 0,19.199999999999999,44.000000000000000,18.289999999999999,44.200000000000003,19.789999999999999,43.966666666666697
 100,20,21.500000000000000,41.000000000000000,19.789999999999999,41.026666666666699,20.823333333333299,41.156666666666702
  80, 0,24.600000000000001,32.259999999999998,22.289999999999999,32.561428571428600,24.000000000000000,33.590000000000003
 100,10,19.699999999999999,39.530000000000001,18.890000000000001,39.566666666666698,20.100000000000001,40.026666666666699
 260,30,23.500000000000000,48.490000000000002,22.230000000000000,47.530000000000001,26.263333333333300,40.399999999999999
  60, 0,23.963333333333299,47.899999999999999,21.633333333333301,50.729999999999997,25.730000000000000,43.000000000000000
 100,20,22.789999999999999,41.133333333333297,20.829999999999998,41.834000000000003,24.500000000000000,37.200000000000003
 110,40,20.199999999999999,40.530000000000001,18.390000000000001,41.126666666666701,21.000000000000000,39.729999999999997
  60, 0,21.890000000000001,37.596666666666700,23.600000000000001,32.289999999999999,22.390000000000001,36.229999999999997
 120, 0,22.289999999999999,42.799999999999997,21.890000000000001,40.663333333333298,22.500000000000000,41.966666666666697
  60, 0,18.390000000000001,38.663333333333298,17.600000000000001,38.590000000000003,18.600000000000001,40.200000000000003
 140,20,22.500000000000000,37.090000000000003,20.789999999999999,38.163333333333298,22.199999999999999,36.126666666666701
  90, 0,22.699999999999999,42.500000000000000,22.823333333333299,39.789999999999999,22.699999999999999,40.789999999999999
 830,10,17.600000000000001,38.090000000000003,16.960000000000001,38.030000000000001,17.789999999999999,37.390000000000001
  50, 0,21.289999999999999,38.950000000000003,18.890000000000001,42.399999999999999,22.100000000000001,37.289999999999999
  50, 0,20.033333333333299,35.289999999999999,19.500000000000000,34.399999999999999,20.000000000000000,35.530000000000001
  40, 0,19.600000000000001,39.000000000000000,18.625000000000000,37.320000000000000,20.100000000000001,35.897500000000001
  40, 0,21.600000000000001,42.590000000000003,20.823333333333299,41.933333333333302,22.522222222222201,43.789999999999999
  60, 0,21.600000000000001,38.729999999999997,18.699999999999999,41.899999999999999,22.500000000000000,39.000000000000000
  50, 0,23.230000000000000,40.656666666666702,21.332857142857101,41.777142857142898,24.789999999999999,39.289999999999999
  50, 0,22.000000000000000,41.200000000000003,19.260000000000002,44.560000000000002,24.390000000000001,39.789999999999999
 360,30,21.600000000000001,38.899999999999999,20.100000000000001,39.663333333333298,21.000000000000000,38.200000000000003
  80, 0,19.600000000000001,36.663333333333298,17.823333333333299,37.656666666666702,20.100000000000001,35.826666666666704
  70, 0,21.000000000000000,33.729999999999997,19.323333333333299,33.899999999999999,20.199999999999999,35.471428571428604
  40, 0,21.926666666666701,43.163333333333298,20.600000000000001,43.399999999999999,21.829999999999998,41.960000000000001
  40, 0,21.890000000000001,42.250000000000000,22.789999999999999,38.863333333333301,23.000000000000000,38.759999999999998
  90,20,20.789999999999999,41.259999999999998,20.000000000000000,39.966666666666697,21.000000000000000,42.296666666666702
  80,20,20.890000000000001,45.500000000000000,20.199999999999999,45.723333333333301,21.600000000000001,42.259999999999998
  50, 0,22.500000000000000,39.090000000000003,19.289999999999999,44.163333333333298,23.289999999999999,39.500000000000000
  60,20,21.472500000000000,41.542499999999997,20.823333333333299,42.893333333333302,22.760000000000002,38.090000000000003
  30, 0,20.000000000000000,38.200000000000003,17.566666666666698,41.000000000000000,21.000000000000000,37.229999999999997
  70, 0,19.789999999999999,36.899999999999999,18.726666666666699,37.956666666666699,19.890000000000001,36.526666666666699
  70, 0,22.100000000000001,34.363333333333301,20.199999999999999,35.399999999999999,20.890000000000001,36.090000000000003
  50,20,21.289999999999999,45.700000000000003,20.500000000000000,45.060000000000002,22.254999999999999,45.027222222222200
  50, 0,22.323333333333299,38.933333333333302,21.033333333333299,39.126666666666701,22.666666666666700,38.223333333333301
  70, 0,18.000000000000000,36.430000000000000,16.789999999999999,37.466666666666697,18.289999999999999,37.333333333333300
 100, 0,22.100000000000001,35.560000000000002,20.199999999999999,36.326666666666704,21.699999999999999,34.590000000000003
  70, 0,20.000000000000000,40.200000000000003,18.463333333333299,41.000000000000000,20.666666666666700,38.759999999999998
  30, 0,20.890000000000001,39.090000000000003,19.000000000000000,39.500000000000000,21.289999999999999,38.399999999999999
  70,20,20.699999999999999,36.933333333333302,18.500000000000000,40.000000000000000,21.890000000000001,34.500000000000000
  60, 0,21.699999999999999,40.200000000000003,18.789999999999999,44.363333333333301,22.500000000000000,38.289999999999999
  50, 0,21.699999999999999,37.399999999999999,18.649999999999999,41.244999999999997,22.100000000000001,36.899999999999999
  70,20,20.100000000000001,38.229999999999997,19.260000000000002,37.663333333333298,19.840000000000000,37.966666666666697
 190, 0,20.199999999999999,39.266666666666701,19.926666666666701,38.399999999999999,20.500000000000000,38.433333333333302
  60, 0,21.864999999999998,39.767499999999998,20.963333333333299,38.500000000000000,21.390000000000001,42.522500000000001
  90, 0,20.856666666666701,38.126666666666701,19.699999999999999,37.729999999999997,20.730000000000000,38.560000000000002
  60, 0,21.890000000000001,39.090000000000003,20.649999999999999,39.895000000000003,22.890000000000001,37.663333333333298
 110, 0,21.390000000000001,39.259999999999998,18.500000000000000,44.399999999999999,22.890000000000001,37.090000000000003
  50, 0,21.500000000000000,35.626666666666701,17.789999999999999,40.590000000000003,21.699999999999999,35.259999999999998
  40, 0,19.699999999999999,46.000000000000000,19.000000000000000,45.590000000000003,19.890000000000001,45.200000000000003
  60, 0,21.000000000000000,35.500000000000000,17.100000000000001,41.156666666666702,21.699999999999999,35.789999999999999
  80, 0,21.199999999999999,39.500000000000000,19.463333333333299,41.500000000000000,22.100000000000001,37.663333333333298
  80, 0,24.500000000000000,34.933333333333302,25.390000000000001,30.890000000000001,24.000000000000000,35.433333333333302
  80, 0,22.500000000000000,40.450000000000003,22.789999999999999,37.950000000000003,23.100000000000001,38.500000000000000
 120, 0,25.500000000000000,49.200000000000003,25.484285714285701,46.737142857142899,26.199999999999999,45.500000000000000
  60, 0,22.890000000000001,40.626666666666701,20.760000000000002,42.663333333333298,23.100000000000001,39.500000000000000
  70,20,21.926666666666701,39.899999999999999,20.390000000000001,39.863333333333301,20.390000000000001,39.759999999999998
  70, 0,23.100000000000001,42.933333333333302,22.500000000000000,41.963333333333303,21.699999999999999,44.789999999999999
  60, 0,20.789999999999999,36.899999999999999,17.426666666666701,41.000000000000000,20.699999999999999,37.530000000000001
  50, 0,20.767499999999998,43.590000000000003,19.390000000000001,44.590000000000003,21.890000000000001,42.200000000000003
  80, 0,24.890000000000001,51.566666666666698,23.566666666666698,51.590000000000003,26.100000000000001,45.863333333333301
  50,10,20.500000000000000,36.789999999999999,17.500000000000000,40.626666666666701,20.199999999999999,36.789999999999999
  80, 0,18.199999999999999,38.966666666666697,16.890000000000001,39.200000000000003,18.390000000000001,37.899999999999999
  50, 0,21.199999999999999,46.200000000000003,20.390000000000001,45.399999999999999,21.920555555555602,44.500000000000000
  90, 0,23.760000000000002,43.326666666666704,27.528571428571400,33.997142857142897,26.199999999999999,40.733333333333299
  40, 0,21.789999999999999,38.899999999999999,22.289999999999999,36.399999999999999,22.199999999999999,36.899999999999999
 100, 0,21.500000000000000,40.500000000000000,19.133333333333301,44.163333333333298,22.500000000000000,38.289999999999999
  50, 0,22.289999999999999,38.789999999999999,19.500000000000000,42.163333333333298,22.323333333333299,37.933333333333302
  60, 0,21.699999999999999,38.645000000000003,19.199999999999999,40.259999999999998,22.100000000000001,37.399999999999999
  60, 0,24.000000000000000,37.899999999999999,22.100000000000001,38.899999999999999,24.390000000000001,37.590000000000003
  50, 0,22.699999999999999,43.289999999999999,22.000000000000000,42.817500000000003,21.600000000000001,44.700000000000003
  60, 0,21.199999999999999,40.759999999999998,18.823333333333299,44.223333333333301,22.000000000000000,38.090000000000003
  80, 0,24.767272727272701,48.287545454545501,24.620720720720701,45.373753753753803,26.662454545454501,42.897272727272700
  60, 0,21.760000000000002,40.933333333333302,20.000000000000000,40.826666666666704,21.000000000000000,40.399999999999999
 100,10,19.390000000000001,36.759999999999998,16.890000000000001,39.789999999999999,19.789999999999999,36.700000000000003
 100, 0,19.890000000000001,49.496666666666698,18.699999999999999,34.226666666666702,18.426666666666701,38.433333333333302
  50, 0,22.000000000000000,38.700000000000003,19.856666666666701,39.000000000000000,22.100000000000001,37.289999999999999
  50, 0,20.789999999999999,46.200000000000003,20.100000000000001,44.530000000000001,20.125000000000000,45.424999999999997
  50, 0,24.500000000000000,38.433333333333302,23.390000000000001,37.229999999999997,26.289999999999999,38.090000000000003
  60, 0,24.890000000000001,47.433333333333302,22.699999999999999,49.399999999999999,26.600000000000001,43.700000000000003
 710,30,20.699999999999999,39.530000000000001,19.699999999999999,38.530000000000001,22.199999999999999,39.596666666666700
  90, 0,22.463333333333299,42.789999999999999,23.500000000000000,38.590000000000003,22.289999999999999,40.789999999999999
 130,20,21.890000000000001,38.090000000000003,20.356666666666701,36.399999999999999,22.500000000000000,36.163333333333298
  30, 0,19.699999999999999,46.060000000000002,18.890000000000001,45.899999999999999,19.890000000000001,45.200000000000003
 170,30,22.315000000000001,43.947499999999998,20.699999999999999,44.500000000000000,23.066666666666698,39.060000000000002
  50, 0,22.033333333333299,38.626666666666701,19.199999999999999,42.363333333333301,22.323333333333299,38.090000000000003
  50, 0,22.600000000000001,42.289999999999999,21.856666666666701,41.163333333333298,23.199999999999999,42.700000000000003
  50, 0,21.789999999999999,36.090000000000003,19.199999999999999,38.700000000000003,21.963333333333299,35.700000000000003
  60, 0,23.230000000000000,35.789999999999999,21.100000000000001,37.163333333333298,23.823333333333299,36.933333333333302
  40, 0,22.000000000000000,37.399999999999999,19.390000000000001,39.789999999999999,22.133333333333301,37.000000000000000
  80, 0,22.000000000000000,42.259999999999998,20.600000000000001,43.626666666666701,23.199999999999999,39.126666666666701
  70, 0,23.356666666666701,39.560000000000002,20.500000000000000,42.930000000000000,23.730000000000000,37.590000000000003
  50, 0,21.789999999999999,42.759999999999998,19.100000000000001,46.466666666666697,23.000000000000000,39.700000000000003
  50, 0,22.426666666666701,36.399999999999999,19.856666666666701,39.000000000000000,21.789999999999999,36.163333333333298
  80, 0,23.463333333333299,38.133333333333297,22.128571428571401,36.971428571428604,24.390000000000001,35.700000000000003
 110, 0,22.390000000000001,48.363333333333301,21.856666666666701,41.259999999999998,22.500000000000000,42.026666666666699
  40,10,20.133333333333301,39.626666666666701,17.890000000000001,41.359999999999999,20.699999999999999,39.326666666666704
 330, 0,22.000000000000000,42.363333333333301,21.230000000000000,42.600000000000001,23.789999999999999,38.759999999999998
  60, 0,21.500000000000000,41.899999999999999,18.926666666666701,44.163333333333298,22.789999999999999,39.466666666666697
  40, 0,19.100000000000001,38.899999999999999,17.390000000000001,40.826666666666704,20.600000000000001,38.090000000000003
  80, 0,22.890000000000001,41.590000000000003,20.818571428571399,43.557142857142900,24.699999999999999,40.126666666666701
  60, 0,21.199999999999999,36.090000000000003,18.390000000000001,39.030000000000001,22.100000000000001,36.590000000000003
  50, 0,22.100000000000001,41.500000000000000,19.600000000000001,44.289999999999999,24.289999999999999,39.590000000000003
  80, 0,23.500000000000000,38.030000000000001,22.297142857142902,33.498571428571402,24.348571428571400,35.325714285714298
 250,40,20.260000000000002,52.726666666666702,19.730000000000000,45.100000000000001,19.890000000000001,45.493333333333297
 120, 0,23.100000000000001,36.530000000000001,20.500000000000000,38.289999999999999,22.566666666666698,36.090000000000003
  40, 0,22.199999999999999,35.759999999999998,19.199999999999999,37.626666666666701,22.699999999999999,35.789999999999999
  60, 0,20.566666666666698,35.126666666666701,19.699999999999999,34.729999999999997,20.100000000000001,35.399999999999999
  50, 0,21.890000000000001,36.826666666666704,23.426666666666701,32.030000000000001,22.463333333333299,36.060000000000002
 100, 0,24.699999999999999,52.090000000000003,24.289999999999999,51.126666666666701,26.289999999999999,45.590000000000003
  40, 0,21.890000000000001,39.500000000000000,19.533333333333299,42.000000000000000,22.000000000000000,38.363333333333301
  60, 0,21.000000000000000,36.826666666666704,21.133333333333301,35.133333333333297,21.760000000000002,35.200000000000003
  70,10,21.600000000000001,36.399999999999999,18.699999999999999,39.594999999999999,22.699999999999999,36.399999999999999
  60, 0,21.500000000000000,36.899999999999999,19.100000000000001,39.759999999999998,22.533333333333299,35.789999999999999
  30, 0,19.000000000000000,34.859999999999999,16.890000000000001,36.333333333333300,19.533333333333299,35.626666666666701
  60, 0,24.199999999999999,38.060000000000002,22.500000000000000,38.663333333333298,24.600000000000001,37.789999999999999
  60, 0,20.699999999999999,36.090000000000003,21.960000000000001,34.123333333333299,21.600000000000001,34.530000000000001
  40, 0,19.730000000000000,36.156666666666702,17.789999999999999,36.933333333333302,20.100000000000001,38.200000000000003
  50, 0,21.600000000000001,42.090000000000003,20.823333333333299,41.229999999999997,20.789999999999999,44.590000000000003
  50, 0,20.500000000000000,40.000000000000000,17.133333333333301,46.200000000000003,20.890000000000001,38.200000000000003
  60, 0,24.730000000000000,38.789999999999999,23.426666666666701,38.229999999999997,25.600000000000001,38.399999999999999
  50, 0,22.000000000000000,38.200000000000003,19.500000000000000,41.289999999999999,22.963333333333299,38.200000000000003
  60,20,23.260000000000002,44.966666666666697,22.323333333333299,43.966666666666697,23.289999999999999,45.060000000000002
  40, 0,20.566666666666698,37.200000000000003,17.789999999999999,40.000000000000000,21.000000000000000,37.729999999999997
  60, 0,21.100000000000001,38.090000000000003,18.000000000000000,42.344999999999999,21.789999999999999,36.500000000000000
 140,30,21.699999999999999,43.533333333333303,20.500000000000000,39.466666666666697,21.000000000000000,41.200000000000003
  40,10,21.390000000000001,39.200000000000003,19.699999999999999,39.399999999999999,21.289999999999999,38.030000000000001
  60, 0,20.600000000000001,40.200000000000003,18.789999999999999,41.530000000000001,21.390000000000001,40.863333333333301
  50, 0,21.000000000000000,40.399999999999999,20.199999999999999,39.344999999999999,21.199999999999999,42.626666666666701
  40, 0,18.926666666666701,37.590000000000003,17.963333333333299,37.500000000000000,19.166666666666700,40.229999999999997
 630, 0,19.100000000000001,38.193333333333300,17.500000000000000,39.363333333333301,19.445000000000000,37.689999999999998
  70, 0,21.100000000000001,33.359999999999999,19.600000000000001,32.789999999999999,23.533333333333299,36.126666666666701
  20, 0,18.789999999999999,46.590000000000003,18.100000000000001,46.590000000000003,19.699999999999999,45.090000000000003
  80, 0,21.500000000000000,36.560000000000002,18.699999999999999,39.826666666666704,22.890000000000001,34.566666666666698
  40,10,22.500000000000000,41.590000000000003,20.426666666666701,43.759999999999998,23.500000000000000,39.933333333333302
 100, 0,24.839571428571400,46.573285714285703,25.100000000000001,42.545714285714297,26.415380952381000,41.524761904761903
  70,20,22.000000000000000,37.030000000000001,20.356666666666701,38.000000000000000,20.730000000000000,38.259999999999998
  60, 0,21.426666666666701,39.266666666666701,18.789999999999999,42.899999999999999,22.500000000000000,38.399999999999999
  60, 0,21.789999999999999,39.259999999999998,19.666666666666700,41.663333333333298,22.972500000000000,37.767499999999998
  90, 0,22.500000000000000,40.333333333333300,22.789999999999999,37.863333333333301,23.100000000000001,38.399999999999999
  40,10,19.199999999999999,36.899999999999999,17.000000000000000,39.500000000000000,19.699999999999999,38.729999999999997
  70, 0,20.426666666666701,40.229999999999997,18.699999999999999,41.530000000000001,21.426666666666701,40.729999999999997
  40, 0,19.533333333333299,43.000000000000000,18.808181818181801,42.700000000000003,19.789999999999999,44.530000000000001
  50,20,22.699999999999999,44.000000000000000,21.890000000000001,42.663333333333298,22.022222222222201,44.145000000000003
 370,10,21.730000000000000,50.633333333333297,21.566666666666698,42.696666666666701,23.100000000000001,37.399999999999999
 120, 0,19.890000000000001,37.500000000000000,18.390000000000001,36.399999999999999,20.390000000000001,35.789999999999999
 100, 0,22.699999999999999,39.899999999999999,21.890000000000001,39.590000000000003,22.039999999999999,40.134000000000000
  60, 0,25.100000000000001,39.030000000000001,27.426666666666701,31.963333333333299,26.171428571428599,38.399999999999999
  50, 0,20.789999999999999,36.966666666666697,21.260000000000002,35.663333333333298,21.856666666666701,35.090000000000003
  30, 0,17.390000000000001,42.200000000000003,16.500000000000000,42.626666666666701,17.789999999999999,40.663333333333298
  50, 0,23.699999999999999,40.289999999999999,26.133333333333301,33.466666666666697,24.390000000000001,37.590000000000003
  30, 0,19.500000000000000,37.590000000000003,17.323333333333299,39.963333333333303,20.199999999999999,35.789999999999999
  40, 0,20.890000000000001,44.259999999999998,20.100000000000001,44.000000000000000,21.699999999999999,44.363333333333301
  50, 0,21.699999999999999,36.500000000000000,19.890000000000001,38.399999999999999,22.760000000000002,34.200000000000003
  60, 0,21.000000000000000,43.560000000000002,20.390000000000001,41.200000000000003,20.789999999999999,42.200000000000003
  30, 0,20.890000000000001,36.966666666666697,20.823333333333299,36.000000000000000,21.789999999999999,35.090000000000003
  90, 0,25.260000000000002,48.000000000000000,27.100000000000001,41.200000000000003,26.000000000000000,44.899999999999999
  80, 0,23.890000000000001,41.433333333333302,23.079999999999998,40.018000000000001,24.421428571428599,38.257142857142902
  50, 0,23.787012987013000,41.032337662337703,22.666168831168800,41.450649350649300,24.966753246753200,38.826623376623402
  80,30,22.633333333333301,38.363333333333301,20.789999999999999,39.966666666666697,22.289999999999999,38.090000000000003
  60, 0,21.699999999999999,37.590000000000003,22.399999999999999,35.700000000000003,22.699999999999999,35.700000000000003
  70, 0,23.323333333333299,29.426666666666701,24.890000000000001,24.596666666666700,23.000000000000000,32.126666666666701
 170,10,22.963333333333299,40.863333333333301,20.600000000000001,40.693333333333300,22.789999999999999,37.500000000000000
 120, 0,23.500000000000000,37.533333333333303,22.699999999999999,35.509999999999998,24.390000000000001,35.928571428571402
  80, 0,22.390000000000001,37.200000000000003,20.199999999999999,39.000000000000000,23.500000000000000,37.899999999999999
  70, 0,22.100000000000001,34.433333333333302,20.289999999999999,35.500000000000000,20.890000000000001,36.126666666666701
 140, 0,21.100000000000001,33.693333333333300,20.033333333333299,31.696666666666701,21.500000000000000,34.596666666666700
  60, 0,22.390000000000001,39.090000000000003,19.760000000000002,41.126666666666701,24.890000000000001,37.200000000000003
 100, 0,21.166666666666700,36.100000000000001,20.000000000000000,34.926666666666698,20.633333333333301,36.433333333333302
  60,20,21.000000000000000,37.326666666666704,18.699999999999999,38.850000000000001,21.166666666666700,36.899999999999999
 100,10,22.699999999999999,40.090000000000003,19.500000000000000,42.566666666666698,22.963333333333299,34.859999999999999
  50, 0,24.230000000000000,39.200000000000003,23.623333333333299,39.066666666666698,26.100000000000001,37.259999999999998
  40, 0,21.199999999999999,38.289999999999999,18.533333333333299,41.399999999999999,23.199999999999999,36.289999999999999
  40, 0,19.199999999999999,37.700000000000003,17.100000000000001,40.000000000000000,20.133333333333301,37.590000000000003
  40, 0,20.390000000000001,35.090000000000003,17.000000000000000,39.826666666666704,20.390000000000001,37.000000000000000
 110,20,22.699999999999999,32.030000000000001,21.730000000000000,30.166666666666700,24.390000000000001,37.996666666666698
  50, 0,18.100000000000001,43.289999999999999,17.199999999999999,44.090000000000003,19.100000000000001,42.090000000000003
 350, 0,21.199999999999999,33.166666666666700,19.533333333333299,32.560000000000002,22.663333333333298,34.596666666666700
  30, 0,20.926666666666701,37.200000000000003,18.356666666666701,39.899999999999999,21.390000000000001,37.789999999999999
  60, 0,20.789999999999999,35.759999999999998,20.699999999999999,34.000000000000000,20.199999999999999,36.200000000000003
  70, 0,21.600000000000001,38.200000000000003,18.963333333333299,41.560000000000002,22.789999999999999,38.289999999999999
  70,20,21.199999999999999,39.700000000000003,18.856666666666701,43.200000000000003,22.000000000000000,38.000000000000000
 250, 0,26.199999999999999,43.500000000000000,27.133333333333301,38.200000000000003,28.520000000000000,39.475999999999999
  40, 0,19.789999999999999,43.759999999999998,19.199999999999999,43.289999999999999,20.000000000000000,44.663333333333298
  60, 0,21.100000000000001,41.000000000000000,20.289999999999999,40.326666666666704,21.199999999999999,42.259999999999998
  60, 0,20.566666666666698,41.126666666666701,18.789999999999999,41.200000000000003,20.199999999999999,41.700000000000003
  50,20,20.600000000000001,37.596666666666700,18.699999999999999,39.414285714285697,20.789999999999999,38.399999999999999
 120, 0,22.066666666666698,38.590000000000003,20.100000000000001,39.399999999999999,22.390000000000001,37.590000000000003
  80,20,19.699999999999999,40.899999999999999,19.033333333333299,38.229999999999997,21.133333333333301,39.723333333333301
  80, 0,18.890000000000001,35.363333333333301,17.320000000000000,36.497500000000002,19.390000000000001,35.399999999999999
  70, 0,20.199999999999999,44.363333333333301,19.390000000000001,44.163333333333298,20.500000000000000,44.229999999999997
  50, 0,22.199999999999999,42.126666666666701,20.000000000000000,45.126666666666701,23.699999999999999,40.200000000000003
  60, 0,22.199999999999999,42.430000000000000,20.289999999999999,44.693333333333300,23.289999999999999,39.796666666666702
  60, 0,23.000000000000000,41.466666666666697,21.260000000000002,42.590000000000003,23.000000000000000,39.500000000000000
  60, 0,24.789999999999999,38.700000000000003,22.100000000000001,40.979999999999997,24.666666666666700,33.000000000000000
 210, 0,20.890000000000001,37.229999999999997,19.390000000000001,37.899999999999999,21.699999999999999,35.000000000000000
  90, 0,22.066666666666698,45.030000000000001,19.699999999999999,48.930000000000000,25.199999999999999,40.926666666666698
  80,10,20.600000000000001,43.466666666666697,19.789999999999999,43.060000000000002,20.390000000000001,44.090000000000003
 100, 0,20.789999999999999,34.899999999999999,19.390000000000001,34.126666666666701,20.730000000000000,35.060000000000002
 120, 0,21.789999999999999,42.026666666666699,19.699999999999999,45.156666666666702,24.199999999999999,39.933333333333302
  50, 0,20.789999999999999,41.530000000000001,18.100000000000001,46.067500000000003,22.699999999999999,38.700000000000003
  70, 0,24.500000000000000,46.966666666666697,24.289999999999999,44.530000000000001,25.699999999999999,42.500000000000000
  50, 0,22.066666666666698,40.060000000000002,21.100000000000001,39.590000000000003,20.500000000000000,41.700000000000003
 120, 0,24.892285714285698,46.409142857142903,25.100000000000001,42.489523809523803,26.430190476190500,41.412380952380900
  50, 0,20.789999999999999,40.789999999999999,17.789999999999999,44.700000000000003,23.000000000000000,39.530000000000001
  60, 0,20.066666666666698,34.466666666666697,17.199999999999999,37.789999999999999,22.066666666666698,35.163333333333298
  60, 0,19.289999999999999,43.500000000000000,18.600000000000001,43.500000000000000,19.789999999999999,44.759999999999998
  90,10,21.600000000000001,47.256666666666703,19.789999999999999,44.466666666666697,21.890000000000001,37.799999999999997
  80, 0,21.390000000000001,35.789999999999999,19.289999999999999,37.700000000000003,22.760000000000002,34.289999999999999
  70, 0,21.000000000000000,40.729999999999997,20.463333333333299,41.266666666666701,22.100000000000001,38.090000000000003
  50, 0,22.500000000000000,41.590000000000003,20.100000000000001,44.700000000000003,23.890000000000001,39.399999999999999
  50, 0,24.890000000000001,47.789999999999999,22.890000000000001,49.399999999999999,26.666666666666700,43.899999999999999
  50, 0,24.100000000000001,34.566666666666698,21.456000000000000,35.789999999999999,24.000000000000000,34.899999999999999
  90,30,21.390000000000001,38.590000000000003,19.699999999999999,39.899999999999999,20.856666666666701,38.060000000000002
 100, 0,23.260000000000002,35.060000000000002,21.426666666666701,34.799999999999997,22.789999999999999,35.000000000000000
  40, 0,20.323333333333299,37.500000000000000,18.789999999999999,38.126666666666701,20.390000000000001,36.030000000000001
 110, 0,22.166666666666700,35.663333333333298,19.789999999999999,37.289999999999999,20.890000000000001,36.326666666666704
  60,10,22.175000000000001,40.567500000000003,20.289999999999999,38.030000000000001,22.100000000000001,37.090000000000003
  40, 0,20.100000000000001,41.590000000000003,18.356666666666701,41.463333333333303,20.100000000000001,40.729999999999997
  40, 0,20.890000000000001,40.789999999999999,18.000000000000000,45.200000000000003,23.100000000000001,39.789999999999999
  70, 0,21.500000000000000,38.289999999999999,18.789999999999999,41.700000000000003,22.699999999999999,38.200000000000003
 220, 0,22.633333333333301,41.500000000000000,22.600000000000001,38.530000000000001,23.323333333333299,39.200000000000003
  50, 0,19.760000000000002,35.789999999999999,17.666666666666700,37.863333333333301,19.956000000000000,37.920000000000002
  30, 0,21.199999999999999,35.560000000000002,18.289999999999999,38.200000000000003,22.100000000000001,35.933333333333302
 130,20,22.390000000000001,41.433333333333302,22.000000000000000,39.933333333333302,22.390000000000001,41.789999999999999
 120,20,22.390000000000001,42.096666666666700,20.773636363636399,40.700000000000003,20.890000000000001,40.500000000000000
 260, 0,21.289999999999999,41.326666666666704,18.823333333333299,45.526666666666699,22.500000000000000,38.399999999999999
  90,20,23.390000000000001,39.700000000000003,22.460000000000001,40.060000000000002,24.890000000000001,38.363333333333301
  40, 0,23.100000000000001,41.000000000000000,20.600000000000001,43.700000000000003,24.600000000000001,39.326666666666704
 250,30,22.500000000000000,39.289999999999999,20.890000000000001,39.433333333333302,20.890000000000001,40.259999999999998
 620, 0,21.666666666666700,56.393333333333302,21.066666666666698,41.799999999999997,21.699999999999999,45.166666666666700
  50, 0,21.289999999999999,38.560000000000002,17.699999999999999,43.899999999999999,22.289999999999999,37.000000000000000
 120,30,20.600000000000001,43.289999999999999,19.390000000000001,42.289999999999999,20.390000000000001,41.500000000000000
 120,20,21.100000000000001,42.733333333333299,19.260000000000002,43.899999999999999,21.789999999999999,36.200000000000003
  50,10,21.890000000000001,44.326666666666704,20.600000000000001,44.289999999999999,22.000000000000000,44.000000000000000
  40, 0,17.390000000000001,42.399999999999999,16.463333333333299,42.663333333333298,17.699999999999999,40.700000000000003
  80, 0,22.100000000000001,37.090000000000003,19.789999999999999,38.799999999999997,21.199999999999999,37.590000000000003
  50, 0,21.500000000000000,41.899999999999999,19.000000000000000,44.090000000000003,22.789999999999999,39.500000000000000
  50, 0,22.000000000000000,37.399999999999999,18.289999999999999,42.590000000000003,23.260000000000002,37.560000000000002
 100,10,20.600000000000001,33.789999999999999,18.699999999999999,34.590000000000003,20.100000000000001,35.200000000000003
  50, 0,21.699999999999999,35.289999999999999,18.289999999999999,39.090000000000003,23.289999999999999,35.090000000000003
  60, 0,22.533333333333299,37.729999999999997,18.917500000000000,41.975000000000001,23.289999999999999,37.500000000000000
 100, 0,22.230000000000000,41.060000000000002,21.566666666666698,40.299999999999997,22.600000000000001,38.500000000000000
  40, 0,22.033333333333299,36.030000000000001,18.600000000000001,40.259999999999998,22.100000000000001,35.500000000000000
 100, 0,22.500000000000000,45.863333333333301,21.666666666666700,43.590000000000003,25.533333333333299,40.590000000000003
  50, 0,20.100000000000001,37.363333333333301,17.100000000000001,40.433333333333302,20.100000000000001,37.899999999999999
  40, 0,18.789999999999999,45.000000000000000,18.100000000000001,44.966666666666697,19.890000000000001,45.289999999999999
 120, 0,20.963333333333299,35.000000000000000,19.390000000000001,35.090000000000003,21.100000000000001,34.060000000000002
  40, 0,22.289999999999999,40.200000000000003,21.356666666666701,39.560000000000002,20.699999999999999,41.899999999999999
  80,20,24.890000000000001,48.126666666666701,29.199999999999999,38.126666666666701,27.160000000000000,42.399999999999999
 140,10,16.890000000000001,44.363333333333301,16.199999999999999,44.289999999999999,17.390000000000001,42.200000000000003
  70,20,21.600000000000001,39.899999999999999,18.789999999999999,43.966666666666697,22.500000000000000,38.289999999999999
 100, 0,20.890000000000001,36.700000000000003,19.760000000000002,36.700000000000003,20.533333333333299,37.259999999999998
 310, 0,19.890000000000001,45.863333333333301,19.289999999999999,44.863333333333301,19.600000000000001,44.229999999999997
 400,20,19.426666666666701,39.163333333333298,19.000000000000000,37.859999999999999,19.566666666666698,40.600000000000001
 230,10,19.100000000000001,41.000000000000000,17.789999999999999,41.560000000000002,19.390000000000001,40.326666666666704
  60,20,21.000000000000000,37.399999999999999,18.600000000000001,39.266666666666701,21.100000000000001,36.899999999999999
  50, 0,21.133333333333301,39.090000000000003,19.323333333333299,39.200000000000003,21.199999999999999,38.090000000000003
 240,10,21.289999999999999,40.530000000000001,20.426666666666701,40.066666666666698,20.699999999999999,42.163333333333298
  50,10,19.390000000000001,39.859999999999999,17.789999999999999,39.766666666666701,20.000000000000000,39.363333333333301
  30, 0,19.699999999999999,37.789999999999999,17.500000000000000,40.000000000000000,20.100000000000001,37.090000000000003
 180, 0,21.289999999999999,43.126666666666701,20.600000000000001,42.000000000000000,22.199999999999999,41.500000000000000
  60,10,20.789999999999999,35.500000000000000,22.230000000000000,31.633333333333301,21.500000000000000,35.000000000000000
 250, 0,21.500000000000000,45.700000000000003,20.390000000000001,44.789999999999999,21.500000000000000,44.090000000000003
  40, 0,23.390000000000001,41.399999999999999,21.079999999999998,43.700000000000003,24.600000000000001,39.560000000000002
  70,20,20.133333333333301,35.590000000000003,17.600000000000001,37.863333333333301,20.840000000000000,36.145000000000003
  60, 0,21.000000000000000,36.789999999999999,20.890000000000001,35.500000000000000,21.789999999999999,35.200000000000003
  60,30,20.666666666666700,36.789999999999999,18.000000000000000,39.789999999999999,20.000000000000000,37.530000000000001
 720,10,23.000000000000000,43.833333333333300,22.260000000000002,40.759999999999998,26.242500000000000,38.897500000000001
  90, 0,20.926666666666701,35.863333333333301,19.697500000000002,36.267499999999998,20.059999999999999,36.460000000000001
  50, 0,21.100000000000001,35.397500000000001,19.463333333333299,36.590000000000003,19.890000000000001,36.576000000000001
  50, 0,21.500000000000000,38.000000000000000,22.600000000000001,35.789999999999999,21.890000000000001,36.590000000000003
 100, 0,24.453636363636399,53.111272727272699,23.439639639639601,52.619789789789799,27.358727272727300,46.723636363636402
 120, 0,22.100000000000001,38.060000000000002,21.260000000000002,36.560000000000002,22.100000000000001,39.229999999999997
  50, 0,22.100000000000001,37.090000000000003,21.289999999999999,36.433333333333302,22.100000000000001,36.289999999999999
  80, 0,24.885454545454500,46.469909090909098,25.065765765765800,42.643363363363399,26.400090909090899,41.455454545454501
  60, 0,22.199999999999999,40.826666666666704,19.000000000000000,46.090000000000003,24.066666666666698,39.060000000000002
  30, 0,22.699999999999999,39.899999999999999,20.566666666666698,41.933333333333302,22.760000000000002,39.399999999999999
 130,40,21.600000000000001,39.526666666666699,20.323333333333299,39.163333333333298,21.745000000000001,37.700000000000003
  50, 0,18.789999999999999,43.590000000000003,17.789999999999999,44.090000000000003,19.500000000000000,43.090000000000003
 120,10,23.390000000000001,40.056666666666700,24.289999999999999,36.030000000000001,24.926666666666701,38.326666666666704
  50,20,20.000000000000000,38.200000000000003,17.890000000000001,39.789999999999999,20.166666666666700,38.899999999999999
 120, 0,22.699999999999999,42.090000000000003,21.890000000000001,41.789999999999999,22.500000000000000,43.564999999999998
  80, 0,20.730000000000000,36.289999999999999,18.000000000000000,39.700000000000003,22.066666666666698,36.759999999999998
 360, 0,24.000000000000000,45.500000000000000,22.469999999999999,46.382857142857098,25.699999999999999,39.899999999999999
  40, 0,21.100000000000001,43.933333333333302,20.260000000000002,43.663333333333298,21.699999999999999,44.000000000000000
  60, 0,23.199999999999999,41.700000000000003,25.000000000000000,36.200000000000003,24.289999999999999,38.789999999999999
  60, 0,19.390000000000001,38.663333333333298,18.760000000000002,38.200000000000003,18.600000000000001,39.626666666666701
  90, 0,21.730000000000000,39.090000000000003,21.066666666666698,37.789999999999999,22.426666666666701,37.626666666666701
  40, 0,25.199999999999999,48.530000000000001,23.938888888888901,48.289999999999999,26.199999999999999,44.899999999999999
  50, 0,21.500000000000000,38.326666666666704,17.789999999999999,42.899999999999999,22.390000000000001,37.200000000000003
  50, 0,22.566666666666698,44.090000000000003,20.133333333333301,47.090000000000003,24.699999999999999,40.789999999999999
  50, 0,19.789999999999999,45.899999999999999,19.100000000000001,45.200000000000003,19.890000000000001,45.000000000000000
 100, 0,24.100000000000001,33.590000000000003,23.500000000000000,31.699999999999999,23.600000000000001,34.700000000000003
  80, 0,21.890000000000001,38.399999999999999,19.100000000000001,42.530000000000001,22.823333333333299,37.433333333333302
 140, 0,21.230000000000000,41.596666666666700,20.500000000000000,39.590000000000003,21.856666666666701,43.430000000000000
  60, 0,21.789999999999999,41.899999999999999,19.600000000000001,45.229999999999997,24.199999999999999,39.933333333333302
  60, 0,21.199999999999999,36.156666666666702,18.000000000000000,40.090000000000003,22.125000000000000,35.145000000000003
 110, 0,22.600000000000001,44.259999999999998,22.199999999999999,42.789999999999999,22.378888888888898,43.597222222222200
  50, 0,21.000000000000000,39.399999999999999,18.945000000000000,42.795000000000002,21.890000000000001,36.863333333333301
  50, 0,20.890000000000001,42.700000000000003,19.000000000000000,45.259999999999998,21.600000000000001,39.399999999999999
  70,10,21.000000000000000,36.966666666666697,17.926666666666701,41.296666666666702,22.199999999999999,34.530000000000001
  50,20,20.100000000000001,39.430000000000000,19.180000000000000,37.983333333333299,20.890000000000001,37.899999999999999
 120,20,22.390000000000001,40.930000000000000,21.133333333333301,38.433333333333302,22.390000000000001,37.090000000000003
 100, 0,23.000000000000000,52.926666666666698,21.890000000000001,40.799999999999997,22.264285714285698,41.764285714285698
  50, 0,24.533333333333299,39.200000000000003,27.600000000000001,33.000000000000000,26.133333333333301,37.200000000000003
  50, 0,20.666666666666700,35.363333333333301,17.100000000000001,39.789999999999999,20.289999999999999,36.899999999999999
  50, 0,25.000000000000000,47.863333333333301,22.890000000000001,49.399999999999999,26.633333333333301,44.000000000000000
 160, 0,22.033333333333299,41.456666666666699,20.789999999999999,40.990000000000002,24.030000000000001,37.893333333333302
  50, 0,20.926666666666701,37.000000000000000,21.289999999999999,35.229999999999997,21.730000000000000,35.090000000000003
 110,20,22.289999999999999,40.333333333333300,21.000000000000000,38.030000000000001,22.390000000000001,37.000000000000000
  60, 0,23.500000000000000,38.163333333333298,24.600000000000001,33.933333333333302,25.000000000000000,38.200000000000003
 100, 0,20.500000000000000,32.899999999999999,19.000000000000000,32.863333333333301,20.000000000000000,33.466666666666697
  30, 0,21.856666666666701,39.466666666666697,19.426666666666701,41.933333333333302,22.100000000000001,38.500000000000000
 470, 0,20.789999999999999,40.399999999999999,19.390000000000001,38.789999999999999,21.856666666666701,39.266666666666701
 140,30,20.500000000000000,42.560000000000002,19.963333333333299,41.500000000000000,20.500000000000000,43.390000000000001
  60, 0,21.100000000000001,35.500000000000000,17.289999999999999,40.700000000000003,21.600000000000001,35.399999999999999
  60, 0,22.000000000000000,38.200000000000003,19.199999999999999,41.399999999999999,24.600000000000001,37.289999999999999
  40, 0,19.289999999999999,37.030000000000001,17.100000000000001,39.700000000000003,19.789999999999999,38.966666666666697
  30, 0,20.890000000000001,36.899999999999999,20.699999999999999,36.163333333333298,21.789999999999999,35.030000000000001
  70,20,22.890000000000001,43.700000000000003,21.978000000000002,43.920000000000002,24.390000000000001,39.500000000000000
  50, 0,21.289999999999999,38.289999999999999,18.600000000000001,41.789999999999999,22.789999999999999,38.289999999999999
  30, 0,20.289999999999999,40.700000000000003,18.699999999999999,40.399999999999999,20.260000000000002,40.590000000000003
  50, 0,21.856666666666701,39.289999999999999,19.699999999999999,41.626666666666701,23.100000000000001,37.899999999999999
 200, 0,22.390000000000001,41.133333333333297,20.199999999999999,43.789999999999999,24.500000000000000,39.066666666666698
  60, 0,21.789999999999999,44.200000000000003,20.390000000000001,44.399999999999999,22.100000000000001,44.090000000000003
 100, 0,22.000000000000000,34.899999999999999,22.000000000000000,32.090000000000003,22.390000000000001,34.060000000000002
  30, 0,20.133333333333301,33.289999999999999,18.289999999999999,33.933333333333302,19.699999999999999,35.200000000000003
  90, 0,21.472500000000000,39.570000000000000,22.566666666666698,37.890000000000001,22.000000000000000,37.590000000000003
  80, 0,19.789999999999999,38.200000000000003,20.600000000000001,35.966666666666697,20.166666666666700,37.200000000000003
  50, 0,22.390000000000001,37.700000000000003,19.289999999999999,42.000000000000000,23.390000000000001,38.863333333333301
  60, 0,20.633333333333301,35.266666666666701,16.730000000000000,40.430000000000000,21.289999999999999,34.966666666666697
 110, 0,23.600000000000001,43.030000000000001,26.097999999999999,37.914000000000001,24.789999999999999,39.399999999999999
 240, 0,21.533333333333299,37.056666666666700,20.789999999999999,35.696666666666701,22.460000000000001,39.433333333333302
  50, 0,22.699999999999999,39.590000000000003,20.390000000000001,41.200000000000003,24.559999999999999,38.036000000000001
  40, 0,19.199999999999999,42.060000000000002,18.600000000000001,41.289999999999999,20.199999999999999,43.500000000000000
  50, 0,24.199999999999999,39.966666666666697,22.600000000000001,40.933333333333302,25.789999999999999,38.950000000000003
  60, 0,20.600000000000001,39.700000000000003,18.390000000000001,40.899999999999999,21.100000000000001,40.590000000000003
  30, 0,20.500000000000000,42.244999999999997,19.600000000000001,41.789999999999999,20.926666666666701,44.289999999999999
  70, 0,20.463333333333299,38.090000000000003,19.356666666666701,38.433333333333302,19.789999999999999,37.590000000000003
 100,10,22.789999999999999,34.729999999999997,20.699999999999999,35.289999999999999,22.500000000000000,35.200000000000003
  50, 0,22.890000000000001,39.289999999999999,20.873333333333299,39.590000000000003,24.375714285714299,37.500000000000000
  40, 0,18.600000000000001,38.560000000000002,16.699999999999999,41.064999999999998,20.125000000000000,37.722499999999997
  50, 0,20.500000000000000,34.030000000000001,17.890000000000001,36.530000000000001,22.289999999999999,35.200000000000003
  70, 0,21.500000000000000,36.663333333333298,24.426666666666701,31.826666666666700,22.500000000000000,34.789999999999999
 270, 0,22.890000000000001,36.663333333333298,22.699999999999999,34.466666666666697,27.289999999999999,38.500000000000000
  60, 0,21.789999999999999,38.359999999999999,21.357222222222202,37.444444444444400,20.649999999999999,40.045000000000002
  80,20,23.789999999999999,45.326666666666704,22.823333333333299,43.826666666666704,23.726666666666699,44.626666666666701
  50,10,21.390000000000001,35.700000000000003,19.289999999999999,37.626666666666701,21.289999999999999,34.863333333333301
  50, 0,20.600000000000001,40.090000000000003,18.890000000000001,41.500000000000000,20.699999999999999,38.700000000000003
 620, 0,22.699999999999999,41.723333333333301,22.426666666666701,39.000000000000000,23.289999999999999,39.200000000000003
  40, 0,19.760000000000002,37.259999999999998,17.390000000000001,39.789999999999999,20.100000000000001,38.966666666666697
  70, 0,21.199999999999999,38.789999999999999,18.500000000000000,42.899999999999999,22.000000000000000,36.899999999999999
  50, 0,24.390000000000001,48.090000000000003,22.166666666666700,50.399999999999999,26.289999999999999,45.000000000000000
 440, 0,23.100000000000001,48.666666666666700,22.289999999999999,44.626666666666701,26.500000000000000,40.266666666666701
  60,10,20.699999999999999,36.060000000000002,21.666666666666700,33.759999999999998,21.500000000000000,34.700000000000003
 100, 0,23.666666666666700,37.963333333333303,22.771999999999998,32.530000000000001,23.956000000000000,33.899999999999999
  50, 0,25.000000000000000,48.433333333333302,27.318571428571399,40.700000000000003,25.850000000000001,45.090000000000003
  60,20,22.230000000000000,40.289999999999999,20.000000000000000,41.700000000000003,22.789999999999999,38.500000000000000
  80, 0,22.356666666666701,45.066666666666698,22.000000000000000,41.163333333333298,23.050000000000001,38.645000000000003
  70, 0,23.390000000000001,39.100000000000001,21.225714285714300,40.321428571428598,25.934000000000001,38.159999999999997
  60, 0,23.000000000000000,41.950000000000003,21.426666666666701,42.729999999999997,23.000000000000000,39.500000000000000
 110, 0,21.699999999999999,44.433333333333302,19.890000000000001,44.163333333333298,22.000000000000000,38.229999999999997
  60, 0,22.500000000000000,36.000000000000000,19.524999999999999,38.372500000000002,23.600000000000001,34.590000000000003
  70, 0,19.890000000000001,35.200000000000003,16.566666666666698,40.090000000000003,20.000000000000000,36.399999999999999
  60, 0,21.289999999999999,37.863333333333301,19.390000000000001,39.663333333333298,21.789999999999999,36.700000000000003
 100, 0,21.100000000000001,38.933333333333302,18.666666666666700,41.259999999999998,20.390000000000001,37.933333333333302
  50, 0,21.289999999999999,36.090000000000003,19.289999999999999,37.399999999999999,20.890000000000001,38.289999999999999
  40, 0,21.356666666666701,42.933333333333302,20.500000000000000,42.966666666666697,21.600000000000001,43.700000000000003
  50,10,20.500000000000000,39.723333333333301,19.600000000000001,39.363333333333301,20.699999999999999,40.289999999999999
  50, 0,21.890000000000001,41.656666666666702,19.789999999999999,44.156666666666702,22.100000000000001,39.463333333333303
  90,20,22.390000000000001,42.000000000000000,21.600000000000001,41.090000000000003,21.699999999999999,43.000000000000000
  60, 0,25.600000000000001,46.700000000000003,26.100000000000001,43.090000000000003,26.289999999999999,43.500000000000000
 120,30,21.600000000000001,44.594999999999999,20.199999999999999,44.766666666666701,21.789999999999999,42.789999999999999
  70, 0,20.199999999999999,39.289999999999999,17.963333333333299,41.289999999999999,21.100000000000001,40.789999999999999
  70,20,21.926666666666701,34.700000000000003,19.699999999999999,36.326666666666704,21.666666666666700,34.933333333333302
  70, 0,21.500000000000000,38.500000000000000,19.260000000000002,40.466666666666697,23.289999999999999,36.000000000000000
 240, 0,21.789999999999999,32.766666666666701,19.856666666666701,31.760000000000002,22.763333333333300,36.500000000000000
  80, 0,24.699999999999999,40.700000000000003,23.100000000000001,39.899999999999999,25.199999999999999,38.700000000000003
  50, 0,25.100000000000001,43.560000000000002,23.633333333333301,44.289999999999999,26.754000000000001,40.200000000000003
 250, 0,24.000000000000000,42.560000000000002,26.829999999999998,34.356000000000002,26.530000000000001,40.333333333333300
  50,10,21.100000000000001,41.289999999999999,18.000000000000000,47.000000000000000,20.789999999999999,38.399999999999999
 240,10,22.600000000000001,42.789999999999999,21.323333333333299,41.759999999999998,21.890000000000001,44.700000000000003
 110,20,21.789999999999999,37.289999999999999,20.390000000000001,37.826666666666704,21.100000000000001,37.863333333333301
  50, 0,21.699999999999999,36.789999999999999,18.890000000000001,39.933333333333302,21.699999999999999,36.530000000000001
  60,20,20.100000000000001,38.823333333333302,19.100000000000001,38.426666666666698,19.823333333333299,38.126666666666701
  60, 0,21.100000000000001,40.700000000000003,19.566666666666698,42.326666666666704,21.789999999999999,38.229999999999997
 100,20,20.963333333333299,45.433333333333302,20.323333333333299,45.500000000000000,21.500000000000000,42.399999999999999
 360, 0,21.033333333333299,37.626666666666701,18.823333333333299,39.399999999999999,21.859999999999999,37.266666666666701
  50, 0,22.926666666666701,41.033333333333303,22.100000000000001,40.433333333333302,21.730000000000000,42.863333333333301
 560, 0,21.289999999999999,44.266666666666701,20.390000000000001,41.863333333333301,21.890000000000001,41.200000000000003
  20, 0,20.699999999999999,35.399999999999999,17.390000000000001,39.500000000000000,20.390000000000001,36.966666666666697
  40, 0,20.000000000000000,37.289999999999999,19.066666666666698,36.863333333333301,19.166666666666700,39.560000000000002
  20, 0,18.390000000000001,42.289999999999999,17.699999999999999,41.789999999999999,18.323333333333299,43.500000000000000
 100, 0,23.500000000000000,36.166666666666700,22.699999999999999,33.359999999999999,24.160000000000000,34.856000000000002
  50, 0,21.789999999999999,35.090000000000003,18.199999999999999,39.530000000000001,21.533333333333299,35.789999999999999
 480, 0,21.289999999999999,42.966666666666697,20.600000000000001,42.000000000000000,22.199999999999999,41.399999999999999
  50, 0,21.600000000000001,36.500000000000000,24.823333333333299,31.260000000000002,22.533333333333299,34.933333333333302
  50, 0,21.890000000000001,42.899999999999999,21.100000000000001,42.000000000000000,22.500000000000000,43.961111111111101
  90,10,19.566666666666698,44.500000000000000,19.323333333333299,40.663333333333298,21.789999999999999,45.393333333333302
  80, 0,23.100000000000001,48.060000000000002,23.129999999999999,47.796666666666702,24.789999999999999,42.430000000000000
 320, 0,20.566666666666698,39.933333333333302,19.960000000000001,40.659999999999997,21.826666666666700,40.700000000000003
  60, 0,20.633333333333301,37.090000000000003,20.066666666666698,36.826666666666704,21.500000000000000,36.289999999999999
  60, 0,21.926666666666701,38.296666666666702,20.600000000000001,37.500000000000000,24.356666666666701,35.526666666666699
  40, 0,22.390000000000001,33.966666666666697,20.500000000000000,34.530000000000001,23.000000000000000,36.000000000000000
  50, 0,22.166666666666700,38.433333333333302,19.000000000000000,42.759999999999998,23.166666666666700,38.399999999999999
  70, 0,21.100000000000001,46.090000000000003,19.890000000000001,46.700000000000003,21.767499999999998,42.844999999999999
 190,10,17.100000000000001,43.500000000000000,16.199999999999999,43.789999999999999,17.600000000000001,41.700000000000003
  60, 0,19.926666666666701,37.090000000000003,16.789999999999999,40.729999999999997,20.289999999999999,37.899999999999999
  60, 0,20.199999999999999,36.899999999999999,18.066666666666698,39.399999999999999,22.426666666666701,34.030000000000001
 140, 0,21.000000000000000,48.789999999999999,20.445000000000000,43.850000000000001,21.390000000000001,43.789999999999999
  30, 0,19.890000000000001,45.500000000000000,19.199999999999999,44.966666666666697,20.500000000000000,44.289999999999999
  80,20,22.699999999999999,43.633333333333297,21.356666666666701,43.399999999999999,23.033333333333299,40.700000000000003
  80, 0,22.500000000000000,35.590000000000003,23.823333333333299,30.890000000000001,22.890000000000001,35.433333333333302
  50, 0,19.199999999999999,45.826666666666704,18.500000000000000,45.200000000000003,19.699999999999999,44.500000000000000
  60, 0,24.703636363636399,49.266272727272700,24.381081081081099,46.843963963964001,26.803727272727301,43.673636363636398
 110, 0,19.267499999999998,43.267499999999998,18.890000000000001,42.359999999999999,17.789999999999999,43.899999999999999
  50,10,19.789999999999999,41.000000000000000,18.000000000000000,41.899999999999999,20.245000000000001,40.700000000000003
 110,20,21.500000000000000,41.100000000000001,20.000000000000000,40.689999999999998,20.890000000000001,41.030000000000001
 130,30,23.699999999999999,43.289999999999999,23.100000000000001,41.350000000000001,24.390000000000001,39.466666666666697
 170, 0,23.100000000000001,36.744999999999997,20.566666666666698,38.363333333333301,22.533333333333299,36.200000000000003
  50, 0,21.000000000000000,41.899999999999999,20.166666666666700,41.530000000000001,20.789999999999999,44.433333333333302
  50, 0,20.000000000000000,38.200000000000003,17.500000000000000,41.000000000000000,21.000000000000000,37.289999999999999
  90, 0,21.289999999999999,45.463333333333303,20.856666666666701,43.090000000000003,21.500000000000000,43.899999999999999
  70, 0,23.890000000000001,39.560000000000002,24.725714285714300,35.000000000000000,24.500000000000000,37.536000000000001
 220, 0,22.390000000000001,45.463333333333303,20.289999999999999,48.933333333333302,24.963333333333299,39.663333333333298
  90, 0,23.600000000000001,42.930000000000000,25.809999999999999,38.021428571428601,24.789999999999999,39.399999999999999
  50, 0,21.289999999999999,37.500000000000000,19.463333333333299,37.289999999999999,20.789999999999999,38.560000000000002
  50, 0,25.289999999999999,40.200000000000003,26.789999999999999,34.363333333333301,26.289999999999999,37.700000000000003
  50, 0,22.100000000000001,38.590000000000003,19.356666666666701,41.399999999999999,24.760000000000002,37.363333333333301
  30, 0,21.789999999999999,37.789999999999999,23.133333333333301,34.466666666666697,22.789999999999999,35.789999999999999
 120, 0,21.000000000000000,37.990000000000002,18.100000000000001,41.259999999999998,21.390000000000001,36.530000000000001
 160, 0,24.426666666666701,39.399999999999999,24.000000000000000,37.320000000000000,25.289999999999999,39.090000000000003
  50, 0,21.260000000000002,38.826666666666704,17.600000000000001,44.259999999999998,22.199999999999999,36.399999999999999
  50, 0,21.500000000000000,37.399999999999999,18.426666666666701,41.590000000000003,22.199999999999999,37.000000000000000
  30, 0,23.066666666666698,41.163333333333298,21.100000000000001,42.200000000000003,24.699999999999999,39.789999999999999
  40, 0,19.789999999999999,44.000000000000000,18.890000000000001,44.289999999999999,20.100000000000001,44.090000000000003
  60, 0,20.823333333333299,43.626666666666701,20.199999999999999,42.289999999999999,22.000000000000000,46.000000000000000
  70, 0,21.356666666666701,35.126666666666701,19.699999999999999,34.899999999999999,20.789999999999999,35.789999999999999
  60, 0,21.289999999999999,32.060000000000002,19.789999999999999,31.956666666666699,20.199999999999999,34.399999999999999
  70, 0,21.500000000000000,35.700000000000003,19.260000000000002,38.000000000000000,20.390000000000001,35.789999999999999
  30, 0,19.289999999999999,44.126666666666701,18.550000000000001,43.789999999999999,19.789999999999999,44.700000000000003
 260, 0,19.890000000000001,39.463333333333303,18.566666666666698,39.090000000000003,21.760000000000002,38.530000000000001
  50, 0,18.789999999999999,37.899999999999999,16.789999999999999,40.126666666666701,20.199999999999999,38.000000000000000
  50, 0,19.166666666666700,38.530000000000001,17.500000000000000,40.399999999999999,20.600000000000001,37.753999999999998
  50, 0,22.699999999999999,39.590000000000003,20.199999999999999,42.225714285714297,25.000000000000000,38.289999999999999
  50, 0,19.390000000000001,44.200000000000003,18.500000000000000,44.289999999999999,19.730000000000000,44.090000000000003
  40, 0,19.890000000000001,37.863333333333301,17.500000000000000,40.223333333333301,20.633333333333301,39.566666666666698
  60,20,19.789999999999999,46.895000000000003,19.175000000000001,45.195000000000000,20.100000000000001,45.289999999999999
  90,20,22.000000000000000,42.500000000000000,20.633333333333301,43.530000000000001,23.199999999999999,39.200000000000003
 110, 0,24.406493506493501,37.528831168831204,23.564415584415599,35.324675324675297,24.856623376623400,36.761688311688303
 100, 0,21.000000000000000,35.267499999999998,20.133333333333301,34.399999999999999,21.289999999999999,34.500000000000000
  60,30,22.600000000000001,34.626666666666701,19.500000000000000,37.722499999999997,21.500000000000000,35.326666666666704
  50, 0,19.550000000000001,38.950000000000003,18.100000000000001,39.259999999999998,19.789999999999999,40.500000000000000
  40, 0,20.390000000000001,37.863333333333301,18.600000000000001,39.000000000000000,20.600000000000001,38.000000000000000
  40, 0,20.699999999999999,36.289999999999999,17.199999999999999,40.399999999999999,22.100000000000001,36.090000000000003
  30,20,21.323333333333299,41.289999999999999,18.356666666666701,46.789999999999999,20.789999999999999,38.500000000000000
  60, 0,22.199999999999999,35.326666666666704,19.000000000000000,38.500000000000000,23.390000000000001,34.700000000000003
  50, 0,19.289999999999999,46.789999999999999,18.500000000000000,46.700000000000003,19.789999999999999,45.289999999999999
 110,10,21.289999999999999,39.314999999999998,19.289999999999999,39.173999999999999,21.789999999999999,36.899999999999999
 110, 0,21.600000000000001,35.363333333333301,19.500000000000000,37.126666666666701,20.500000000000000,35.700000000000003
  60,30,24.566666666666698,40.200000000000003,22.600000000000001,40.626666666666701,25.199999999999999,38.789999999999999
  80, 0,20.890000000000001,38.729999999999997,19.199999999999999,39.000000000000000,21.963333333333299,36.626666666666701
 330,20,21.666666666666700,45.826666666666704,21.226666666666699,40.890000000000001,23.100000000000001,37.200000000000003
 100, 0,22.323333333333299,44.966666666666697,21.533333333333299,43.789999999999999,21.500000000000000,43.859999999999999
 120, 0,25.033333333333299,31.430000000000000,24.100000000000001,29.318571428571399,24.460000000000001,32.359999999999999
 130,20,21.926666666666701,39.563333333333297,20.789999999999999,38.500000000000000,21.000000000000000,39.663333333333298
 100,20,21.390000000000001,41.850000000000001,19.730000000000000,41.560000000000002,20.789999999999999,41.433333333333302
  50, 0,20.356666666666701,36.899999999999999,17.245000000000001,40.899999999999999,20.199999999999999,37.090000000000003
  50, 0,21.199999999999999,38.126666666666701,19.133333333333301,38.759999999999998,20.890000000000001,39.500000000000000
  60, 0,20.199999999999999,43.530000000000001,19.199999999999999,43.700000000000003,20.390000000000001,44.590000000000003
 540,20,19.699999999999999,35.430000000000000,18.289999999999999,36.030000000000001,19.657142857142901,36.251428571428598
  50, 0,21.100000000000001,35.399999999999999,19.500000000000000,36.590000000000003,21.699999999999999,35.000000000000000
  60, 0,22.890000000000001,42.863333333333301,20.809999999999999,44.438000000000002,24.600000000000001,39.663333333333298
  60,10,20.600000000000001,35.259999999999998,17.596666666666700,38.933333333333302,21.600000000000001,34.590000000000003
  60, 0,22.789999999999999,32.729999999999997,22.890000000000001,30.260000000000002,22.390000000000001,35.700000000000003
  50, 0,23.024999999999999,42.475000000000001,22.390000000000001,41.259999999999998,23.500000000000000,42.789999999999999
  90,30,20.600000000000001,36.433333333333302,17.500000000000000,39.626666666666701,21.500000000000000,34.626666666666701
 130, 0,22.890000000000001,37.200000000000003,20.199999999999999,39.933333333333302,22.426666666666701,36.530000000000001
  70, 0,21.789999999999999,42.363333333333301,19.199999999999999,45.966666666666697,23.000000000000000,39.500000000000000
  70, 0,22.100000000000001,34.229999999999997,20.600000000000001,34.090000000000003,20.600000000000001,35.700000000000003
  70,10,23.289999999999999,34.363333333333301,24.390000000000001,29.566666666666698,23.100000000000001,33.789999999999999
 170, 0,26.100000000000001,45.156666666666702,27.633333333333301,38.766666666666701,28.277142857142898,40.611428571428597
  50, 0,22.199999999999999,39.590000000000003,20.289999999999999,41.500000000000000,23.199999999999999,37.789999999999999
  60, 0,20.926666666666701,37.700000000000003,18.066666666666698,41.156666666666702,21.890000000000001,36.326666666666704
  40, 0,20.000000000000000,43.700000000000003,19.463333333333299,43.259999999999998,19.890000000000001,44.590000000000003
 270, 0,24.323333333333299,42.723333333333301,24.600000000000001,39.700000000000003,28.066666666666698,38.933333333333302
 170,10,17.533333333333299,38.030000000000001,16.760000000000002,37.863333333333301,17.789999999999999,37.200000000000003
  60, 0,21.390000000000001,37.126666666666701,18.890000000000001,38.899999999999999,22.600000000000001,36.399999999999999
  40,10,20.000000000000000,39.560000000000002,18.730000000000000,37.933333333333302,20.289999999999999,37.500000000000000
 140, 0,21.926666666666701,34.899999999999999,20.416000000000000,32.390000000000001,21.663333333333298,37.966666666666697
 480,20,21.856666666666701,44.966666666666697,21.600000000000001,43.789999999999999,21.566666666666698,46.526666666666699
 220, 0,24.048857142857099,49.035428571428596,25.100000000000001,43.388571428571403,26.193238095238101,43.210476190476200
  80,20,24.000000000000000,43.759999999999998,21.600000000000001,46.826666666666704,25.199999999999999,40.796666666666702
  80, 0,21.890000000000001,40.789999999999999,21.260000000000002,40.466666666666697,20.789999999999999,42.145000000000003
  50, 0,21.260000000000002,35.789999999999999,18.260000000000002,38.759999999999998,20.100000000000001,36.326666666666704
 110,10,24.817272727272702,47.518545454545503,24.809009009008999,44.218588588588602,26.551454545454501,42.287272727272700
 440,10,19.260000000000002,39.596666666666700,18.926666666666701,38.060000000000002,19.730000000000000,41.530000000000001
 300, 0,21.699999999999999,42.359999999999999,20.823333333333299,40.789999999999999,22.309999999999999,43.909999999999997
 100,10,21.574999999999999,39.795000000000002,19.760000000000002,36.223333333333301,21.390000000000001,34.899999999999999
  60, 0,25.033333333333299,35.163333333333298,25.600000000000001,30.789999999999999,26.199999999999999,36.725714285714297
  50, 0,21.500000000000000,36.899999999999999,19.359999999999999,39.500000000000000,22.600000000000001,35.700000000000003
  50,10,22.199999999999999,36.163333333333298,18.789999999999999,40.066666666666698,22.199999999999999,35.466666666666697
  40,20,22.100000000000001,44.590000000000003,20.789999999999999,44.326666666666704,21.890000000000001,44.030000000000001
  70,20,25.000000000000000,44.700000000000003,23.066666666666698,44.933333333333302,25.699999999999999,41.789999999999999
  50,10,22.100000000000001,39.526666666666699,20.199999999999999,38.156666666666702,22.100000000000001,37.259999999999998
  80, 0,22.500000000000000,35.590000000000003,23.890000000000001,30.823333333333299,22.890000000000001,35.500000000000000
  40,10,21.600000000000001,45.333333333333300,21.100000000000001,44.293333333333301,21.289999999999999,45.200000000000003
 100, 0,21.000000000000000,34.826666666666704,19.856666666666701,34.200000000000003,21.289999999999999,34.466666666666697
  70, 0,22.633333333333301,38.933333333333302,21.066666666666698,39.663333333333298,22.600000000000001,37.789999999999999
  80, 0,22.000000000000000,42.229999999999997,20.500000000000000,43.700000000000003,23.199999999999999,39.090000000000003
  60, 0,22.600000000000001,38.326666666666704,21.699999999999999,38.229999999999997,22.926666666666701,38.200000000000003
 560, 0,21.000000000000000,38.899999999999999,19.289999999999999,40.200000000000003,21.699999999999999,37.200000000000003
 600,10,20.699999999999999,45.863333333333301,19.856666666666701,42.259999999999998,21.270000000000000,42.751111111111101
  60,30,20.100000000000001,35.750000000000000,17.600000000000001,36.897500000000001,20.500000000000000,38.626666666666701
 110,10,21.890000000000001,41.590000000000003,20.600000000000001,42.500000000000000,23.100000000000001,38.399999999999999
  80,20,21.390000000000001,41.126666666666701,19.356666666666701,44.433333333333302,22.789999999999999,38.000000000000000
  50, 0,22.199999999999999,39.222499999999997,25.856666666666701,32.060000000000002,23.199999999999999,37.626666666666701
  50, 0,20.666666666666700,36.223333333333301,17.100000000000001,40.590000000000003,22.066666666666698,36.200000000000003
 100,20,22.789999999999999,44.759999999999998,21.666666666666700,43.560000000000002,23.133333333333301,40.789999999999999
 230, 0,23.566666666666698,38.229999999999997,21.600000000000001,39.652857142857101,25.356000000000002,39.795999999999999
  40, 0,19.566666666666698,39.126666666666701,18.390000000000001,39.229999999999997,18.890000000000001,38.789999999999999
  70, 0,21.699999999999999,35.399999999999999,18.260000000000002,39.289999999999999,23.390000000000001,35.399999999999999
 140,20,22.260000000000002,44.363333333333301,21.699999999999999,43.000000000000000,21.699999999999999,44.930000000000000
 130, 0,21.600000000000001,39.466666666666697,18.760000000000002,43.326666666666704,22.289999999999999,38.000000000000000
  60, 0,20.000000000000000,37.163333333333298,16.945000000000000,40.590000000000003,20.199999999999999,37.899999999999999
  60, 0,21.100000000000001,39.590000000000003,18.500000000000000,43.399999999999999,22.289999999999999,39.000000000000000
  40, 0,22.289999999999999,43.433333333333302,21.566666666666698,43.090000000000003,21.789999999999999,44.700000000000003
  60, 0,22.500000000000000,41.289999999999999,22.890000000000001,38.126666666666701,23.289999999999999,39.200000000000003
 120, 0,25.390000000000001,37.226666666666702,25.426666666666701,34.556666666666700,25.356666666666701,36.259999999999998
  60,20,21.600000000000001,44.200000000000003,21.000000000000000,43.590000000000003,20.390000000000001,45.663333333333298
  50, 0,24.789999999999999,38.700000000000003,22.100000000000001,41.000000000000000,24.699999999999999,33.289999999999999
 120,20,22.199999999999999,39.430000000000000,20.289999999999999,41.060000000000002,21.789999999999999,36.530000000000001
 490, 0,22.890000000000001,41.390000000000001,22.390000000000001,38.266666666666701,23.199999999999999,38.289999999999999
  50, 0,18.789999999999999,41.899999999999999,18.199999999999999,41.399999999999999,18.199999999999999,43.590000000000003
 280, 0,20.566666666666698,43.000000000000000,18.789999999999999,44.126666666666701,21.356666666666701,41.863333333333301
  60, 0,25.133333333333301,36.789999999999999,26.289999999999999,31.500000000000000,26.199999999999999,37.700000000000003
  50, 0,20.890000000000001,41.899999999999999,19.100000000000001,44.500000000000000,21.566666666666698,38.966666666666697
  50, 0,22.199999999999999,35.700000000000003,19.289999999999999,38.126666666666701,23.289999999999999,37.200000000000003
  30, 0,21.533333333333299,37.030000000000001,18.789999999999999,40.163333333333298,22.699999999999999,36.000000000000000
 120,10,17.000000000000000,43.700000000000003,16.199999999999999,43.899999999999999,17.500000000000000,41.789999999999999
  50, 0,20.856666666666701,37.223333333333301,19.199999999999999,36.966666666666697,20.500000000000000,37.090000000000003
 110, 0,19.699999999999999,34.963333333333303,19.260000000000002,34.163333333333298,19.500000000000000,35.399999999999999
 130,20,23.500000000000000,34.933333333333302,22.937142857142899,32.969999999999999,24.289999999999999,34.875999999999998
  70,10,20.699999999999999,42.590000000000003,20.000000000000000,40.466666666666697,21.289999999999999,41.326666666666704
  40, 0,20.789999999999999,36.289999999999999,17.289999999999999,40.399999999999999,22.199999999999999,36.163333333333298
  60, 0,21.199999999999999,39.623333333333299,23.096666666666700,36.256666666666703,22.000000000000000,36.266666666666701
  60, 0,21.149999999999999,38.172499999999999,18.390000000000001,41.500000000000000,23.133333333333301,36.466666666666697
  80,10,20.890000000000001,44.363333333333301,20.100000000000001,44.000000000000000,21.699999999999999,44.289999999999999
  50,10,20.199999999999999,41.266666666666701,18.566666666666698,40.633333333333297,20.100000000000001,40.700000000000003
  40, 0,19.100000000000001,37.700000000000003,17.033333333333299,40.000000000000000,20.199999999999999,37.590000000000003
  70, 0,21.699999999999999,34.399999999999999,19.633333333333301,34.626666666666701,21.000000000000000,34.826666666666704
  50, 0,21.199999999999999,38.200000000000003,21.460000000000001,38.490000000000002,21.856666666666701,36.560000000000002
  60, 0,23.100000000000001,39.590000000000003,20.789999999999999,41.200000000000003,25.390000000000001,37.590000000000003
 100,10,22.730000000000000,46.859999999999999,21.789999999999999,40.359999999999999,22.066666666666698,43.123333333333299
  80, 0,22.890000000000001,40.863333333333301,20.500000000000000,43.437500000000000,24.600000000000001,37.253999999999998
  90,10,22.166666666666700,42.000000000000000,20.390000000000001,44.060000000000002,23.289999999999999,39.289999999999999
 350,20,23.500000000000000,45.000000000000000,22.600000000000001,43.789999999999999,23.500000000000000,44.700000000000003
  80, 0,21.000000000000000,44.950000000000003,20.390000000000001,43.590000000000003,21.600000000000001,43.700000000000003
  80,20,20.699999999999999,39.259999999999998,18.789999999999999,41.026666666666699,21.789999999999999,35.560000000000002
  20, 0,21.289999999999999,46.066666666666698,20.463333333333299,43.566666666666698,21.699999999999999,43.729999999999997
 110,30,20.600000000000001,36.700000000000003,19.199999999999999,36.463333333333303,20.789999999999999,36.899999999999999
  60, 0,22.289999999999999,35.590000000000003,19.463333333333299,37.966666666666697,23.289999999999999,37.200000000000003
  50, 0,22.100000000000001,35.289999999999999,18.600000000000001,39.026666666666699,21.524999999999999,35.700000000000003
 340, 0,23.260000000000002,38.163333333333298,26.699999999999999,30.390000000000001,23.789999999999999,36.789999999999999
  50, 0,21.600000000000001,35.326666666666704,18.789999999999999,37.930000000000000,20.600000000000001,36.590000000000003
  90, 0,21.789999999999999,42.500000000000000,19.500000000000000,46.000000000000000,23.730000000000000,40.090000000000003
  80, 0,21.500000000000000,37.229999999999997,20.500000000000000,37.156666666666702,24.600000000000001,38.359999999999999
  30, 0,20.823333333333299,35.289999999999999,17.500000000000000,38.590000000000003,21.500000000000000,35.200000000000003
  50, 0,19.390000000000001,37.060000000000002,17.100000000000001,39.789999999999999,19.890000000000001,39.172499999999999
  80, 0,22.000000000000000,36.363333333333301,20.133333333333301,37.500000000000000,22.699999999999999,34.289999999999999
  50, 0,22.926666666666701,39.700000000000003,20.500000000000000,41.700000000000003,25.199999999999999,37.590000000000003
 100,10,20.789999999999999,40.560000000000002,19.600000000000001,41.060000000000002,21.100000000000001,39.590000000000003
  30, 0,21.699999999999999,38.700000000000003,19.260000000000002,41.399999999999999,22.600000000000001,38.030000000000001
  50, 0,21.100000000000001,40.090000000000003,19.000000000000000,41.090000000000003,21.000000000000000,40.663333333333298
  40, 0,24.166666666666700,44.789999999999999,22.600000000000001,44.899999999999999,26.789999999999999,40.000000000000000
 100, 0,22.600000000000001,36.466666666666697,24.023333333333301,34.393333333333302,23.699999999999999,35.700000000000003
 690,10,22.066666666666698,41.700000000000003,21.789999999999999,39.899999999999999,21.100000000000001,42.229999999999997
  40, 0,19.699999999999999,46.000000000000000,18.890000000000001,45.789999999999999,19.890000000000001,45.200000000000003
  40, 0,22.166666666666700,42.200000000000003,19.963333333333299,45.326666666666704,23.699999999999999,40.090000000000003
  50, 0,22.699999999999999,37.863333333333301,19.699999999999999,41.545000000000002,23.289999999999999,38.789999999999999
  60, 0,22.789999999999999,36.289999999999999,20.500000000000000,38.289999999999999,23.890000000000001,37.363333333333301
 230,10,19.699999999999999,35.490000000000002,19.633333333333301,34.000000000000000,19.463333333333299,35.399999999999999
  40,10,19.823333333333299,46.863333333333301,19.199999999999999,45.363333333333301,20.199999999999999,45.289999999999999
  60,20,21.230000000000000,41.289999999999999,18.166666666666700,46.933333333333302,20.699999999999999,38.399999999999999
  80, 0,21.390000000000001,35.789999999999999,19.289999999999999,37.759999999999998,22.823333333333299,34.399999999999999
  70, 0,24.000000000000000,45.200000000000003,21.600000000000001,47.899999999999999,25.390000000000001,41.030000000000001
  90, 0,24.699999999999999,52.163333333333298,24.100000000000001,51.229999999999997,26.390000000000001,45.590000000000003
  50, 0,21.500000000000000,35.590000000000003,18.500000000000000,38.000000000000000,22.289999999999999,35.700000000000003
 100,10,20.289999999999999,41.223333333333301,18.789999999999999,41.450000000000003,20.500000000000000,39.663333333333298
  80, 0,22.199999999999999,38.163333333333298,20.100000000000001,40.090000000000003,23.000000000000000,36.789999999999999
 190, 0,24.890000000000001,47.289999999999999,22.736000000000001,49.500000000000000,26.356666666666701,43.126666666666701
  60, 0,21.390000000000001,38.200000000000003,19.000000000000000,40.530000000000001,23.199999999999999,35.966666666666697
  50, 0,21.500000000000000,40.590000000000003,19.000000000000000,43.966666666666697,22.823333333333299,38.626666666666701
  40, 0,22.323333333333299,38.826666666666704,19.289999999999999,43.759999999999998,23.289999999999999,39.289999999999999
  60, 0,22.699999999999999,39.590000000000003,20.199999999999999,42.200000000000003,24.911999999999999,38.200000000000003
  70, 0,24.390000000000001,36.289999999999999,22.699999999999999,36.820000000000000,24.323333333333299,32.863333333333301
 110,20,22.000000000000000,42.000000000000000,20.730000000000000,42.326666666666704,23.100000000000001,39.163333333333298
  70, 0,21.500000000000000,36.759999999999998,18.390000000000001,40.526666666666699,23.000000000000000,34.399999999999999
  50, 0,22.289999999999999,39.729999999999997,20.426666666666701,41.590000000000003,22.199999999999999,38.090000000000003
  60,20,21.390000000000001,42.363333333333301,19.699999999999999,42.759999999999998,21.100000000000001,41.289999999999999
  50, 0,19.463333333333299,37.663333333333298,17.289999999999999,40.000000000000000,20.100000000000001,37.289999999999999
  60, 0,23.600000000000001,44.530000000000001,23.100000000000001,42.536000000000001,24.600000000000001,40.759999999999998
 120, 0,22.100000000000001,38.590000000000003,20.199999999999999,39.289999999999999,22.390000000000001,37.530000000000001
 120,20,21.390000000000001,37.798571428571400,19.289999999999999,39.137142857142898,21.699999999999999,37.090000000000003
  50, 0,21.199999999999999,41.030000000000001,18.199999999999999,45.399999999999999,23.600000000000001,39.500000000000000
  40, 0,19.163333333333298,36.863333333333301,18.426666666666701,35.530000000000001,18.289999999999999,37.789999999999999
  50, 0,21.890000000000001,38.789999999999999,19.289999999999999,41.363333333333301,22.390000000000001,38.966666666666697
  60, 0,21.323333333333299,41.163333333333298,21.675000000000001,39.875000000000000,22.289999999999999,38.399999999999999
 110,10,21.463333333333299,45.100000000000001,21.289999999999999,43.090000000000003,22.199999999999999,40.126666666666701
  50, 0,19.600000000000001,41.133333333333297,17.722500000000000,42.200000000000003,20.199999999999999,40.560000000000002
  50, 0,22.000000000000000,39.560000000000002,25.730000000000000,32.899999999999999,23.133333333333301,37.590000000000003
  50, 0,19.100000000000001,39.200000000000003,17.823333333333299,39.200000000000003,18.890000000000001,39.060000000000002
  40, 0,23.100000000000001,34.590000000000003,20.890000000000001,35.663333333333298,23.500000000000000,36.560000000000002
  50, 0,24.199999999999999,40.289999999999999,21.890000000000001,41.759999999999998,25.390000000000001,39.433333333333302
  60, 0,22.600000000000001,39.289999999999999,19.500000000000000,44.200000000000003,23.356666666666701,39.500000000000000
  70, 0,22.500000000000000,44.430000000000000,21.533333333333299,42.590000000000003,21.963333333333299,44.555000000000000
  70,10,22.500000000000000,33.700000000000003,20.856666666666701,33.163333333333298,23.199999999999999,35.789999999999999
  90, 0,21.133333333333301,43.759999999999998,20.760000000000002,41.326666666666704,21.616666666666699,44.416666666666700
  60, 0,24.699999999999999,47.399999999999999,23.390000000000001,48.163333333333298,26.500000000000000,41.899999999999999
  80, 0,22.033333333333299,36.229999999999997,20.100000000000001,37.289999999999999,22.699999999999999,34.399999999999999
  50, 0,22.730000000000000,39.590000000000003,21.699999999999999,39.090000000000003,21.289999999999999,43.700000000000003
 130, 0,19.963333333333299,40.266666666666701,18.260000000000002,40.990000000000002,21.463333333333299,39.700000000000003
  50, 0,21.699999999999999,42.090000000000003,18.963333333333299,45.700000000000003,23.566666666666698,39.200000000000003
 260,20,21.390000000000001,38.933333333333302,19.963333333333299,38.526666666666699,21.000000000000000,38.000000000000000
  50, 0,19.500000000000000,44.759999999999998,18.699999999999999,44.244999999999997,19.890000000000001,44.663333333333298
  70, 0,20.699999999999999,36.766666666666701,20.199999999999999,36.030000000000001,21.390000000000001,35.729999999999997
  50, 0,21.000000000000000,36.560000000000002,18.323333333333299,39.759999999999998,20.100000000000001,36.530000000000001
 350, 0,23.666666666666700,42.156666666666702,22.199999999999999,38.789999999999999,23.789999999999999,38.700000000000003
  50, 0,22.100000000000001,39.326666666666704,19.600000000000001,42.363333333333301,23.199999999999999,39.789999999999999
  80, 0,20.100000000000001,43.700000000000003,19.666666666666700,43.163333333333298,19.890000000000001,44.433333333333302
 140, 0,21.289999999999999,40.399999999999999,19.133333333333301,44.430000000000000,22.890000000000001,37.289999999999999
  50, 0,24.890000000000001,47.500000000000000,22.921428571428599,49.121428571428602,26.600000000000001,44.590000000000003
  50, 0,21.000000000000000,41.090000000000003,18.100000000000001,44.700000000000003,23.000000000000000,39.466666666666697
 210,20,21.390000000000001,38.359999999999999,19.426666666666701,40.126666666666701,21.699999999999999,37.200000000000003
 430, 0,22.500000000000000,36.663333333333298,21.500000000000000,32.833333333333300,22.666666666666700,34.789999999999999
 140, 0,26.000000000000000,38.789999999999999,25.166666666666700,36.723333333333301,28.376000000000001,34.195999999999998
 380,20,19.566666666666698,40.156666666666702,18.649999999999999,40.289999999999999,20.463333333333299,41.430000000000000
  40, 0,20.000000000000000,44.789999999999999,19.390000000000001,44.259999999999998,19.699999999999999,44.030000000000001
  50, 0,20.699999999999999,37.200000000000003,17.890000000000001,40.030000000000001,21.100000000000001,37.700000000000003
  30, 0,21.533333333333299,36.200000000000003,18.260000000000002,38.700000000000003,22.600000000000001,36.000000000000000
  40,10,21.166666666666700,47.399999999999999,20.230000000000000,47.326666666666704,21.633333333333301,46.729999999999997
  50, 0,21.390000000000001,39.700000000000003,22.289999999999999,37.723333333333301,22.000000000000000,37.090000000000003
  60, 0,21.390000000000001,43.899999999999999,20.789999999999999,42.289999999999999,21.699999999999999,45.399999999999999
 100,10,22.600000000000001,42.859999999999999,21.390000000000001,41.700000000000003,21.906923076923100,44.700000000000003
 110, 0,23.066666666666698,34.930000000000000,23.289999999999999,32.090000000000003,23.000000000000000,35.363333333333301
  70, 0,20.323333333333299,36.596666666666700,18.890000000000001,36.030000000000001,19.937142857142899,36.899999999999999
 100, 0,22.166666666666700,36.259999999999998,20.100000000000001,38.060000000000002,22.199999999999999,35.090000000000003
 100, 0,20.133333333333301,41.399999999999999,18.500000000000000,41.126666666666701,20.100000000000001,40.729999999999997
  40, 0,19.230000000000000,37.399999999999999,18.199999999999999,37.289999999999999,19.100000000000001,40.060000000000002
  80, 0,21.390000000000001,42.633333333333297,18.926666666666701,46.863333333333301,23.260000000000002,40.463333333333303
 180,30,19.100000000000001,44.723333333333301,18.500000000000000,43.759999999999998,19.260000000000002,43.663333333333298
  60, 0,21.000000000000000,35.326666666666704,17.789999999999999,39.163333333333298,21.100000000000001,35.200000000000003
  60, 0,21.100000000000001,39.000000000000000,18.500000000000000,42.899999999999999,21.789999999999999,37.399999999999999
  50, 0,22.633333333333301,41.030000000000001,19.600000000000001,45.545000000000002,24.289999999999999,38.789999999999999
  90,10,21.699999999999999,36.000000000000000,21.289999999999999,33.833333333333300,22.390000000000001,34.863333333333301
  90,10,22.100000000000001,42.030000000000001,20.500000000000000,41.663333333333298,21.390000000000001,41.200000000000003
  60, 0,19.100000000000001,36.933333333333302,16.890000000000001,39.500000000000000,19.533333333333299,38.500000000000000
  70, 0,25.289999999999999,47.863333333333301,27.071428571428601,41.200000000000003,26.000000000000000,44.789999999999999
  90,10,21.600000000000001,42.163333333333298,22.666666666666700,39.566666666666698,22.890000000000001,38.590000000000003
 100,20,21.500000000000000,46.859999999999999,20.745000000000001,44.789999999999999,21.600000000000001,43.200000000000003
 120, 0,19.633333333333301,37.799999999999997,17.600000000000001,36.863333333333301,19.699999999999999,36.700000000000003
 590, 0,21.289999999999999,40.229999999999997,20.390000000000001,40.399999999999999,20.911999999999999,39.539999999999999
  50, 0,17.890000000000001,46.026666666666699,17.133333333333301,46.266666666666701,18.890000000000001,43.126666666666701
  90,20,19.390000000000001,39.060000000000002,17.856666666666701,40.789999999999999,19.823333333333299,37.433333333333302
  60, 0,22.823333333333299,35.000000000000000,20.699999999999999,35.759999999999998,22.890000000000001,36.090000000000003
  60, 0,24.100000000000001,47.700000000000003,22.066666666666698,50.200000000000003,25.390000000000001,42.590000000000003
  40, 0,20.356666666666701,38.229999999999997,18.323333333333299,39.560000000000002,21.000000000000000,40.000000000000000
 340, 0,20.774999999999999,38.796666666666702,19.699999999999999,38.145000000000003,20.699999999999999,38.090000000000003
  60, 0,20.789999999999999,38.289999999999999,19.100000000000001,39.826666666666704,21.890000000000001,35.326666666666704
  70, 0,19.500000000000000,36.500000000000000,16.633333333333301,39.866666666666703,19.730000000000000,36.133333333333297
  60, 0,21.000000000000000,37.229999999999997,17.699999999999999,42.066666666666698,22.199999999999999,34.590000000000003
 140,10,20.260000000000002,38.363333333333301,18.033333333333299,39.826666666666704,20.066666666666698,36.899999999999999
 330,20,19.500000000000000,41.600000000000001,19.000000000000000,40.399999999999999,19.199999999999999,42.259999999999998
  40, 0,20.963333333333299,36.789999999999999,20.356666666666701,35.963333333333303,21.789999999999999,35.090000000000003
  50, 0,21.199999999999999,36.289999999999999,17.789999999999999,39.899999999999999,22.356666666666701,36.126666666666701
  50, 0,23.789999999999999,35.090000000000003,20.764285714285698,37.321428571428598,24.199999999999999,35.590000000000003
  50, 0,21.789999999999999,34.729999999999997,19.760000000000002,35.399999999999999,21.230000000000000,35.200000000000003
  50, 0,19.000000000000000,46.000000000000000,18.390000000000001,45.560000000000002,19.699999999999999,44.700000000000003
  60, 0,21.600000000000001,35.926666666666698,18.789999999999999,38.496666666666698,22.856666666666701,36.899999999999999
 110, 0,21.500000000000000,40.500000000000000,19.000000000000000,44.090000000000003,22.500000000000000,38.289999999999999
  50, 0,24.100000000000001,43.399999999999999,22.066666666666698,45.789999999999999,24.890000000000001,40.259999999999998
 200,20,21.666666666666700,36.600000000000001,19.890000000000001,37.466666666666697,22.100000000000001,34.590000000000003
  50, 0,21.289999999999999,39.399999999999999,17.789999999999999,44.626666666666701,23.323333333333299,38.000000000000000
  20,10,20.100000000000001,40.399999999999999,19.074999999999999,38.450000000000003,20.390000000000001,37.172499999999999
  60,10,22.000000000000000,36.259999999999998,20.100000000000001,37.500000000000000,22.633333333333301,34.229999999999997
 130, 0,20.963333333333299,39.466666666666697,18.533333333333299,39.229999999999997,21.600000000000001,35.430000000000000
  50, 0,21.356666666666701,39.289999999999999,19.600000000000001,39.289999999999999,21.199999999999999,38.000000000000000
  50, 0,21.100000000000001,39.590000000000003,18.199999999999999,43.899999999999999,22.390000000000001,38.899999999999999
 190,10,21.890000000000001,35.430000000000000,21.100000000000001,34.659999999999997,24.100000000000001,34.399999999999999
  50,20,22.600000000000001,44.000000000000000,21.789999999999999,42.700000000000003,22.000000000000000,44.151111111111099
 340, 0,19.926666666666701,37.259999999999998,18.100000000000001,37.899999999999999,21.393333333333299,38.966666666666697
  50, 0,21.500000000000000,40.966666666666697,22.000000000000000,38.966666666666697,22.289999999999999,38.399999999999999
  70, 0,23.500000000000000,44.289999999999999,22.818571428571399,42.899999999999999,24.390000000000001,40.626666666666701
  50, 0,20.963333333333299,39.399999999999999,18.730000000000000,42.899999999999999,21.789999999999999,37.433333333333302
 250, 0,23.363571428571401,51.169285714285699,25.100000000000001,44.119047619047599,26.000714285714299,44.671428571428599
  50, 0,22.199999999999999,36.590000000000003,19.390000000000001,39.424999999999997,21.789999999999999,36.363333333333301
  80, 0,22.533333333333299,36.200000000000003,20.289999999999999,38.626666666666701,22.000000000000000,35.899999999999999
  70,20,21.500000000000000,38.399999999999999,20.600000000000001,37.789999999999999,20.699999999999999,41.424999999999997
  60, 0,20.500000000000000,35.200000000000003,17.133333333333301,39.729999999999997,20.390000000000001,37.000000000000000
  20, 0,19.100000000000001,42.090000000000003,18.500000000000000,41.289999999999999,19.289999999999999,43.126666666666701
  40, 0,17.823333333333299,40.530000000000001,16.789999999999999,41.090000000000003,18.100000000000001,40.000000000000000
 310, 0,23.390000000000001,38.659999999999997,22.699999999999999,32.030000000000001,23.289999999999999,36.490000000000002
 120,20,22.600000000000001,37.933333333333302,20.100000000000001,38.193333333333300,23.926666666666701,36.359999999999999
  40,10,22.699999999999999,39.530000000000001,21.000000000000000,40.933333333333302,22.199999999999999,38.399999999999999
  60, 0,20.000000000000000,37.090000000000003,18.390000000000001,37.060000000000002,20.390000000000001,35.789999999999999
  50, 0,21.699999999999999,41.030000000000001,19.856666666666701,40.966666666666697,21.000000000000000,40.500000000000000
  60, 0,19.890000000000001,38.500000000000000,18.289999999999999,37.663333333333298,20.199999999999999,37.066666666666698
 130, 0,23.066666666666698,44.366666666666703,22.390000000000001,41.723333333333301,21.789999999999999,45.156666666666702
 110,30,22.024999999999999,51.625000000000000,21.633333333333301,45.833333333333300,22.100000000000001,46.789999999999999
  70, 0,17.500000000000000,36.433333333333302,16.500000000000000,36.700000000000003,18.000000000000000,37.530000000000001
  60,20,22.356666666666701,37.289999999999999,19.963333333333299,39.590000000000003,21.823333333333299,36.530000000000001
  60, 0,22.100000000000001,34.590000000000003,19.890000000000001,36.126666666666701,22.699999999999999,36.200000000000003
  20,10,18.963333333333299,39.933333333333302,17.390000000000001,40.560000000000002,19.390000000000001,39.863333333333301
 110, 0,24.699999999999999,52.545000000000002,23.963333333333299,52.000000000000000,26.600000000000001,45.289999999999999
 120, 0,22.500000000000000,42.663333333333298,22.289999999999999,40.526666666666699,22.500000000000000,40.590000000000003
  80, 0,20.600000000000001,42.399999999999999,19.890000000000001,40.530000000000001,21.000000000000000,40.433333333333302
  50,10,21.289999999999999,47.229999999999997,20.390000000000001,47.200000000000003,21.600000000000001,46.700000000000003
  80, 0,22.323333333333299,36.399999999999999,20.100000000000001,38.826666666666704,21.823333333333299,35.899999999999999
  50, 0,22.699999999999999,38.000000000000000,19.199999999999999,42.200000000000003,23.289999999999999,37.500000000000000
 640, 0,21.789999999999999,42.729999999999997,19.500000000000000,46.156666666666702,23.730000000000000,40.090000000000003
  80, 0,22.199999999999999,40.229999999999997,21.289999999999999,40.200000000000003,22.100000000000001,40.036000000000001
 310, 0,20.000000000000000,38.899999999999999,18.356666666666701,39.729999999999997,20.666666666666700,37.289999999999999
 620,20,20.533333333333299,44.566666666666698,20.199999999999999,41.030000000000001,20.789999999999999,41.200000000000003
  60, 0,22.100000000000001,44.590000000000003,21.033333333333299,44.899999999999999,22.890000000000001,42.022500000000001
  70, 0,24.890000000000001,48.966666666666697,27.500000000000000,40.899999999999999,25.718000000000000,45.713999999999999
  80, 0,23.500000000000000,33.700000000000003,22.133333333333301,32.863333333333301,23.100000000000001,35.363333333333301
  70, 0,22.260000000000002,33.759999999999998,20.500000000000000,34.289999999999999,20.699999999999999,35.433333333333302
  30, 0,20.260000000000002,35.700000000000003,18.100000000000001,37.700000000000003,20.039999999999999,37.536000000000001
  40, 0,19.890000000000001,36.899999999999999,17.000000000000000,40.560000000000002,20.289999999999999,37.344999999999999
 590, 0,21.390000000000001,38.126666666666701,19.199999999999999,40.229999999999997,22.600000000000001,36.545000000000002
  80, 0,22.390000000000001,36.326666666666704,20.199999999999999,38.789999999999999,21.823333333333299,35.826666666666704
 260, 0,23.633333333333301,40.490000000000002,22.000000000000000,39.359999999999999,23.789999999999999,39.090000000000003
 100,10,23.199999999999999,43.633333333333297,22.699999999999999,42.656666666666702,21.890000000000001,44.863333333333301
  50, 0,20.600000000000001,36.500000000000000,17.500000000000000,40.500000000000000,21.600000000000001,35.000000000000000
  20, 0,19.199999999999999,44.000000000000000,18.289999999999999,44.200000000000003,19.730000000000000,43.789999999999999
  90, 0,21.390000000000001,43.756666666666703,19.500000000000000,39.396666666666697,21.323333333333299,38.560000000000002
  40, 0,21.390000000000001,37.500000000000000,19.666666666666700,37.163333333333298,20.789999999999999,38.500000000000000
  50, 0,22.100000000000001,39.399999999999999,19.699999999999999,42.399999999999999,23.199999999999999,39.789999999999999
  50, 0,23.600000000000001,40.289999999999999,26.260000000000002,33.229999999999997,24.315000000000001,37.590000000000003
  50,10,22.199999999999999,44.700000000000003,21.166666666666700,44.789999999999999,22.823333333333299,42.030000000000001
  20,10,21.199999999999999,47.289999999999999,20.289999999999999,47.399999999999999,21.600000000000001,46.789999999999999
  60, 0,21.890000000000001,40.126666666666701,23.699999999999999,35.729999999999997,22.500000000000000,38.700000000000003
 130,20,22.699999999999999,42.633333333333297,21.760000000000002,41.000000000000000,21.926666666666701,43.399999999999999
  90,10,21.566666666666698,35.399999999999999,19.600000000000001,37.000000000000000,20.390000000000001,35.590000000000003
 120, 0,25.600000000000001,48.859999999999999,25.100000000000001,46.554000000000002,26.199999999999999,45.289999999999999
  80, 0,23.789999999999999,44.933333333333302,23.533333333333299,40.633333333333297,24.726666666666699,43.466666666666697
  50, 0,21.699999999999999,35.399999999999999,18.289999999999999,39.289999999999999,23.364999999999998,35.295000000000002
 110,10,22.625000000000000,43.524999999999999,22.500000000000000,40.833333333333300,25.890000000000001,39.500000000000000
 330, 0,20.166666666666700,38.026666666666699,16.699999999999999,42.494999999999997,20.390000000000001,37.399999999999999
 240, 0,24.666666666666700,46.996666666666698,24.289999999999999,43.633333333333297,25.789999999999999,42.000000000000000
 100, 0,21.100000000000001,41.326666666666704,20.566666666666698,42.133333333333297,22.289999999999999,38.399999999999999
  60, 0,22.100000000000001,43.863333333333301,19.533333333333299,47.590000000000003,24.699999999999999,41.000000000000000
  60, 0,21.289999999999999,46.326666666666704,20.390000000000001,45.399999999999999,21.945000000000000,44.500000000000000
 110, 0,21.571428571428601,37.090000000000003,19.289999999999999,39.168571428571397,21.528571428571400,36.852857142857097
  60,10,21.600000000000001,35.399999999999999,18.699999999999999,37.466666666666697,21.390000000000001,34.933333333333302
 290, 0,21.199999999999999,42.333333333333300,20.500000000000000,39.296666666666702,22.356666666666701,44.530000000000001
 100, 0,23.199999999999999,42.433333333333302,23.066666666666698,41.000000000000000,23.600000000000001,39.359999999999999
  60, 0,21.390000000000001,37.759999999999998,18.364999999999998,42.722499999999997,23.199999999999999,37.399999999999999
  50, 0,20.767499999999998,40.090000000000003,19.100000000000001,41.500000000000000,20.600000000000001,38.590000000000003
  40, 0,21.000000000000000,43.700000000000003,20.289999999999999,42.966666666666697,20.633333333333301,44.433333333333302
  50, 0,20.699999999999999,37.090000000000003,20.430000000000000,37.763333333333300,21.890000000000001,35.090000000000003
 490, 0,21.000000000000000,37.833333333333300,18.760000000000002,39.729999999999997,21.600000000000001,35.590000000000003
  90, 0,22.000000000000000,42.229999999999997,20.500000000000000,43.700000000000003,23.199999999999999,39.090000000000003
  20, 0,21.500000000000000,45.000000000000000,20.856666666666701,44.363333333333301,22.289999999999999,45.000000000000000
 300, 0,20.289999999999999,40.266666666666701,19.600000000000001,38.289999999999999,21.226666666666699,41.289999999999999
  40, 0,20.289999999999999,37.126666666666701,19.463333333333299,36.700000000000003,19.426666666666701,39.933333333333302
  50, 0,18.890000000000001,39.000000000000000,17.500000000000000,39.399999999999999,19.000000000000000,39.289999999999999
  50, 0,22.600000000000001,37.399999999999999,19.666666666666700,40.289999999999999,22.289999999999999,36.700000000000003
 120, 0,23.100000000000001,38.590000000000003,22.500000000000000,36.626666666666701,23.100000000000001,36.789999999999999
  40, 0,22.000000000000000,43.663333333333298,21.289999999999999,43.466666666666697,22.000000000000000,44.899999999999999
 190,30,22.100000000000001,50.166666666666700,21.699999999999999,45.566666666666698,22.100000000000001,46.789999999999999
  50, 0,20.633333333333301,37.126666666666701,17.890000000000001,40.090000000000003,21.100000000000001,37.700000000000003
  60, 0,25.230000000000000,48.500000000000000,23.500000000000000,49.725714285714297,26.600000000000001,44.500000000000000
 120,20,20.500000000000000,43.289999999999999,19.390000000000001,42.200000000000003,20.390000000000001,41.399999999999999
  50, 0,21.000000000000000,41.030000000000001,18.230000000000000,45.126666666666701,23.100000000000001,39.899999999999999
  60, 0,22.600000000000001,36.289999999999999,19.789999999999999,38.000000000000000,23.600000000000001,34.399999999999999
  60, 0,22.289999999999999,43.789999999999999,19.730000000000000,47.399999999999999,24.699999999999999,41.000000000000000
 250, 0,26.166666666666700,43.259999999999998,26.926666666666701,38.030000000000001,28.829999999999998,38.753999999999998
  50, 0,22.463333333333299,41.526666666666699,20.000000000000000,44.700000000000003,23.963333333333299,39.466666666666697
  50, 0,24.066666666666698,43.590000000000003,21.890000000000001,46.200000000000003,25.100000000000001,40.590000000000003
  90,20,21.566666666666698,39.126666666666701,20.100000000000001,39.729999999999997,21.100000000000001,38.289999999999999
  60, 0,21.000000000000000,43.700000000000003,20.356666666666701,42.399999999999999,22.000000000000000,45.899999999999999
  50, 0,21.890000000000001,35.590000000000003,19.000000000000000,37.433333333333302,22.199999999999999,35.729999999999997
  90, 0,22.100000000000001,42.424999999999997,20.500000000000000,44.090000000000003,23.289999999999999,39.289999999999999
  50, 0,20.600000000000001,34.759999999999998,16.890000000000001,39.826666666666704,21.199999999999999,34.663333333333298
  50, 0,19.390000000000001,38.899999999999999,18.000000000000000,39.200000000000003,19.789999999999999,40.590000000000003
  60, 0,22.600000000000001,44.090000000000003,20.199999999999999,47.090000000000003,24.699999999999999,40.789999999999999
  50, 0,20.890000000000001,35.789999999999999,18.356666666666701,36.899999999999999,21.000000000000000,35.590000000000003
  60, 0,22.699999999999999,33.890000000000001,23.289999999999999,31.000000000000000,22.890000000000001,35.566666666666698
  60, 0,22.890000000000001,37.060000000000002,21.890000000000001,35.863333333333301,23.000000000000000,36.433333333333302
  50, 0,19.789999999999999,37.259999999999998,17.323333333333299,40.133333333333297,20.500000000000000,36.863333333333301
  70, 0,20.789999999999999,43.289999999999999,18.890000000000001,46.200000000000003,21.600000000000001,39.789999999999999
  60,10,20.789999999999999,44.163333333333298,20.199999999999999,42.500000000000000,22.000000000000000,46.000000000000000
  90,20,21.600000000000001,44.789999999999999,19.699999999999999,46.859999999999999,22.963333333333299,41.500000000000000
 100, 0,25.199999999999999,32.789999999999999,24.500000000000000,30.600000000000001,24.963333333333299,34.500000000000000
  50, 0,21.000000000000000,39.163333333333298,18.500000000000000,43.163333333333298,21.789999999999999,37.399999999999999
  30, 0,20.066666666666698,44.090000000000003,19.390000000000001,43.326666666666704,20.199999999999999,44.289999999999999
  50, 0,21.963333333333299,39.560000000000002,19.600000000000001,42.223333333333301,22.789999999999999,38.530000000000001
 270, 0,20.600000000000001,35.956666666666699,21.033333333333299,33.299999999999997,21.926666666666701,36.566666666666698
  80,10,21.730000000000000,40.930000000000000,20.199999999999999,41.590000000000003,21.199999999999999,40.590000000000003
 250, 0,20.963333333333299,44.826666666666704,20.199999999999999,42.863333333333301,22.726666666666699,45.390000000000001
  60, 0,21.699999999999999,35.289999999999999,18.289999999999999,39.163333333333298,23.289999999999999,35.163333333333298
 640,10,22.840000000000000,44.590000000000003,22.390000000000001,42.963333333333303,23.000000000000000,46.363333333333301
  70, 0,24.199999999999999,41.826666666666704,25.890000000000001,35.200000000000003,26.500000000000000,37.590000000000003
  90, 0,21.963333333333299,39.560000000000002,21.100000000000001,38.500000000000000,21.000000000000000,40.899999999999999
  50, 0,22.699999999999999,37.560000000000002,21.760000000000002,37.399999999999999,22.890000000000001,37.899999999999999
  30, 0,19.566666666666698,37.200000000000003,17.199999999999999,39.789999999999999,20.100000000000001,38.799999999999997
  40, 0,21.390000000000001,43.399999999999999,20.699999999999999,42.259999999999998,22.675000000000001,42.067500000000003
  50, 0,23.000000000000000,40.863333333333301,20.500000000000000,43.795000000000002,24.533333333333299,39.289999999999999
 310, 0,19.789999999999999,40.466666666666697,18.292500000000000,39.475000000000001,20.289999999999999,37.163333333333298
 120, 0,23.500000000000000,38.430000000000000,22.500000000000000,36.165714285714301,24.468571428571401,35.368571428571400
 100, 0,21.390000000000001,35.126666666666701,20.100000000000001,35.399999999999999,20.890000000000001,35.200000000000003
  50, 0,24.199999999999999,44.700000000000003,21.760000000000002,46.789999999999999,25.926666666666701,42.426666666666698
 110,20,21.600000000000001,35.530000000000001,19.390000000000001,36.496666666666698,22.390000000000001,34.466666666666697
 180, 0,21.000000000000000,38.590000000000003,19.736000000000001,38.177999999999997,22.963333333333299,37.711666666666702
 130, 0,23.600000000000001,42.030000000000001,23.595714285714301,41.494285714285702,24.760000000000002,38.933333333333302
  90,10,19.890000000000001,50.000000000000000,19.022222222222201,45.044444444444402,20.149999999999999,45.244999999999997
  90,10,22.566666666666698,40.493333333333297,19.500000000000000,42.566666666666698,23.066666666666698,34.759999999999998
  80, 0,20.890000000000001,40.530000000000001,19.699999999999999,41.000000000000000,21.100000000000001,39.590000000000003
  70, 0,21.000000000000000,41.590000000000003,20.390000000000001,40.000000000000000,22.500000000000000,43.090000000000003
  80,10,19.890000000000001,38.363333333333301,18.199999999999999,37.590000000000003,20.149999999999999,36.799999999999997
  50, 0,19.289999999999999,41.289999999999999,17.823333333333299,43.030000000000001,20.390000000000001,38.428571428571402
  50, 0,22.230000000000000,44.399999999999999,21.823333333333299,43.090000000000003,22.000000000000000,44.363333333333301
 120, 0,22.000000000000000,38.229999999999997,21.100000000000001,36.663333333333298,21.963333333333299,39.200000000000003
 100, 0,20.600000000000001,42.289999999999999,20.000000000000000,40.500000000000000,21.000000000000000,41.200000000000003
  50, 0,23.600000000000001,39.030000000000001,22.699999999999999,39.090000000000003,21.199999999999999,43.466666666666697
  50, 0,21.199999999999999,39.000000000000000,18.600000000000001,42.590000000000003,21.789999999999999,37.200000000000003
  70,30,20.289999999999999,38.126666666666701,17.926666666666701,39.933333333333302,20.390000000000001,36.289999999999999
 140,20,24.390000000000001,39.090000000000003,23.823333333333299,37.200000000000003,25.199999999999999,37.767499999999998
 370, 0,21.000000000000000,40.399999999999999,18.390000000000001,44.060000000000002,21.789999999999999,38.090000000000003
  50,10,21.926666666666701,39.899999999999999,21.000000000000000,39.399999999999999,21.260000000000002,43.560000000000002
  10, 0,19.000000000000000,39.326666666666704,17.390000000000001,41.326666666666704,20.699999999999999,38.399999999999999
  40, 0,20.600000000000001,36.700000000000003,17.633333333333301,40.500000000000000,20.100000000000001,36.759999999999998
 130,20,16.823333333333299,44.826666666666704,16.199999999999999,44.626666666666701,17.289999999999999,42.560000000000002
 220, 0,21.789999999999999,43.545000000000002,20.500000000000000,43.126666666666701,23.100000000000001,42.969999999999999
  90, 0,22.289999999999999,43.833333333333300,21.856666666666701,41.759999999999998,25.199999999999999,41.466666666666697
  50, 0,24.730000000000000,47.590000000000003,23.500000000000000,48.289999999999999,26.500000000000000,42.000000000000000
  50, 0,21.000000000000000,45.363333333333301,20.390000000000001,43.759999999999998,21.390000000000001,43.545000000000002
  50, 0,20.699999999999999,43.933333333333302,19.890000000000001,43.399999999999999,20.600000000000001,44.363333333333301
  50, 0,20.390000000000001,34.090000000000003,17.699999999999999,36.789999999999999,22.356666666666701,35.200000000000003
 170, 0,22.789999999999999,36.500000000000000,22.500000000000000,34.700000000000003,27.166666666666700,37.430000000000000
  50, 0,20.890000000000001,42.289999999999999,19.033333333333299,44.963333333333303,21.600000000000001,39.090000000000003
 100, 0,24.666666666666700,33.663333333333298,28.199999999999999,27.736000000000001,24.890000000000001,36.433333333333302
 120, 0,24.464935064935101,37.198311688311698,23.649155844155800,34.746753246753201,24.846233766233802,36.566883116883098
  70, 0,21.500000000000000,45.933333333333302,21.166666666666700,44.729999999999997,21.715000000000000,44.590000000000003
 100,10,22.500000000000000,37.363333333333301,21.890000000000001,35.000000000000000,25.199999999999999,35.663333333333298
 120,10,22.289999999999999,33.666666666666700,23.300000000000001,31.190000000000001,23.663333333333298,35.000000000000000
  20,10,20.600000000000001,40.000000000000000,19.000000000000000,41.500000000000000,20.699999999999999,38.700000000000003
 230, 0,18.100000000000001,37.163333333333298,17.289999999999999,36.200000000000003,18.100000000000001,38.500000000000000
  60, 0,24.289999999999999,39.090000000000003,25.699999999999999,35.530000000000001,26.199999999999999,37.030000000000001
 110, 0,20.699999999999999,36.456666666666699,18.000000000000000,39.700000000000003,22.000000000000000,36.700000000000003
  70, 0,21.699999999999999,35.399999999999999,18.789999999999999,37.933333333333302,22.600000000000001,34.289999999999999
 300,20,19.100000000000001,41.466666666666697,17.926666666666701,41.859999999999999,19.289999999999999,40.289999999999999
  50, 0,20.289999999999999,43.590000000000003,19.500000000000000,43.090000000000003,20.199999999999999,44.399999999999999
 100, 0,22.230000000000000,37.500000000000000,21.100000000000001,37.090000000000003,23.356666666666701,35.000000000000000
  50, 0,22.000000000000000,43.163333333333298,19.789999999999999,44.700000000000003,23.463333333333299,40.863333333333301
  90,20,23.000000000000000,41.666666666666700,21.100000000000001,39.090000000000003,22.789999999999999,37.030000000000001
  40, 0,21.390000000000001,45.289999999999999,20.600000000000001,44.789999999999999,22.426666666666701,44.970555555555599
  80, 0,21.199999999999999,36.433333333333302,18.000000000000000,40.200000000000003,22.100000000000001,35.090000000000003
  50, 0,23.000000000000000,34.899999999999999,23.390000000000001,31.730000000000000,23.100000000000001,35.326666666666704
  40, 0,18.699999999999999,46.289999999999999,18.000000000000000,46.500000000000000,19.699999999999999,44.590000000000003
  40, 0,19.600000000000001,43.789999999999999,18.890000000000001,43.500000000000000,19.963333333333299,44.789999999999999
  60, 0,22.033333333333299,39.530000000000001,19.890000000000001,41.966666666666697,21.926666666666701,38.289999999999999
 320,20,20.133333333333301,40.700000000000003,18.390000000000001,41.560000000000002,20.789999999999999,39.500000000000000
  40, 0,19.963333333333299,45.466666666666697,19.289999999999999,44.700000000000003,20.500000000000000,44.200000000000003
 180,10,21.289999999999999,43.259999999999998,20.600000000000001,42.126666666666701,22.260000000000002,41.560000000000002
  60, 0,20.100000000000001,35.000000000000000,16.600000000000001,40.030000000000001,20.390000000000001,37.200000000000003
  60,20,25.000000000000000,44.700000000000003,23.000000000000000,45.060000000000002,25.699999999999999,41.789999999999999
 110, 0,23.166666666666700,35.229999999999997,22.804285714285701,33.780000000000001,24.000000000000000,34.356000000000002
 320, 0,22.600000000000001,40.399999999999999,20.323333333333299,43.333333333333300,24.500000000000000,38.590000000000003
  40, 0,21.000000000000000,41.399999999999999,19.393333333333299,44.130000000000003,22.426666666666701,38.229999999999997
  50, 0,24.199999999999999,41.663333333333298,25.421428571428599,36.090000000000003,26.260000000000002,37.289999999999999
  90, 0,24.789999999999999,50.700000000000003,27.100000000000001,44.595714285714301,25.100000000000001,47.152857142857101
 120, 0,21.856666666666701,36.789999999999999,19.730000000000000,39.060000000000002,21.600000000000001,35.789999999999999
 520, 0,24.100000000000001,35.696666666666701,24.066666666666698,28.260000000000002,23.600000000000001,33.930000000000000
  30, 0,21.789999999999999,35.530000000000001,22.566666666666698,32.200000000000003,22.500000000000000,35.289999999999999
  60, 0,20.890000000000001,43.700000000000003,20.260000000000002,42.363333333333301,22.000000000000000,45.899999999999999
  90, 0,21.390000000000001,45.560000000000002,20.426666666666701,44.729999999999997,21.500000000000000,44.163333333333298
  50, 0,22.890000000000001,39.700000000000003,20.390000000000001,41.700000000000003,25.000000000000000,37.700000000000003
  90, 0,21.500000000000000,34.729999999999997,19.426666666666701,33.700000000000003,22.533333333333299,35.026666666666699
  40, 0,21.823333333333299,35.933333333333302,22.760000000000002,32.126666666666701,22.500000000000000,35.590000000000003
 370, 0,22.199999999999999,37.656666666666702,22.356666666666701,35.490000000000002,23.789999999999999,35.163333333333298
 280, 0,21.500000000000000,37.121428571428602,20.000000000000000,36.530000000000001,20.600000000000001,37.163333333333298
  80,10,22.890000000000001,41.590000000000003,21.500000000000000,41.863333333333301,23.500000000000000,39.399999999999999
 110, 0,23.500000000000000,39.090000000000003,21.500000000000000,39.729999999999997,23.500000000000000,38.530000000000001
  60, 0,22.760000000000002,36.433333333333302,20.100000000000001,38.163333333333298,23.633333333333301,34.000000000000000
 100, 0,22.100000000000001,39.000000000000000,23.533333333333299,35.930000000000000,22.963333333333299,37.590000000000003
 260, 0,22.199999999999999,45.759999999999998,20.000000000000000,49.163333333333298,25.000000000000000,40.826666666666704
 320,40,21.789999999999999,46.399999999999999,20.856666666666701,46.163333333333298,23.000000000000000,45.626666666666701
 140,20,22.533333333333299,42.196666666666701,20.926666666666701,40.590000000000003,22.390000000000001,38.399999999999999
 150, 0,22.890000000000001,40.390000000000001,20.463333333333299,40.430000000000000,22.789999999999999,37.500000000000000
 130, 0,22.500000000000000,43.556666666666700,20.890000000000001,40.590000000000003,22.323333333333299,38.326666666666704
  90, 0,19.390000000000001,36.729999999999997,16.890000000000001,39.966666666666697,19.789999999999999,36.590000000000003
  70,10,23.033333333333299,41.933333333333302,20.600000000000001,44.789999999999999,24.699999999999999,38.229999999999997
 590,10,19.500000000000000,40.733333333333299,18.260000000000002,38.056666666666700,19.926666666666701,38.560000000000002
  80, 0,20.789999999999999,35.466666666666697,20.356666666666701,33.700000000000003,21.500000000000000,35.000000000000000
 370,40,21.199999999999999,46.066666666666698,20.789999999999999,44.826666666666704,20.730000000000000,45.359999999999999
  50, 0,20.789999999999999,42.000000000000000,19.890000000000001,41.700000000000003,20.789999999999999,44.590000000000003
  60, 0,21.500000000000000,37.200000000000003,19.166666666666700,38.433333333333302,22.500000000000000,36.289999999999999
  70, 0,21.699999999999999,48.663333333333298,21.000000000000000,46.430000000000000,22.289999999999999,46.930000000000000
 140,10,22.100000000000001,42.899999999999999,20.699999999999999,43.466666666666697,23.500000000000000,38.466666666666697
  60, 0,21.000000000000000,41.700000000000003,20.289999999999999,40.223333333333301,22.230000000000000,41.299999999999997
  50, 0,22.789999999999999,40.289999999999999,21.030000000000001,42.289999999999999,24.079999999999998,36.979999999999997
  50, 0,19.890000000000001,43.789999999999999,19.000000000000000,44.090000000000003,20.199999999999999,44.289999999999999
  60, 0,24.100000000000001,44.700000000000003,21.699999999999999,46.789999999999999,25.890000000000001,42.200000000000003
  50, 0,23.199999999999999,42.200000000000003,23.500000000000000,39.899999999999999,24.000000000000000,39.966666666666697
  40, 0,23.199999999999999,42.090000000000003,23.699999999999999,39.229999999999997,24.100000000000001,39.729999999999997
 110, 0,22.000000000000000,41.729999999999997,20.730000000000000,42.500000000000000,23.100000000000001,38.399999999999999
 190,10,21.000000000000000,45.399999999999999,20.230000000000000,43.030000000000001,23.199999999999999,44.266666666666701
  50, 0,21.199999999999999,41.000000000000000,18.199999999999999,45.326666666666704,23.600000000000001,39.433333333333302
  50, 0,21.699999999999999,38.899999999999999,18.890000000000001,41.966666666666697,22.500000000000000,38.966666666666697
  50, 0,22.500000000000000,41.729999999999997,19.600000000000001,44.947499999999998,24.260000000000002,39.223333333333301
 120,10,17.100000000000001,43.663333333333298,16.199999999999999,43.789999999999999,17.600000000000001,41.663333333333298
 100,10,22.356666666666701,46.433333333333302,20.760000000000002,39.733333333333299,22.289999999999999,38.000000000000000
  90, 0,21.390000000000001,40.633333333333297,19.600000000000001,41.000000000000000,21.926666666666701,37.399999999999999
  50, 0,24.567272727272702,51.363545454545502,23.867567567567601,49.994414414414400,27.106454545454501,45.337272727272698
  50, 0,23.100000000000001,36.090000000000003,20.789999999999999,37.789999999999999,23.890000000000001,37.200000000000003
  60, 0,19.600000000000001,33.789999999999999,17.600000000000001,35.000000000000000,19.600000000000001,35.700000000000003
  90,30,21.730000000000000,38.363333333333301,20.100000000000001,39.060000000000002,20.963333333333299,38.500000000000000
 430,10,21.390000000000001,37.899999999999999,20.199999999999999,38.289999999999999,22.960000000000001,37.893333333333302
  90, 0,20.890000000000001,36.759999999999998,19.823333333333299,36.729999999999997,20.600000000000001,37.200000000000003
  20, 0,21.289999999999999,46.526666666666699,20.390000000000001,45.200000000000003,21.932777777777801,44.332777777777800
  60, 0,21.500000000000000,39.700000000000003,18.890000000000001,43.530000000000001,22.500000000000000,38.090000000000003
  70, 0,22.789999999999999,39.826666666666704,20.463333333333299,42.500000000000000,24.079999999999998,36.899999999999999
  80,10,21.600000000000001,45.200000000000003,19.699999999999999,47.560000000000002,22.789999999999999,41.500000000000000
  90,10,22.699999999999999,44.759999999999998,22.033333333333299,43.590000000000003,21.600000000000001,44.399999999999999
  40, 0,21.500000000000000,35.700000000000003,17.789999999999999,40.590000000000003,21.699999999999999,35.200000000000003
 280, 0,23.100000000000001,48.863333333333301,24.230000000000000,46.460000000000001,24.460000000000001,43.693333333333300
  40, 0,20.789999999999999,37.399999999999999,18.890000000000001,38.163333333333298,20.890000000000001,38.899999999999999
  60, 0,21.199999999999999,39.000000000000000,18.930000000000000,42.866666666666703,22.390000000000001,36.399999999999999
  80, 0,23.199999999999999,41.899999999999999,21.725714285714300,43.668571428571397,24.390000000000001,38.590000000000003
  50, 0,23.100000000000001,40.500000000000000,25.890000000000001,34.633333333333297,24.222500000000000,37.045000000000002
  80, 0,21.789999999999999,35.560000000000002,20.434000000000001,35.116000000000000,21.199999999999999,36.899999999999999
 130, 0,20.323333333333299,40.899999999999999,19.760000000000002,34.460000000000001,19.823333333333299,36.030000000000001
 100,20,21.600000000000001,46.326666666666704,20.699999999999999,45.399999999999999,21.600000000000001,43.863333333333301
  80, 0,21.699999999999999,35.200000000000003,19.066666666666698,37.500000000000000,20.600000000000001,36.466666666666697
  60,20,22.289999999999999,37.289999999999999,19.890000000000001,39.663333333333298,21.890000000000001,36.590000000000003
  60,10,22.699999999999999,37.899999999999999,19.789999999999999,41.326666666666704,23.199999999999999,38.663333333333298
 110, 0,21.199999999999999,39.590000000000003,19.390000000000001,41.789999999999999,22.166666666666700,37.590000000000003
  50, 0,19.199999999999999,43.759999999999998,18.500000000000000,43.774999999999999,19.890000000000001,45.000000000000000
  60,20,22.199999999999999,44.700000000000003,20.926666666666701,44.500000000000000,21.890000000000001,44.117500000000000
  50, 0,20.199999999999999,38.289999999999999,18.260000000000002,39.700000000000003,21.000000000000000,40.200000000000003
  60, 0,23.500000000000000,41.500000000000000,24.500000000000000,36.590000000000003,24.390000000000001,38.700000000000003
  70,20,22.699999999999999,44.000000000000000,21.199999999999999,43.433333333333302,23.100000000000001,40.759999999999998
  40, 0,19.699999999999999,46.000000000000000,18.926666666666701,45.700000000000003,19.890000000000001,45.090000000000003
  60,20,21.633333333333301,38.289999999999999,19.699999999999999,38.729999999999997,21.000000000000000,39.200000000000003
  50, 0,19.289999999999999,41.289999999999999,18.175000000000001,41.475000000000001,19.566666666666698,40.700000000000003
 260,10,23.033333333333299,44.723333333333301,22.633333333333301,42.966666666666697,23.826666666666700,48.729999999999997
  60, 0,24.789999999999999,50.359999999999999,27.390000000000001,44.380000000000003,25.120000000000001,46.859999999999999
 320, 0,21.699999999999999,33.390000000000001,19.649999999999999,33.789999999999999,22.856666666666701,37.093333333333298
  70,30,21.789999999999999,42.390000000000001,18.890000000000001,47.399999999999999,23.730000000000000,38.656666666666702
  60, 0,21.890000000000001,41.789999999999999,19.500000000000000,45.289999999999999,24.199999999999999,39.826666666666704
  60, 0,22.600000000000001,36.289999999999999,19.760000000000002,38.163333333333298,23.600000000000001,34.399999999999999
  60, 0,22.000000000000000,38.200000000000003,18.890000000000001,43.000000000000000,22.926666666666701,37.826666666666704
  60, 0,20.533333333333299,36.466666666666697,19.066666666666698,36.223333333333301,21.390000000000001,35.126666666666701
  60, 0,23.066666666666698,45.363333333333301,21.000000000000000,47.000000000000000,24.600000000000001,40.500000000000000
  30, 0,22.260000000000002,37.090000000000003,22.199999999999999,35.500000000000000,22.199999999999999,36.289999999999999
  90, 0,23.600000000000001,41.000000000000000,22.566666666666698,40.100000000000001,24.289999999999999,38.399999999999999
 110, 0,23.574999999999999,43.497500000000002,27.208571428571400,36.408571428571399,24.823333333333299,39.626666666666701
  40, 0,21.390000000000001,42.163333333333298,20.566666666666698,41.326666666666704,20.890000000000001,44.700000000000003
  40,10,16.856666666666701,45.759999999999998,16.100000000000001,45.590000000000003,17.390000000000001,43.000000000000000
  50, 0,20.856666666666701,38.363333333333301,18.600000000000001,39.899999999999999,21.000000000000000,40.030000000000001
  40, 0,17.500000000000000,41.466666666666697,16.600000000000001,41.966666666666697,17.890000000000001,40.466666666666697
  40, 0,19.000000000000000,44.590000000000003,18.289999999999999,44.500000000000000,20.000000000000000,45.000000000000000
  70, 0,21.890000000000001,34.530000000000001,20.566666666666698,34.289999999999999,20.463333333333299,35.759999999999998
  50, 0,22.323333333333299,37.033333333333303,23.699999999999999,33.326666666666704,22.856666666666701,36.163333333333298
  50, 0,21.533333333333299,39.500000000000000,18.000000000000000,44.789999999999999,23.600000000000001,38.259999999999998
  50, 0,20.500000000000000,37.590000000000003,17.500000000000000,41.789999999999999,23.000000000000000,36.626666666666701
  60, 0,22.666666666666700,41.363333333333301,20.856666666666701,42.863333333333301,23.390000000000001,39.789999999999999
 110, 0,21.789999999999999,35.259999999999998,19.289999999999999,37.500000000000000,20.699999999999999,36.399999999999999
 280,20,21.600000000000001,32.863333333333301,19.600000000000001,32.526666666666699,23.100000000000001,35.526666666666699
  50, 0,23.463333333333299,37.759999999999998,21.680000000000000,39.036000000000001,24.699999999999999,38.289999999999999
  60, 0,20.890000000000001,45.000000000000000,20.323333333333299,43.399999999999999,21.500000000000000,43.933333333333302
  50, 0,21.500000000000000,40.590000000000003,19.000000000000000,44.045000000000002,22.789999999999999,38.500000000000000
  50, 0,21.890000000000001,36.663333333333298,23.260000000000002,31.963333333333299,22.463333333333299,36.060000000000002
  50, 0,22.600000000000001,44.626666666666701,22.066666666666698,43.296666666666702,22.289999999999999,45.259999999999998
  30, 0,20.890000000000001,40.789999999999999,17.666666666666700,46.863333333333301,20.789999999999999,38.259999999999998
 420, 0,24.199999999999999,38.163333333333298,24.463333333333299,34.759999999999998,25.042857142857098,37.884285714285703
  60, 0,20.890000000000001,38.363333333333301,24.000000000000000,34.590000000000003,22.463333333333299,34.466666666666697
  60, 0,25.199999999999999,47.200000000000003,25.614285714285700,43.899999999999999,26.699999999999999,42.090000000000003
 120,30,22.699999999999999,36.966666666666697,21.000000000000000,38.090000000000003,22.199999999999999,36.200000000000003
  30, 0,20.199999999999999,37.200000000000003,19.230000000000000,36.789999999999999,19.289999999999999,39.826666666666704
 100,20,21.390000000000001,38.590000000000003,19.699999999999999,39.899999999999999,20.856666666666701,38.060000000000002
  40, 0,23.000000000000000,38.126666666666701,23.066666666666698,36.090000000000003,22.760000000000002,38.200000000000003
  40, 0,24.133333333333301,44.700000000000003,22.680000000000000,44.789999999999999,26.789999999999999,39.933333333333302
  30, 0,18.100000000000001,42.663333333333298,17.390000000000001,41.963333333333303,18.426666666666701,43.530000000000001
  40,10,19.289999999999999,44.796666666666702,18.789999999999999,44.000000000000000,19.500000000000000,44.000000000000000
  40, 0,19.963333333333299,36.590000000000003,18.066666666666698,37.259999999999998,20.390000000000001,37.289999999999999
  30, 0,20.789999999999999,36.229999999999997,18.100000000000001,39.590000000000003,22.100000000000001,36.663333333333298
  40, 0,21.066666666666698,32.933333333333302,19.390000000000001,33.030000000000001,20.289999999999999,34.700000000000003
  90,20,22.699999999999999,40.826666666666704,21.856666666666701,39.863333333333301,21.699999999999999,42.163333333333298
 140,20,20.760000000000002,38.229999999999997,18.390000000000001,41.663333333333298,20.289999999999999,37.500000000000000
  50, 0,22.323333333333299,34.363333333333301,21.500000000000000,33.399999999999999,21.500000000000000,34.590000000000003
  60, 0,21.390000000000001,38.463333333333303,18.426666666666701,43.000000000000000,23.100000000000001,37.200000000000003
  50,10,22.000000000000000,41.789999999999999,21.100000000000001,41.500000000000000,21.600000000000001,43.500000000000000
  70,10,19.230000000000000,45.030000000000001,18.699999999999999,43.145000000000003,19.390000000000001,43.500000000000000
  50, 0,23.100000000000001,34.530000000000001,21.356666666666701,34.156666666666702,23.100000000000001,36.090000000000003
  90,20,21.699999999999999,35.863333333333301,21.356666666666701,33.500000000000000,22.390000000000001,34.789999999999999
  90, 0,22.356666666666701,40.200000000000003,21.426666666666701,40.000000000000000,22.100000000000001,40.112000000000002
  70, 0,21.840000000000000,41.844999999999999,21.100000000000001,40.500000000000000,22.600000000000001,43.200000000000003
  60, 0,20.890000000000001,41.000000000000000,17.963333333333299,44.700000000000003,23.000000000000000,39.590000000000003
  70, 0,25.289999999999999,48.700000000000003,24.199999999999999,48.090000000000003,26.142857142857100,45.077142857142903
  80, 0,22.890000000000001,33.744999999999997,24.926666666666701,28.133333333333301,22.890000000000001,33.399999999999999
 110,10,23.890000000000001,41.060000000000002,23.456000000000000,38.834000000000003,24.685714285714301,38.200000000000003
  60, 0,21.230000000000000,38.399999999999999,18.199999999999999,42.466666666666697,22.390000000000001,38.789999999999999
  40, 0,19.000000000000000,47.399999999999999,18.356666666666701,47.163333333333298,19.789999999999999,45.500000000000000
  40, 0,22.289999999999999,39.399999999999999,19.926666666666701,42.259999999999998,23.100000000000001,39.789999999999999
  30, 0,18.100000000000001,39.060000000000002,17.100000000000001,38.363333333333301,18.390000000000001,39.530000000000001
  40, 0,21.823333333333299,38.530000000000001,19.463333333333299,39.789999999999999,22.033333333333299,37.399999999999999
  70, 0,23.100000000000001,39.626666666666701,22.323333333333299,38.500000000000000,21.100000000000001,41.933333333333302
  70,20,21.000000000000000,36.899999999999999,18.000000000000000,40.963333333333303,22.133333333333301,34.590000000000003
  40, 0,18.000000000000000,43.466666666666697,17.100000000000001,44.200000000000003,19.100000000000001,42.000000000000000
  50, 0,23.000000000000000,38.229999999999997,20.856666666666701,39.766666666666701,22.199999999999999,37.590000000000003
  90, 0,24.890000000000001,46.399999999999999,25.082882882882899,42.538348348348300,26.390000000000001,41.399999999999999
  40, 0,21.390000000000001,39.200000000000003,21.556666666666700,40.056666666666700,22.500000000000000,36.466666666666697
  50, 0,22.890000000000001,45.899999999999999,21.100000000000001,47.826666666666704,25.066666666666698,42.200000000000003
 770, 0,22.823333333333299,48.763333333333300,22.390000000000001,39.799999999999997,23.289999999999999,39.229999999999997
 160,10,22.633333333333301,40.566666666666698,21.699999999999999,39.163333333333298,24.166666666666700,37.729999999999997
  60, 0,22.500000000000000,33.933333333333302,21.390000000000001,33.200000000000003,21.500000000000000,34.700000000000003
  90, 0,23.199999999999999,43.163333333333298,22.699999999999999,42.430000000000000,21.823333333333299,44.656666666666702
 180, 0,22.926666666666701,43.500000000000000,21.230000000000000,42.626666666666701,26.326666666666700,43.729999999999997
  60, 0,22.000000000000000,41.126666666666701,21.390000000000001,40.466666666666697,20.856666666666701,42.466666666666697
 650, 0,21.972500000000000,41.117500000000000,19.823333333333299,44.430000000000000,23.760000000000002,38.990000000000002
  50, 0,20.699999999999999,37.700000000000003,18.890000000000001,38.497500000000002,22.028571428571400,36.428571428571402
  40,10,20.789999999999999,36.500000000000000,18.199999999999999,39.789999999999999,22.050000000000001,34.244999999999997
  60, 0,20.890000000000001,42.030000000000001,19.100000000000001,44.700000000000003,21.600000000000001,39.090000000000003
 150,40,22.356666666666701,45.729999999999997,21.856666666666701,43.060000000000002,21.699999999999999,45.399999999999999
  60, 0,21.500000000000000,38.466666666666697,18.699999999999999,41.090000000000003,22.390000000000001,37.700000000000003
 100, 0,23.066666666666698,57.663333333333298,22.533333333333299,43.130000000000003,22.390000000000001,44.340555555555603
  90, 0,22.199999999999999,39.560000000000002,20.699999999999999,37.700000000000003,22.289999999999999,37.090000000000003
 150,20,24.390000000000001,39.090000000000003,23.890000000000001,37.289999999999999,25.199999999999999,37.626666666666701
 120,20,22.789999999999999,44.933333333333302,21.699999999999999,43.500000000000000,23.133333333333301,40.789999999999999
  70,20,25.390000000000001,42.700000000000003,24.500000000000000,41.729999999999997,26.699999999999999,39.590000000000003
  40, 0,17.890000000000001,44.466666666666697,17.100000000000001,44.789999999999999,19.000000000000000,42.200000000000003
 200, 0,23.199999999999999,38.590000000000003,22.356666666666701,37.359999999999999,22.890000000000001,38.163333333333298
  40, 0,21.199999999999999,38.163333333333298,18.000000000000000,42.399999999999999,21.890000000000001,36.500000000000000
  40, 0,23.100000000000001,38.200000000000003,20.289999999999999,40.729999999999997,23.166666666666700,38.590000000000003
  30, 0,20.600000000000001,40.060000000000002,19.000000000000000,41.500000000000000,20.699999999999999,38.700000000000003
  70, 0,22.566666666666698,39.363333333333301,21.500000000000000,39.826666666666704,23.000000000000000,38.826666666666704
  60, 0,21.390000000000001,35.090000000000003,20.100000000000001,35.363333333333301,19.921428571428599,36.725714285714297
  40, 0,18.600000000000001,43.289999999999999,17.699999999999999,44.090000000000003,19.500000000000000,42.759999999999998
  80, 0,24.600000000000001,38.363333333333301,24.000000000000000,36.645000000000003,24.699999999999999,37.244999999999997
 340, 0,20.890000000000001,45.030000000000001,20.390000000000001,43.200000000000003,21.390000000000001,43.933333333333302
  60,10,24.789999999999999,50.633333333333297,27.199999999999999,44.079999999999998,25.100000000000001,47.159999999999997
 230, 0,24.789999999999999,35.789999999999999,24.890000000000001,33.163333333333298,24.390000000000001,35.966666666666697
  90, 0,21.463333333333299,38.233333333333299,20.000000000000000,37.259999999999998,20.963333333333299,37.863333333333301
  90, 0,21.730000000000000,39.200000000000003,18.963333333333299,43.399999999999999,22.926666666666701,39.090000000000003
 120, 0,21.199999999999999,39.590000000000003,19.390000000000001,41.590000000000003,22.100000000000001,37.590000000000003
  30, 0,20.289999999999999,40.289999999999999,18.600000000000001,41.399999999999999,21.390000000000001,40.744999999999997
  90, 0,19.699999999999999,36.663333333333298,17.390000000000001,39.045000000000002,20.390000000000001,36.399999999999999
  60,10,21.600000000000001,39.899999999999999,19.789999999999999,40.789999999999999,21.390000000000001,40.590000000000003
  40,30,20.926666666666701,36.200000000000003,18.289999999999999,39.433333333333302,20.000000000000000,37.433333333333302
  60,20,21.000000000000000,38.399999999999999,19.789999999999999,37.399999999999999,23.633333333333301,38.896666666666697
  40, 0,19.289999999999999,37.966666666666697,17.600000000000001,39.590000000000003,20.500000000000000,37.500000000000000
  50,10,19.789999999999999,40.490000000000002,19.100000000000001,38.200000000000003,21.230000000000000,38.890000000000001
  40, 0,19.100000000000001,44.030000000000001,18.199999999999999,44.090000000000003,19.699999999999999,43.700000000000003
  50, 0,21.789999999999999,43.399999999999999,20.463333333333299,43.560000000000002,21.789999999999999,42.000000000000000
  60, 0,22.000000000000000,39.399999999999999,20.000000000000000,41.500000000000000,23.199999999999999,38.000000000000000
  70, 0,20.789999999999999,37.433333333333302,17.500000000000000,41.633333333333297,21.600000000000001,35.590000000000003
  70, 0,23.600000000000001,41.899999999999999,21.500000000000000,43.700000000000003,24.500000000000000,39.759999999999998
 100, 0,24.699999999999999,52.626666666666701,23.789999999999999,52.266666666666701,26.823333333333299,44.966666666666697
 110, 0,23.100000000000001,39.126666666666701,21.390000000000001,38.229999999999997,25.533333333333299,35.200000000000003
  60, 0,23.033333333333299,40.933333333333302,20.500000000000000,43.700000000000003,24.500000000000000,39.289999999999999
  40, 0,21.199999999999999,39.590000000000003,18.533333333333299,43.200000000000003,22.390000000000001,39.000000000000000
  70, 0,21.566666666666698,38.399999999999999,19.600000000000001,40.590000000000003,21.890000000000001,38.000000000000000
  60,10,20.390000000000001,41.090000000000003,18.625000000000000,41.500000000000000,20.323333333333299,41.663333333333298
 250,10,22.789999999999999,31.890000000000001,21.856666666666701,29.359999999999999,23.930000000000000,38.133333333333297
  40, 0,20.199999999999999,44.663333333333298,19.500000000000000,44.060000000000002,19.699999999999999,43.863333333333301
  90,10,20.600000000000001,37.163333333333298,18.730000000000000,39.899999999999999,21.390000000000001,35.000000000000000
  70, 0,22.100000000000001,36.399999999999999,20.730000000000000,37.223333333333301,22.789999999999999,36.326666666666704
  50, 0,20.390000000000001,35.090000000000003,16.890000000000001,39.899999999999999,20.390000000000001,37.090000000000003
  70, 0,23.390000000000001,38.826666666666704,20.699999999999999,42.090000000000003,24.699999999999999,37.433333333333302
 120,30,19.199999999999999,44.826666666666704,18.533333333333299,43.933333333333302,19.289999999999999,45.333333333333300
 100, 0,21.760000000000002,41.933333333333302,20.000000000000000,43.163333333333298,22.000000000000000,38.466666666666697
  70, 0,23.133333333333301,36.030000000000001,20.890000000000001,37.729999999999997,23.890000000000001,37.200000000000003
  40, 0,19.199999999999999,45.399999999999999,18.500000000000000,45.090000000000003,19.699999999999999,44.500000000000000
 110,10,21.323333333333299,41.363333333333301,19.463333333333299,43.096666666666700,21.789999999999999,36.289999999999999
  90, 0,22.500000000000000,38.500000000000000,22.199999999999999,35.560000000000002,25.426666666666701,36.126666666666701
  40,10,18.500000000000000,39.390000000000001,17.100000000000001,39.590000000000003,18.926666666666701,39.326666666666704
  90,10,21.390000000000001,45.126666666666701,20.789999999999999,43.966666666666697,20.963333333333299,46.363333333333301
 310,10,22.730000000000000,40.926666666666698,22.260000000000002,39.259999999999998,26.133333333333301,41.060000000000002
  60, 0,22.000000000000000,35.899999999999999,18.890000000000001,38.259999999999998,22.600000000000001,35.899999999999999
  50, 0,18.445000000000000,43.145000000000003,17.500000000000000,43.899999999999999,19.133333333333301,42.289999999999999
  30,10,21.199999999999999,47.289999999999999,20.289999999999999,47.399999999999999,21.666666666666700,46.789999999999999
  50, 0,24.312987012987001,38.057662337662300,23.428831168831199,36.249350649350603,24.873246753246800,37.073376623376603
  40, 0,23.289999999999999,35.789999999999999,21.133333333333301,36.966666666666697,23.856666666666701,36.863333333333301
  40, 0,21.199999999999999,39.500000000000000,18.390000000000001,43.789999999999999,22.390000000000001,38.626666666666701
  40,10,21.633333333333301,37.729999999999997,19.000000000000000,39.789999999999999,21.699999999999999,36.399999999999999
 120, 0,24.890000000000001,53.363333333333301,23.963333333333299,53.026666666666699,26.289999999999999,45.966666666666697
 100,20,23.500000000000000,38.289999999999999,22.289999999999999,36.399999999999999,24.434000000000001,35.554000000000002
  50, 0,19.463333333333299,38.663333333333298,18.823333333333299,38.090000000000003,18.600000000000001,39.590000000000003
  50, 0,22.500000000000000,39.090000000000003,20.133333333333301,40.259999999999998,25.000000000000000,36.560000000000002
  70, 0,23.600000000000001,45.030000000000001,23.289999999999999,42.590000000000003,24.699999999999999,41.000000000000000
 180, 0,21.260000000000002,44.926666666666698,19.890000000000001,43.090000000000003,21.199999999999999,40.789999999999999
  80,20,22.166666666666700,39.826666666666704,20.600000000000001,40.859999999999999,22.199999999999999,38.000000000000000
  50, 0,20.823333333333299,33.530000000000001,18.566666666666698,34.766666666666701,22.600000000000001,35.030000000000001
 130, 0,23.789999999999999,33.466666666666697,23.100000000000001,30.445000000000000,23.390000000000001,34.759999999999998
  60,10,20.500000000000000,41.200000000000003,18.699999999999999,41.289999999999999,20.260000000000002,41.759999999999998
  50, 0,20.600000000000001,43.090000000000003,19.500000000000000,43.289999999999999,20.500000000000000,44.399999999999999
  40, 0,21.000000000000000,42.000000000000000,20.199999999999999,41.500000000000000,22.100000000000001,44.090000000000003
 130, 0,22.390000000000001,39.817500000000003,20.390000000000001,40.289999999999999,22.600000000000001,38.500000000000000
  90, 0,22.289999999999999,43.796666666666702,21.600000000000001,42.193333333333300,21.133333333333301,45.289999999999999
  80, 0,22.963333333333299,27.233333333333299,25.533333333333299,21.760000000000002,23.199999999999999,30.663333333333298
  50, 0,19.890000000000001,36.090000000000003,18.000000000000000,37.363333333333301,21.000000000000000,36.000000000000000
  50, 0,17.699999999999999,36.163333333333298,16.699999999999999,36.560000000000002,18.133333333333301,37.326666666666704
  60,20,20.390000000000001,38.399999999999999,17.856666666666701,40.966666666666697,20.963333333333299,37.090000000000003
  60, 0,22.890000000000001,30.699999999999999,22.426666666666701,28.223333333333301,22.390000000000001,35.500000000000000
  60, 0,25.390000000000001,42.833333333333300,24.390000000000001,42.133333333333297,26.718000000000000,39.655999999999999
  70,20,25.289999999999999,39.363333333333301,26.666666666666700,34.433333333333302,26.390000000000001,37.700000000000003
 100,20,21.890000000000001,38.756666666666703,19.789999999999999,36.663333333333298,21.000000000000000,36.899999999999999
  50, 0,21.760000000000002,43.530000000000001,23.789999999999999,38.090000000000003,22.100000000000001,40.700000000000003
 610,10,22.066666666666698,42.223333333333301,20.926666666666701,43.026666666666699,23.426666666666701,38.359999999999999
  50,20,21.199999999999999,41.289999999999999,18.100000000000001,47.060000000000002,20.789999999999999,38.399999999999999
 120, 0,22.100000000000001,43.259999999999998,19.963333333333299,45.500000000000000,23.390000000000001,39.789999999999999
 120,10,22.033333333333299,42.933333333333302,20.566666666666698,44.126666666666701,23.100000000000001,39.399999999999999
 100, 0,23.699999999999999,42.323333333333302,22.600000000000001,39.526666666666699,24.000000000000000,39.863333333333301
 120, 0,24.356666666666701,42.666666666666700,24.699999999999999,37.079999999999998,27.789999999999999,38.530000000000001
 280,10,16.890000000000001,44.789999999999999,16.199999999999999,44.590000000000003,17.323333333333299,42.399999999999999
  70, 0,22.500000000000000,37.663333333333298,20.289999999999999,40.656666666666702,22.789999999999999,37.200000000000003
  40, 0,19.890000000000001,45.530000000000001,19.199999999999999,44.590000000000003,20.500000000000000,44.200000000000003
 110,10,21.963333333333299,41.700000000000003,20.760000000000002,42.500000000000000,23.100000000000001,38.399999999999999
  50, 0,22.100000000000001,46.090000000000003,21.260000000000002,45.759999999999998,23.199999999999999,46.060000000000002
  60, 0,24.000000000000000,39.729999999999997,25.000000000000000,34.735999999999997,24.500000000000000,37.590000000000003
 300, 0,21.500000000000000,42.950000000000003,20.600000000000001,42.000000000000000,23.094999999999999,41.522500000000001
  90, 0,20.417500000000000,39.722499999999997,17.426666666666701,44.723333333333301,20.789999999999999,38.000000000000000
  50, 0,20.390000000000001,37.500000000000000,17.500000000000000,40.590000000000003,20.166666666666700,38.090000000000003
 110, 0,21.000000000000000,40.590000000000003,19.289999999999999,41.497500000000002,20.390000000000001,41.789999999999999
  70, 0,22.600000000000001,38.030000000000001,21.767499999999998,37.924999999999997,22.963333333333299,38.090000000000003
  40, 0,19.000000000000000,44.399999999999999,18.289999999999999,44.289999999999999,20.000000000000000,45.000000000000000
  50, 0,24.100000000000001,47.899999999999999,21.699999999999999,50.826666666666704,25.600000000000001,42.700000000000003
  90,20,22.100000000000001,37.590000000000003,20.500000000000000,37.933333333333302,21.500000000000000,38.560000000000002
  40, 0,21.600000000000001,40.363333333333301,18.789999999999999,44.560000000000002,22.600000000000001,38.289999999999999
  50, 0,21.199999999999999,38.126666666666701,18.000000000000000,42.090000000000003,21.926666666666701,36.530000000000001
  80,10,22.600000000000001,41.500000000000000,20.533333333333299,43.663333333333298,22.760000000000002,39.530000000000001
  80, 0,22.199999999999999,42.163333333333298,21.426666666666701,40.433333333333302,22.600000000000001,43.289999999999999
  40, 0,21.760000000000002,42.090000000000003,21.000000000000000,41.126666666666701,20.789999999999999,44.560000000000002
  60, 0,21.699999999999999,37.500000000000000,19.000000000000000,40.090000000000003,22.199999999999999,37.289999999999999
  60, 0,22.000000000000000,44.863333333333301,20.289999999999999,46.100000000000001,23.199999999999999,39.126666666666701
 140,10,21.390000000000001,40.223333333333301,18.760000000000002,44.663333333333298,22.926666666666701,37.229999999999997
 270,10,22.390000000000001,41.700000000000003,21.890000000000001,39.933333333333302,22.390000000000001,41.663333333333298
  60, 0,24.789999999999999,47.899999999999999,24.260000000000002,47.229999999999997,26.585714285714300,42.090000000000003
  50,30,23.166666666666700,45.090000000000003,22.230000000000000,44.090000000000003,23.289999999999999,45.163333333333298
  60, 0,22.066666666666698,40.363333333333301,18.699999999999999,45.200000000000003,23.890000000000001,38.789999999999999
 120, 0,22.699999999999999,37.933333333333302,26.566666666666698,31.430000000000000,23.533333333333299,36.200000000000003
  60, 0,20.890000000000001,42.000000000000000,19.100000000000001,44.590000000000003,21.600000000000001,39.000000000000000
 480,10,22.760000000000002,40.729999999999997,22.100000000000001,39.500000000000000,21.230000000000000,42.289999999999999
  30, 0,20.789999999999999,43.126666666666701,18.890000000000001,46.060000000000002,21.666666666666700,39.759999999999998
  70,20,22.500000000000000,37.289999999999999,20.133333333333301,39.333333333333300,21.890000000000001,36.560000000000002
 110,20,21.500000000000000,48.500000000000000,20.633333333333301,44.899999999999999,21.500000000000000,43.320000000000000
 600, 0,19.100000000000001,34.590000000000003,18.699999999999999,33.863333333333301,19.230000000000000,35.229999999999997
  50, 0,21.789999999999999,38.789999999999999,20.390000000000001,40.433333333333302,22.789999999999999,37.200000000000003
  70, 0,20.600000000000001,38.626666666666701,21.563333333333301,37.293333333333301,23.000000000000000,35.289999999999999
  80, 0,20.100000000000001,38.789999999999999,18.133333333333301,40.200000000000003,20.600000000000001,38.700000000000003
  20, 0,20.390000000000001,37.700000000000003,18.600000000000001,38.700000000000003,21.000000000000000,38.933333333333302
  90, 0,22.166666666666700,41.326666666666704,21.289999999999999,40.500000000000000,21.500000000000000,42.590000000000003
  50,30,21.600000000000001,38.817500000000003,19.730000000000000,39.363333333333301,20.926666666666701,39.066666666666698
  40, 0,18.230000000000000,43.030000000000001,17.289999999999999,43.899999999999999,19.133333333333301,42.229999999999997
  60, 0,22.289999999999999,36.500000000000000,19.566666666666698,39.229999999999997,21.789999999999999,36.289999999999999
 230,30,21.890000000000001,44.363333333333301,20.699999999999999,43.326666666666704,23.373333333333299,46.406666666666702
 620, 0,25.699999999999999,47.600000000000001,28.100000000000001,39.163333333333298,27.956000000000000,42.194000000000003
  60, 0,24.890000000000001,47.789999999999999,25.100000000000001,45.514000000000003,26.600000000000001,42.090000000000003
  50, 0,18.500000000000000,39.663333333333298,17.066666666666698,39.693333333333300,18.730000000000000,39.066666666666698
 120, 0,21.199999999999999,38.844999999999999,18.500000000000000,43.259999999999998,22.500000000000000,37.700000000000003
 140, 0,20.699999999999999,42.196666666666701,19.963333333333299,39.933333333333302,21.260000000000002,40.763333333333300
  60, 0,24.199999999999999,41.500000000000000,25.699999999999999,35.564285714285703,26.500000000000000,37.560000000000002
  90,10,22.000000000000000,45.396666666666697,20.426666666666701,46.430000000000000,23.199999999999999,39.399999999999999
 370, 0,21.166666666666700,42.333333333333300,19.699999999999999,38.500000000000000,20.789999999999999,37.933333333333302
  50, 0,21.000000000000000,34.226666666666702,19.500000000000000,34.463333333333303,20.180000000000000,36.250000000000000
  70,20,22.390000000000001,45.933333333333302,21.500000000000000,45.266666666666701,22.000000000000000,44.897500000000001
 270, 0,19.500000000000000,35.899999999999999,17.500000000000000,36.626666666666701,19.699999999999999,36.914285714285697
  40, 0,21.000000000000000,38.030000000000001,17.890000000000001,41.899999999999999,21.963333333333299,36.590000000000003
  40, 0,19.356666666666701,36.729999999999997,18.566666666666698,35.590000000000003,18.390000000000001,37.789999999999999
  60, 0,21.199999999999999,41.000000000000000,18.100000000000001,45.399999999999999,23.600000000000001,39.399999999999999
  90, 0,22.600000000000001,42.500000000000000,23.390000000000001,38.826666666666704,22.500000000000000,40.789999999999999
 320,10,20.000000000000000,35.167499999999997,18.100000000000001,36.899999999999999,21.260000000000002,34.663333333333298
 120, 0,23.175000000000001,37.722499999999997,22.856666666666701,35.560000000000002,23.289999999999999,36.590000000000003
 160, 0,21.100000000000001,38.693333333333300,21.066666666666698,36.466666666666697,21.699999999999999,38.066666666666698
 100, 0,23.100000000000001,38.863333333333301,21.323333333333299,38.289999999999999,25.463333333333299,35.229999999999997
  60,10,21.500000000000000,37.155999999999999,19.050000000000001,39.196666666666701,21.390000000000001,37.000000000000000
  60, 0,24.699999999999999,47.090000000000003,22.628571428571401,49.264285714285698,26.600000000000001,44.399999999999999
  40, 0,19.199999999999999,37.700000000000003,17.100000000000001,40.000000000000000,20.199999999999999,37.500000000000000
  20, 0,21.789999999999999,37.399999999999999,19.166666666666700,40.000000000000000,22.260000000000002,37.200000000000003
  80,10,20.600000000000001,38.293333333333301,18.893333333333299,40.626666666666701,21.390000000000001,35.126666666666701
 120,20,21.666666666666700,37.759999999999998,20.390000000000001,37.933333333333302,21.000000000000000,37.700000000000003
 290,10,21.600000000000001,46.390000000000001,19.926666666666701,48.326666666666704,23.533333333333299,43.863333333333301
  60,20,23.000000000000000,45.826666666666704,22.289999999999999,45.700000000000003,24.390000000000001,40.626666666666701
  60, 0,22.289999999999999,34.317500000000003,20.260000000000002,35.289999999999999,22.926666666666701,36.090000000000003
 280, 0,21.500000000000000,41.566666666666698,19.323333333333299,44.229999999999997,21.100000000000001,38.530000000000001
  50, 0,22.199999999999999,39.863333333333301,21.963333333333299,38.326666666666704,22.500000000000000,38.399999999999999
  50, 0,22.600000000000001,34.590000000000003,20.000000000000000,36.729999999999997,23.600000000000001,37.090000000000003
  80, 0,25.289999999999999,47.899999999999999,25.199999999999999,45.789999999999999,26.789999999999999,42.200000000000003
  60, 0,22.789999999999999,42.663333333333298,20.600000000000001,44.899999999999999,23.926666666666701,39.399999999999999
  90, 0,20.600000000000001,34.729999999999997,19.289999999999999,34.399999999999999,20.100000000000001,37.356000000000002
  40,10,20.699999999999999,39.000000000000000,18.823333333333299,40.090000000000003,21.289999999999999,38.500000000000000
  50, 0,21.100000000000001,41.000000000000000,20.289999999999999,40.399999999999999,21.199999999999999,42.117500000000000
  50, 0,20.000000000000000,39.890000000000001,19.000000000000000,38.090000000000003,20.390000000000001,37.030000000000001
 150,10,16.890000000000001,44.500000000000000,16.199999999999999,44.399999999999999,17.289999999999999,42.289999999999999
  50, 0,22.289999999999999,36.899999999999999,19.699999999999999,39.590000000000003,23.000000000000000,36.789999999999999
  60, 0,22.199999999999999,43.729999999999997,19.633333333333301,47.433333333333302,24.699999999999999,41.000000000000000
  60, 0,23.390000000000001,37.890000000000001,21.890000000000001,37.590000000000003,24.289999999999999,35.971428571428604
  60, 0,24.500000000000000,39.000000000000000,22.730000000000000,39.399999999999999,25.699999999999999,38.789999999999999
  40, 0,22.500000000000000,42.289999999999999,21.789999999999999,41.090000000000003,23.100000000000001,42.729999999999997
 100,20,21.289999999999999,38.030000000000001,20.890000000000001,35.930000000000000,21.600000000000001,37.530000000000001
 670,10,21.390000000000001,42.893333333333302,20.963333333333299,41.289999999999999,21.823333333333299,45.156666666666702
  60, 0,20.600000000000001,35.289999999999999,18.100000000000001,37.000000000000000,20.600000000000001,38.289999999999999
 130,10,22.426666666666701,37.899999999999999,20.289999999999999,38.166666666666700,20.890000000000001,36.530000000000001
  60, 0,22.789999999999999,39.289999999999999,20.730000000000000,39.200000000000003,25.000000000000000,35.924999999999997
  80, 0,24.890000000000001,32.463333333333303,27.738571428571401,26.394285714285701,24.890000000000001,36.326666666666704
  50, 0,21.100000000000001,38.090000000000003,17.823333333333299,42.500000000000000,22.000000000000000,36.433333333333302
 300,10,23.000000000000000,44.229999999999997,22.566666666666698,42.826666666666704,23.566666666666698,48.596666666666700
  50, 0,20.230000000000000,39.933333333333302,18.600000000000001,41.363333333333301,20.856666666666701,38.966666666666697
  80, 0,22.100000000000001,38.966666666666697,20.356666666666701,40.396666666666697,24.289999999999999,36.030000000000001
  50, 0,21.699999999999999,40.200000000000003,18.823333333333299,44.326666666666704,22.600000000000001,38.289999999999999
 140,20,21.926666666666701,41.859999999999999,20.100000000000001,40.299999999999997,20.789999999999999,39.090000000000003
  60, 0,22.199999999999999,42.200000000000003,19.926666666666701,45.259999999999998,23.699999999999999,40.090000000000003
 100, 0,17.926666666666701,46.026666666666699,17.663333333333298,44.560000000000002,17.500000000000000,43.789999999999999
  40, 0,22.823333333333299,40.200000000000003,20.963333333333299,41.530000000000001,22.890000000000001,39.289999999999999
  60,10,23.289999999999999,34.266666666666701,21.533333333333299,34.430000000000000,23.289999999999999,35.826666666666704
  90, 0,22.890000000000001,44.026666666666699,21.100000000000001,45.000000000000000,25.566666666666698,39.223333333333301
  80, 0,19.789999999999999,37.744999999999997,17.100000000000001,40.930000000000000,20.789999999999999,37.700000000000003
 110, 0,21.500000000000000,45.433333333333302,21.230000000000000,43.090000000000003,22.289999999999999,40.200000000000003
  50, 0,19.000000000000000,44.590000000000003,18.289999999999999,44.560000000000002,20.000000000000000,45.000000000000000
  50, 0,22.600000000000001,41.000000000000000,19.500000000000000,45.700000000000003,24.199999999999999,38.789999999999999
  90,10,21.530000000000001,48.433333333333302,20.500000000000000,38.490000000000002,20.890000000000001,40.166666666666700
  20, 0,20.890000000000001,40.663333333333298,19.289999999999999,40.229999999999997,20.289999999999999,40.090000000000003
  50, 0,21.500000000000000,38.729999999999997,18.760000000000002,42.126666666666701,22.289999999999999,39.090000000000003
  50, 0,20.963333333333299,43.700000000000003,20.323333333333299,42.399999999999999,22.100000000000001,45.899999999999999
  60, 0,21.926666666666701,38.289999999999999,19.390000000000001,41.433333333333302,22.926666666666701,38.289999999999999
  30,10,22.199999999999999,39.789999999999999,20.699999999999999,40.966666666666697,21.390000000000001,40.200000000000003
  80, 0,22.100000000000001,41.399999999999999,21.230000000000000,40.500000000000000,21.500000000000000,42.590000000000003
  90,10,18.199999999999999,38.960000000000001,16.890000000000001,39.289999999999999,18.500000000000000,38.060000000000002
  60, 0,22.260000000000002,35.700000000000003,19.323333333333299,37.633333333333297,22.699999999999999,35.729999999999997
  80, 0,20.699999999999999,35.223333333333301,17.230000000000000,38.789999999999999,21.500000000000000,35.500000000000000
  50, 0,20.699999999999999,41.090000000000003,20.000000000000000,40.200000000000003,20.890000000000001,41.789999999999999
  50, 0,20.633333333333301,38.899999999999999,19.323333333333299,39.399999999999999,21.390000000000001,35.466666666666697
 110, 0,23.199999999999999,42.566666666666698,21.963333333333299,39.359999999999999,27.326666666666700,37.766666666666701
  30,20,19.789999999999999,42.590000000000003,19.044444444444402,42.240000000000002,19.730000000000000,44.090000000000003
  70, 0,18.600000000000001,46.000000000000000,18.260000000000002,45.326666666666704,19.100000000000001,43.759999999999998
  40, 0,22.789999999999999,40.163333333333298,22.000000000000000,39.259999999999998,21.000000000000000,41.899999999999999
  50,20,21.000000000000000,36.200000000000003,18.390000000000001,39.399999999999999,20.000000000000000,37.399999999999999
 210,20,21.500000000000000,34.630000000000003,19.390000000000001,34.200000000000003,23.199999999999999,34.963333333333303
  90,10,21.260000000000002,40.259999999999998,19.760000000000002,40.289999999999999,20.789999999999999,41.466666666666697
  90, 0,23.390000000000001,34.930000000000000,23.484285714285701,32.995714285714300,24.199999999999999,35.090000000000003
 100, 0,25.199999999999999,48.590000000000003,24.500000000000000,47.856000000000002,26.000000000000000,44.200000000000003
  50, 0,22.199999999999999,40.729999999999997,19.000000000000000,45.200000000000003,24.000000000000000,38.899999999999999
  50, 0,22.289999999999999,45.000000000000000,21.600000000000001,43.560000000000002,22.600000000000001,45.229999999999997
 100,20,20.100000000000001,39.466666666666697,18.199999999999999,40.030000000000001,21.000000000000000,35.233333333333299
  50, 0,21.066666666666698,36.259999999999998,18.199999999999999,39.229999999999997,22.100000000000001,36.590000000000003
  80, 0,20.890000000000001,44.859999999999999,20.100000000000001,43.289999999999999,21.426666666666701,43.433333333333302
  50, 0,18.390000000000001,38.700000000000003,17.500000000000000,39.000000000000000,18.500000000000000,39.289999999999999
  40, 0,19.789999999999999,37.826666666666704,17.600000000000001,39.966666666666697,20.100000000000001,36.966666666666697
  50, 0,21.890000000000001,41.789999999999999,19.566666666666698,45.229999999999997,24.199999999999999,39.899999999999999
 100, 0,22.133333333333301,35.863333333333301,20.100000000000001,37.030000000000001,22.699999999999999,34.500000000000000
 250,20,21.289999999999999,43.090000000000003,20.789999999999999,42.500000000000000,20.566666666666698,44.500000000000000
  60,20,22.633333333333301,44.729999999999997,22.100000000000001,43.433333333333302,22.289999999999999,45.200000000000003
  90,10,22.600000000000001,37.899999999999999,26.522500000000001,28.565000000000001,23.133333333333301,35.926666666666698
 510,10,23.890000000000001,43.159999999999997,27.100000000000001,34.536000000000001,26.000000000000000,39.399999999999999
 200, 0,25.600000000000001,47.093333333333298,25.956000000000000,44.090000000000003,26.238571428571401,43.891428571428598
 100, 0,20.890000000000001,38.200000000000003,20.289999999999999,38.126666666666701,20.390000000000001,39.500000000000000
  60, 0,24.789999999999999,38.789999999999999,23.600000000000001,38.030000000000001,25.500000000000000,38.222499999999997
 250, 0,23.785285714285699,49.856142857142899,25.100000000000001,43.669523809523803,26.119190476190500,43.772380952380900
 370,10,20.289999999999999,39.026666666666699,19.000000000000000,37.663333333333298,20.000000000000000,37.289999999999999
  70, 0,20.066666666666698,39.533333333333303,18.100000000000001,40.600000000000001,20.890000000000001,39.890000000000001
  70,20,22.600000000000001,34.700000000000003,19.500000000000000,37.863333333333301,21.500000000000000,35.344999999999999
  40, 0,21.289999999999999,39.200000000000003,20.559999999999999,41.460000000000001,22.500000000000000,36.399999999999999
  50, 0,20.926666666666701,45.590000000000003,20.289999999999999,44.289999999999999,20.166666666666700,45.530000000000001
  50, 0,22.500000000000000,39.259999999999998,20.066666666666698,41.759999999999998,22.289999999999999,38.899999999999999
  50,10,18.926666666666701,39.399999999999999,17.000000000000000,41.200000000000003,19.890000000000001,37.433333333333302
  60, 0,23.066666666666698,47.060000000000002,22.789999999999999,45.460000000000001,24.533333333333299,41.626666666666701
  80,10,22.600000000000001,43.289999999999999,21.463333333333299,43.590000000000003,25.566666666666698,37.500000000000000
  50, 0,20.600000000000001,43.590000000000003,18.789999999999999,45.289999999999999,21.500000000000000,42.145000000000003
 110, 0,25.566666666666698,42.700000000000003,25.426666666666701,39.333333333333300,26.600000000000001,38.899999999999999
  40, 0,21.199999999999999,40.229999999999997,19.890000000000001,41.259999999999998,21.789999999999999,37.899999999999999
  40, 0,20.789999999999999,44.090000000000003,20.199999999999999,43.500000000000000,20.289999999999999,43.590000000000003
  50, 0,24.722500000000000,47.522500000000001,23.463333333333299,48.259999999999998,26.500000000000000,42.000000000000000
 130, 0,24.726666666666699,38.363333333333301,25.059999999999999,33.789999999999999,24.789999999999999,34.500000000000000
  50, 0,22.890000000000001,36.289999999999999,20.600000000000001,38.200000000000003,23.890000000000001,37.289999999999999
 120, 0,23.500000000000000,38.759999999999998,22.600000000000001,36.200000000000003,24.375714285714299,35.152857142857101
 390,10,21.199999999999999,40.223333333333301,20.390000000000001,39.759999999999998,20.699999999999999,42.229999999999997
  90, 0,22.000000000000000,39.926666666666698,21.789999999999999,38.463333333333303,22.323333333333299,38.789999999999999
  90, 0,20.890000000000001,34.700000000000003,19.633333333333301,34.590000000000003,21.289999999999999,34.229999999999997
  60, 0,18.533333333333299,36.500000000000000,17.823333333333299,36.000000000000000,18.100000000000001,37.933333333333302
 710,10,22.033333333333299,45.460000000000001,20.500000000000000,43.433333333333302,24.574999999999999,41.022500000000001
 390, 0,22.289999999999999,41.026666666666699,21.199999999999999,40.799999999999997,23.890000000000001,36.289999999999999
 280, 0,19.390000000000001,38.399999999999999,16.390000000000001,42.930000000000000,20.000000000000000,37.030000000000001
  50, 0,20.789999999999999,36.693333333333300,19.926666666666701,36.390000000000001,20.199999999999999,38.663333333333298
  60, 0,21.600000000000001,38.590000000000003,19.390000000000001,41.289999999999999,22.199999999999999,37.289999999999999
  50, 0,20.890000000000001,44.200000000000003,20.356666666666701,43.399999999999999,20.390000000000001,43.500000000000000
  60, 0,21.600000000000001,40.326666666666704,19.199999999999999,42.789999999999999,23.100000000000001,39.200000000000003
  80, 0,19.730000000000000,39.026666666666699,18.633333333333301,39.200000000000003,19.823333333333299,37.566666666666698
  30,10,20.890000000000001,42.000000000000000,20.100000000000001,41.500000000000000,22.088888888888899,44.079999999999998
  60, 0,24.199999999999999,47.663333333333298,21.890000000000001,50.163333333333298,26.289999999999999,44.663333333333298
  60, 0,22.289999999999999,38.990000000000002,19.289999999999999,43.626666666666701,23.199999999999999,39.200000000000003
  50, 0,20.890000000000001,43.722499999999997,20.323333333333299,41.200000000000003,20.856666666666701,42.200000000000003
 890,20,19.730000000000000,37.863333333333301,18.566666666666698,34.090000000000003,18.390000000000001,36.863333333333301
  60, 0,24.289999999999999,34.117500000000000,21.600000000000001,35.399999999999999,24.000000000000000,34.590000000000003
 320, 0,21.390000000000001,41.956666666666699,20.463333333333299,40.399999999999999,21.100000000000001,40.497142857142897
  50, 0,20.890000000000001,37.000000000000000,20.890000000000001,35.859999999999999,21.789999999999999,35.090000000000003
 220, 0,21.426666666666701,39.060000000000002,20.033333333333299,38.000000000000000,24.163333333333298,37.363333333333301
  40, 0,21.500000000000000,44.000000000000000,20.000000000000000,44.590000000000003,22.033333333333299,43.826666666666704
  60,10,19.890000000000001,43.000000000000000,19.289999999999999,41.500000000000000,20.699999999999999,41.560000000000002
  50, 0,21.100000000000001,43.500000000000000,20.500000000000000,42.899999999999999,20.600000000000001,44.289999999999999
 110, 0,22.000000000000000,35.466666666666697,19.426666666666701,37.289999999999999,22.426666666666701,34.000000000000000
  20, 0,19.199999999999999,39.200000000000003,17.926666666666701,39.200000000000003,18.890000000000001,39.000000000000000
  40, 0,20.963333333333299,35.500000000000000,17.789999999999999,39.200000000000003,21.100000000000001,35.259999999999998
  70, 0,20.890000000000001,39.296666666666702,19.230000000000000,39.723333333333301,21.633333333333301,38.066666666666698
  50, 0,19.823333333333299,36.729999999999997,19.199999999999999,35.966666666666697,18.500000000000000,38.000000000000000
  40, 0,21.000000000000000,39.045000000000002,19.100000000000001,39.326666666666704,21.199999999999999,38.289999999999999
  50, 0,18.356666666666701,38.729999999999997,17.500000000000000,38.789999999999999,18.699999999999999,40.289999999999999
  50, 0,21.856666666666701,40.693333333333300,19.789999999999999,43.166666666666700,22.100000000000001,39.526666666666699
  60,10,21.289999999999999,37.693333333333300,18.199999999999999,41.133333333333297,22.125000000000000,37.222499999999997
  60, 0,24.789999999999999,38.789999999999999,23.533333333333299,38.163333333333298,25.500000000000000,38.363333333333301
  50, 0,21.963333333333299,39.289999999999999,19.666666666666700,41.700000000000003,22.789999999999999,38.200000000000003
  60, 0,24.500000000000000,37.700000000000003,21.861428571428601,39.764285714285698,24.199999999999999,32.000000000000000
  70,10,20.789999999999999,36.026666666666699,22.230000000000000,32.390000000000001,21.426666666666701,34.826666666666704
  30,10,19.500000000000000,38.289999999999999,16.199999999999999,42.933333333333302,20.199999999999999,37.289999999999999
  30, 0,19.633333333333301,38.933333333333302,18.600000000000001,39.163333333333298,19.066666666666698,38.966666666666697
  50, 0,20.574999999999999,39.700000000000003,18.323333333333299,40.899999999999999,21.199999999999999,40.590000000000003
 140,30,22.426666666666701,38.759999999999998,19.856666666666701,38.933333333333302,24.323333333333299,37.659999999999997
  50, 0,21.699999999999999,38.500000000000000,19.500000000000000,40.966666666666697,22.289999999999999,37.399999999999999
  40, 0,18.426666666666701,38.729999999999997,17.390000000000001,38.899999999999999,18.500000000000000,39.289999999999999
  60, 0,22.600000000000001,39.399999999999999,19.600000000000001,44.030000000000001,23.323333333333299,39.500000000000000
 100, 0,21.789999999999999,35.200000000000003,19.199999999999999,37.500000000000000,20.699999999999999,36.399999999999999
  50, 0,22.789999999999999,42.500000000000000,22.133333333333301,41.200000000000003,23.289999999999999,42.700000000000003
 380, 0,21.789999999999999,45.729999999999997,21.460000000000001,45.659999999999997,24.199999999999999,42.193333333333300
  60, 0,21.289999999999999,38.200000000000003,18.390000000000001,41.200000000000003,22.356666666666701,37.789999999999999
 360, 0,22.500000000000000,41.433333333333302,22.500000000000000,39.126666666666701,23.199999999999999,38.899999999999999
 270,20,22.789999999999999,32.096666666666700,21.890000000000001,28.996666666666702,23.596666666666700,37.799999999999997
 270, 0,21.633333333333301,43.090000000000003,20.699999999999999,41.899999999999999,23.760000000000002,40.963333333333303
 100, 0,23.390000000000001,38.729999999999997,21.289999999999999,39.863333333333301,23.390000000000001,38.560000000000002
  60, 0,20.789999999999999,43.200000000000003,19.033333333333299,44.626666666666701,21.789999999999999,42.700000000000003
  50, 0,23.100000000000001,37.289999999999999,23.890000000000001,33.200000000000003,23.199999999999999,37.590000000000003
  60, 0,23.000000000000000,34.789999999999999,21.066666666666698,35.090000000000003,23.000000000000000,36.090000000000003
  60,10,21.600000000000001,44.992500000000000,19.699999999999999,47.193333333333300,22.890000000000001,41.500000000000000
  80, 0,24.823333333333299,36.700000000000003,24.463333333333299,34.526666666666699,26.100000000000001,36.590000000000003
  50, 0,19.890000000000001,37.799999999999997,17.633333333333301,40.426666666666698,20.000000000000000,36.899999999999999
 200,10,19.890000000000001,47.472499999999997,19.500000000000000,45.399999999999999,20.000000000000000,45.200000000000003
  50, 0,21.199999999999999,39.289999999999999,17.890000000000001,44.289999999999999,23.463333333333299,38.259999999999998
  40, 0,17.890000000000001,45.633333333333297,17.100000000000001,45.659999999999997,18.823333333333299,42.693333333333300
  70,20,21.699999999999999,35.729999999999997,21.500000000000000,33.399999999999999,22.390000000000001,34.789999999999999
 500,20,21.666666666666700,46.393333333333302,20.789999999999999,45.200000000000003,21.600000000000001,43.789999999999999
 110, 0,24.699999999999999,32.090000000000003,22.500000000000000,31.789999999999999,24.000000000000000,33.399999999999999
  60, 0,20.890000000000001,35.933333333333302,18.199999999999999,39.000000000000000,21.000000000000000,35.399999999999999
  90, 0,21.500000000000000,44.994999999999997,19.789999999999999,43.500000000000000,21.890000000000001,38.526666666666699
  70, 0,20.390000000000001,43.766666666666701,20.000000000000000,43.000000000000000,20.000000000000000,43.826666666666704
  70, 0,21.426666666666701,37.433333333333302,18.033333333333299,42.899999999999999,23.260000000000002,37.789999999999999
  80,10,22.500000000000000,36.399999999999999,19.926666666666701,38.863333333333301,21.789999999999999,36.090000000000003
  40, 0,21.289999999999999,38.560000000000002,19.323333333333299,41.193333333333300,21.963333333333299,36.899999999999999
 120,10,22.789999999999999,37.759999999999998,21.230000000000000,37.030000000000001,22.699999999999999,36.899999999999999
  20, 0,20.390000000000001,34.163333333333298,18.730000000000000,34.826666666666704,19.850000000000001,36.554000000000002
 120, 0,23.000000000000000,35.000000000000000,23.100000000000001,32.826666666666704,23.100000000000001,35.500000000000000
  90, 0,21.260000000000002,39.663333333333298,19.600000000000001,40.789999999999999,21.890000000000001,37.500000000000000
 340,10,22.390000000000001,38.590000000000003,22.600000000000001,35.963333333333303,25.323333333333299,38.566666666666698
  20, 0,18.100000000000001,38.933333333333302,17.100000000000001,38.229999999999997,18.390000000000001,39.363333333333301
  60, 0,22.699999999999999,38.899999999999999,20.633333333333301,41.090000000000003,22.000000000000000,38.500000000000000
  60, 0,22.000000000000000,38.590000000000003,22.000000000000000,36.200000000000003,22.289999999999999,36.789999999999999
  50, 0,20.500000000000000,35.200000000000003,17.066666666666698,39.759999999999998,20.390000000000001,37.000000000000000
  60, 0,21.699999999999999,43.700000000000003,21.000000000000000,42.899999999999999,20.699999999999999,45.259999999999998
  40, 0,19.390000000000001,44.200000000000003,18.500000000000000,44.289999999999999,19.789999999999999,44.090000000000003
  60, 0,22.100000000000001,41.399999999999999,19.426666666666701,44.399999999999999,24.390000000000001,39.700000000000003
  60, 0,20.823333333333299,43.463333333333303,19.996666666666702,45.299999999999997,21.633333333333301,40.126666666666701
 140, 0,24.230000000000000,35.323333333333302,28.600000000000001,28.570000000000000,25.000000000000000,36.966666666666697
  40, 0,20.666666666666700,38.060000000000002,18.600000000000001,39.200000000000003,20.926666666666701,39.899999999999999
  40, 0,19.199999999999999,39.966666666666697,17.890000000000001,40.399999999999999,19.033333333333299,39.626666666666701
  50,20,21.289999999999999,45.229999999999997,20.760000000000002,44.060000000000002,20.730000000000000,45.000000000000000
  60, 0,19.789999999999999,37.789999999999999,17.260000000000002,40.826666666666704,20.600000000000001,37.126666666666701
  50, 0,21.963333333333299,44.500000000000000,20.533333333333299,45.789999999999999,23.000000000000000,41.700000000000003
  70, 0,20.890000000000001,42.500000000000000,19.066666666666698,45.163333333333298,21.600000000000001,39.163333333333298
 140,30,22.133333333333301,38.700000000000003,20.323333333333299,39.399999999999999,22.390000000000001,37.899999999999999
  70, 0,23.890000000000001,39.526666666666699,23.370000000000001,36.612000000000002,24.600000000000001,37.399999999999999
  40, 0,19.890000000000001,39.200000000000003,18.500000000000000,39.060000000000002,19.890000000000001,40.500000000000000
  60, 0,20.699999999999999,38.399999999999999,19.323333333333299,37.826666666666704,21.633333333333301,37.566666666666698
  60, 0,22.390000000000001,39.090000000000003,19.890000000000001,41.000000000000000,24.890000000000001,37.045000000000002
  50, 0,22.289999999999999,43.789999999999999,19.789999999999999,47.289999999999999,24.699999999999999,41.000000000000000
 260, 0,22.133333333333301,44.390000000000001,19.823333333333299,48.090000000000003,25.000000000000000,41.026666666666699
 310, 0,23.000000000000000,35.893333333333302,23.000000000000000,32.963333333333303,23.133333333333301,35.560000000000002
  20, 0,18.356666666666701,43.090000000000003,17.390000000000001,43.789999999999999,19.100000000000001,42.363333333333301
  50, 0,23.000000000000000,46.963333333333303,21.633333333333301,48.289999999999999,24.890000000000001,42.000000000000000
  40, 0,22.000000000000000,41.500000000000000,21.166666666666700,40.590000000000003,21.533333333333299,42.590000000000003
  50, 0,24.666666666666700,47.363333333333301,22.725714285714300,49.751428571428598,26.649999999999999,43.399999999999999
  60, 0,21.699999999999999,44.590000000000003,20.000000000000000,46.700000000000003,23.100000000000001,41.789999999999999
  40, 0,22.000000000000000,40.193333333333300,19.500000000000000,43.533333333333303,22.789999999999999,38.789999999999999
  60, 0,21.699999999999999,38.789999999999999,18.890000000000001,42.590000000000003,22.390000000000001,38.229999999999997
  50, 0,21.390000000000001,35.500000000000000,17.633333333333301,40.530000000000001,21.666666666666700,35.200000000000003
 390, 0,19.600000000000001,38.560000000000002,18.666666666666700,37.590000000000003,20.100000000000001,36.200000000000003
  60, 0,21.730000000000000,32.463333333333303,19.763333333333300,30.160000000000000,21.263333333333300,35.233333333333299
  70,30,21.390000000000001,43.526666666666699,19.890000000000001,43.899999999999999,21.390000000000001,42.200000000000003
 150, 0,21.890000000000001,36.466666666666697,18.789999999999999,39.626666666666701,22.963333333333299,36.156666666666702
  60, 0,25.066666666666698,40.060000000000002,28.260000000000002,31.823333333333299,26.100000000000001,38.554000000000002
 140,10,22.260000000000002,50.863333333333301,20.600000000000001,50.263333333333300,24.789999999999999,41.789999999999999
  50, 0,23.199999999999999,42.090000000000003,23.699999999999999,39.430000000000000,24.100000000000001,39.789999999999999
 130, 0,21.199999999999999,44.656666666666702,20.390000000000001,42.566666666666698,21.533333333333299,43.700000000000003
  50, 0,20.289999999999999,36.163333333333298,16.699999999999999,41.789999999999999,20.500000000000000,37.399999999999999
  50,10,22.000000000000000,37.433333333333302,19.600000000000001,39.899999999999999,21.199999999999999,37.500000000000000
  50, 0,22.199999999999999,37.863333333333301,19.890000000000001,39.799999999999997,23.426666666666701,37.656666666666702
 360, 0,20.033333333333299,34.866666666666703,19.289999999999999,32.729999999999997,20.960000000000001,36.130000000000003
 100,20,21.390000000000001,35.323333333333302,19.856666666666701,34.196666666666701,22.500000000000000,35.133333333333297
  50, 0,21.890000000000001,36.363333333333301,24.926666666666701,30.289999999999999,22.600000000000001,35.200000000000003
  20, 0,20.289999999999999,39.000000000000000,18.390000000000001,40.399999999999999,21.289999999999999,38.863333333333301
  80,20,21.289999999999999,44.566666666666698,20.390000000000001,42.899999999999999,24.033333333333299,43.359999999999999
 120,20,20.666666666666700,43.229999999999997,19.390000000000001,42.289999999999999,20.463333333333299,41.560000000000002
  30, 0,19.133333333333301,45.899999999999999,18.500000000000000,45.259999999999998,19.699999999999999,44.500000000000000
 130, 0,22.500000000000000,37.117500000000000,21.890000000000001,34.933333333333302,25.133333333333301,35.530000000000001
  40,10,19.789999999999999,36.066666666666698,18.000000000000000,37.399999999999999,20.890000000000001,35.899999999999999
  70, 0,22.760000000000002,37.200000000000003,21.100000000000001,37.826666666666704,23.356666666666701,37.289999999999999
 110,10,22.166666666666700,43.630000000000003,21.666666666666700,42.156666666666702,21.390000000000001,44.193333333333300
  60,20,21.199999999999999,39.789999999999999,18.666666666666700,43.466666666666697,22.000000000000000,38.060000000000002
 120, 0,22.000000000000000,38.899999999999999,21.166666666666700,37.500000000000000,22.500000000000000,37.289999999999999
  20, 0,19.890000000000001,45.399999999999999,19.199999999999999,45.000000000000000,20.500000000000000,44.289999999999999
 330, 0,23.600000000000001,37.899999999999999,21.699999999999999,39.218000000000004,24.329999999999998,36.979999999999997
  60, 0,25.000000000000000,39.500000000000000,22.574999999999999,41.399999999999999,25.289999999999999,34.000000000000000
 190,20,22.699999999999999,33.456666666666699,20.426666666666701,33.490000000000002,21.699999999999999,33.626666666666701
  50, 0,22.199999999999999,35.789999999999999,19.699999999999999,38.000000000000000,22.000000000000000,35.399999999999999
  60, 0,20.926666666666701,36.329999999999998,19.323333333333299,36.590000000000003,21.390000000000001,35.566666666666698
  50, 0,19.000000000000000,39.000000000000000,17.390000000000001,40.933333333333302,20.600000000000001,38.200000000000003
  60, 0,21.000000000000000,41.500000000000000,19.166666666666700,44.000000000000000,21.600000000000001,38.663333333333298
  80, 0,23.000000000000000,38.200000000000003,26.890000000000001,30.199999999999999,23.760000000000002,36.700000000000003
  60, 0,20.100000000000001,38.200000000000003,18.500000000000000,38.826666666666704,20.600000000000001,36.966666666666697
  90,10,20.600000000000001,41.000000000000000,19.890000000000001,40.200000000000003,20.890000000000001,42.000000000000000
  50, 0,22.066666666666698,39.560000000000002,20.100000000000001,41.500000000000000,23.199999999999999,37.899999999999999
  80, 0,21.699999999999999,35.626666666666701,20.390000000000001,35.326666666666704,21.100000000000001,36.933333333333302
 100, 0,23.533333333333299,40.193333333333300,22.600000000000001,36.457142857142898,24.251428571428601,34.600000000000001
  50, 0,23.390000000000001,44.899999999999999,22.059999999999999,44.753999999999998,24.600000000000001,41.433333333333302
 900, 0,23.000000000000000,43.166666666666700,22.199999999999999,40.426666666666698,26.100000000000001,38.930000000000000
  50, 0,22.789999999999999,39.590000000000003,20.289999999999999,42.134000000000000,24.789999999999999,37.485714285714302
  70, 0,21.199999999999999,41.700000000000003,20.600000000000001,40.000000000000000,22.463333333333299,43.000000000000000
  40,10,20.000000000000000,42.767499999999998,19.100000000000001,42.500000000000000,20.789999999999999,44.500000000000000
  50, 0,19.926666666666701,45.500000000000000,19.289999999999999,44.663333333333298,20.500000000000000,44.289999999999999
  50, 0,21.823333333333299,38.789999999999999,20.426666666666701,37.700000000000003,24.600000000000001,36.526666666666699
  60, 0,24.789999999999999,47.399999999999999,23.199999999999999,48.500000000000000,26.500000000000000,41.868571428571400
  80,10,22.199999999999999,43.433333333333302,20.000000000000000,45.826666666666704,23.856666666666701,39.466666666666697
 200, 0,23.521714285714300,50.676857142857102,25.100000000000001,43.950476190476202,26.045142857142899,44.334285714285699
  40, 0,18.890000000000001,46.326666666666704,18.289999999999999,45.863333333333301,19.600000000000001,44.500000000000000
  50, 0,21.699999999999999,42.590000000000003,21.100000000000001,41.399999999999999,23.100000000000001,43.000000000000000
 120,10,22.390000000000001,39.789999999999999,20.699999999999999,41.863333333333301,22.199999999999999,38.289999999999999
  50, 0,19.199999999999999,45.399999999999999,18.500000000000000,45.163333333333298,19.699999999999999,44.500000000000000
  60, 0,22.390000000000001,39.090000000000003,19.890000000000001,41.060000000000002,24.890000000000001,37.090000000000003
  90, 0,20.890000000000001,37.289999999999999,19.500000000000000,37.789999999999999,21.699999999999999,35.000000000000000
  50, 0,24.699999999999999,42.359999999999999,29.856666666666701,31.789999999999999,26.171428571428599,38.590000000000003
  70, 0,21.699999999999999,40.729999999999997,19.289999999999999,43.090000000000003,23.100000000000001,39.090000000000003
 130, 0,22.926666666666701,43.329999999999998,22.289999999999999,40.729999999999997,22.500000000000000,43.466666666666697
  50, 0,22.890000000000001,39.700000000000003,20.456000000000000,41.753999999999998,25.039999999999999,37.655999999999999
  90, 0,24.000000000000000,40.826666666666704,22.230000000000000,42.259999999999998,25.000000000000000,39.030000000000001
  50, 0,21.699999999999999,44.200000000000003,20.289999999999999,44.500000000000000,22.066666666666698,43.966666666666697
  70, 0,22.100000000000001,42.000000000000000,21.289999999999999,40.500000000000000,22.600000000000001,43.289999999999999
  60, 0,21.000000000000000,37.590000000000003,18.500000000000000,40.200000000000003,22.600000000000001,36.789999999999999
  50, 0,17.600000000000001,43.000000000000000,16.890000000000001,42.700000000000003,18.390000000000001,43.700000000000003
  60,20,23.390000000000001,42.026666666666699,22.789999999999999,41.090000000000003,23.789999999999999,43.000000000000000
  60, 0,25.100000000000001,38.229999999999997,27.000000000000000,32.090000000000003,26.140000000000001,38.090000000000003
 530,10,20.166666666666700,39.156666666666702,19.260000000000002,37.966666666666697,20.864999999999998,37.872500000000002
 130, 0,22.890000000000001,37.200000000000003,20.100000000000001,39.899999999999999,22.390000000000001,36.500000000000000
  70, 0,20.100000000000001,35.700000000000003,18.000000000000000,37.663333333333298,19.978000000000002,37.700000000000003
  80,10,20.463333333333299,35.030000000000001,19.199999999999999,34.590000000000003,20.000000000000000,37.899999999999999
  60, 0,21.500000000000000,39.500000000000000,19.066666666666698,42.466666666666697,22.289999999999999,38.899999999999999
  50, 0,21.533333333333299,37.560000000000002,19.890000000000001,36.933333333333302,20.730000000000000,38.500000000000000
 110,10,21.600000000000001,42.859999999999999,20.730000000000000,42.930000000000000,22.390000000000001,38.766666666666701
  60, 0,25.100000000000001,35.259999999999998,25.699999999999999,30.666666666666700,26.238571428571401,36.914285714285697
  70, 0,20.390000000000001,40.500000000000000,17.260000000000002,45.826666666666704,20.730000000000000,38.090000000000003
  20, 0,17.890000000000001,44.859999999999999,17.100000000000001,45.090000000000003,19.000000000000000,42.399999999999999
  40, 0,19.890000000000001,38.693333333333300,18.356666666666701,37.663333333333298,20.199999999999999,37.126666666666701
 110,20,20.199999999999999,38.229999999999997,18.230000000000000,39.663333333333298,20.533333333333299,38.566666666666698
  50, 0,20.500000000000000,35.200000000000003,17.199999999999999,39.700000000000003,20.390000000000001,37.000000000000000
  40, 0,21.856666666666701,42.466666666666697,21.199999999999999,41.200000000000003,23.100000000000001,42.933333333333302
  50, 0,24.890000000000001,47.700000000000003,23.071428571428601,49.168571428571397,26.600000000000001,44.735999999999997
  50,20,23.199999999999999,44.966666666666697,22.289999999999999,44.030000000000001,23.289999999999999,45.090000000000003
  60, 0,22.856666666666701,34.560000000000002,20.390000000000001,36.163333333333298,23.500000000000000,36.899999999999999
  50, 0,20.890000000000001,35.789999999999999,19.166666666666700,36.399999999999999,20.000000000000000,37.518000000000001
 100,30,23.390000000000001,39.826666666666704,21.356666666666701,41.566666666666698,24.789999999999999,38.289999999999999
  90, 0,24.890000000000001,51.229999999999997,23.500000000000000,51.433333333333302,26.000000000000000,45.899999999999999
 110,10,21.000000000000000,44.866666666666703,19.600000000000001,37.899999999999999,20.760000000000002,37.266666666666701
 220, 0,21.000000000000000,39.326666666666704,19.600000000000001,38.289999999999999,22.222500000000000,38.924999999999997
 100, 0,22.600000000000001,39.663333333333298,21.963333333333299,39.463333333333303,22.600000000000001,38.500000000000000
  50, 0,23.600000000000001,42.126666666666701,21.699999999999999,43.500000000000000,24.500000000000000,39.789999999999999
  60, 0,19.230000000000000,38.729999999999997,18.500000000000000,38.289999999999999,18.789999999999999,39.789999999999999
  50, 0,20.699999999999999,40.590000000000003,19.100000000000001,40.466666666666697,20.230000000000000,40.229999999999997
  40, 0,19.230000000000000,44.126666666666701,18.500000000000000,43.899999999999999,19.789999999999999,44.663333333333298
  20, 0,20.100000000000001,37.229999999999997,19.166666666666700,36.826666666666704,19.260000000000002,39.663333333333298
  70, 0,24.739999999999998,48.707000000000001,24.518018018018001,46.003843843843804,26.722999999999999,43.229999999999997
  50, 0,21.500000000000000,35.759999999999998,19.199999999999999,38.193333333333300,20.390000000000001,35.933333333333302
  40, 0,21.566666666666698,32.593333333333298,20.100000000000001,32.289999999999999,20.390000000000001,35.000000000000000
  70, 0,23.500000000000000,44.530000000000001,22.289999999999999,44.134000000000000,24.356666666666701,40.700000000000003
  40, 0,19.390000000000001,41.344999999999999,18.289999999999999,41.500000000000000,19.699999999999999,40.700000000000003
  60, 0,22.500000000000000,35.399999999999999,19.890000000000001,37.289999999999999,23.100000000000001,36.899999999999999
  50, 0,22.789999999999999,33.430000000000000,21.390000000000001,33.200000000000003,21.600000000000001,34.789999999999999
  80, 0,21.856666666666701,35.590000000000003,21.166666666666700,35.126666666666701,25.000000000000000,36.633333333333297
  60, 0,21.000000000000000,37.500000000000000,18.100000000000001,40.826666666666704,21.289999999999999,36.560000000000002
  70, 0,22.699999999999999,36.633333333333297,19.963333333333299,38.090000000000003,23.600000000000001,34.030000000000001
  40, 0,18.789999999999999,46.500000000000000,18.000000000000000,46.500000000000000,19.600000000000001,45.000000000000000
  50, 0,20.000000000000000,43.759999999999998,19.000000000000000,44.090000000000003,20.199999999999999,44.399999999999999
  50, 0,21.789999999999999,34.729999999999997,20.000000000000000,35.433333333333302,21.289999999999999,35.090000000000003
 230,10,22.789999999999999,28.193333333333300,22.000000000000000,26.359999999999999,22.500000000000000,34.560000000000002
 290, 0,21.890000000000001,44.859999999999999,19.600000000000001,47.963333333333303,24.326666666666700,42.296666666666702
  70, 0,21.500000000000000,38.433333333333302,19.199999999999999,40.466666666666697,23.289999999999999,36.000000000000000
  60, 0,20.823333333333299,37.030000000000001,21.300000000000001,36.026666666666699,21.890000000000001,35.090000000000003
  40, 0,20.356666666666701,36.700000000000003,18.500000000000000,37.326666666666704,20.390000000000001,37.259999999999998
  70, 0,22.500000000000000,37.729999999999997,19.390000000000001,41.789999999999999,23.323333333333299,38.863333333333301
 340, 0,20.066666666666698,39.863333333333301,18.100000000000001,41.156666666666702,20.789999999999999,39.663333333333298
 140,20,22.600000000000001,41.256666666666703,21.000000000000000,40.530000000000001,22.390000000000001,38.333333333333300
  60,20,21.289999999999999,39.933333333333302,18.533333333333299,43.789999999999999,22.000000000000000,38.289999999999999
  50, 0,21.500000000000000,40.399999999999999,18.890000000000001,44.200000000000003,22.600000000000001,38.289999999999999
 150, 0,20.789999999999999,42.229999999999997,20.100000000000001,40.200000000000003,21.600000000000001,40.966666666666697
  60, 0,25.000000000000000,38.789999999999999,24.566666666666698,36.899999999999999,25.289999999999999,37.500000000000000
 100,20,23.100000000000001,44.545000000000002,22.533333333333299,42.899999999999999,22.426666666666701,44.483333333333299
  40, 0,21.390000000000001,40.090000000000003,18.566666666666698,44.126666666666701,22.199999999999999,38.399999999999999
  50, 0,20.500000000000000,37.000000000000000,19.289999999999999,37.590000000000003,20.000000000000000,37.433333333333302
 100, 0,22.199999999999999,36.656666666666702,20.289999999999999,37.466666666666697,22.000000000000000,35.399999999999999
 290,20,21.199999999999999,45.045000000000002,20.289999999999999,43.030000000000001,23.199999999999999,42.930000000000000
 130,10,20.463333333333299,40.166666666666700,19.789999999999999,35.000000000000000,19.890000000000001,36.363333333333301
  60, 0,22.600000000000001,39.000000000000000,20.289999999999999,39.844999999999999,24.856666666666701,36.259999999999998
 130, 0,21.289999999999999,40.000000000000000,19.500000000000000,39.590000000000003,21.199999999999999,38.899999999999999
  90,30,21.600000000000001,47.066666666666698,21.100000000000001,44.826666666666704,22.066666666666698,46.026666666666699
  50, 0,17.289999999999999,42.826666666666704,16.390000000000001,43.000000000000000,17.699999999999999,41.000000000000000
  70,20,22.789999999999999,32.060000000000002,21.030000000000001,32.096666666666700,21.699999999999999,33.663333333333298
  50, 0,21.390000000000001,39.399999999999999,18.699999999999999,43.200000000000003,22.390000000000001,38.363333333333301
 110, 0,22.890000000000001,43.289999999999999,21.199999999999999,44.289999999999999,24.289999999999999,38.966666666666697
  50, 0,19.890000000000001,38.090000000000003,17.500000000000000,41.000000000000000,21.000000000000000,37.289999999999999
  60, 0,21.390000000000001,35.363333333333301,18.963333333333299,35.656666666666702,20.323333333333299,37.326666666666704
  50, 0,21.890000000000001,37.399999999999999,18.175000000000001,42.722499999999997,23.289999999999999,37.590000000000003
  50, 0,24.603636363636401,50.804272727272703,24.004504504504499,49.154294294294303,27.025727272727298,44.893636363636404
 140,20,22.823333333333299,39.566666666666698,21.199999999999999,40.000000000000000,22.666666666666700,37.966666666666697
  90, 0,21.789999999999999,40.729999999999997,20.260000000000002,41.590000000000003,21.199999999999999,40.466666666666697
  60, 0,21.890000000000001,34.363333333333301,19.890000000000001,35.090000000000003,20.500000000000000,36.530000000000001
  40, 0,22.356666666666701,35.500000000000000,19.566666666666698,37.899999999999999,23.260000000000002,37.163333333333298
 100, 0,25.260000000000002,38.656666666666702,24.666666666666700,37.359999999999999,25.390000000000001,36.863333333333301
  30, 0,21.890000000000001,36.399999999999999,19.566666666666698,37.729999999999997,22.000000000000000,35.700000000000003
  60, 0,21.926666666666701,35.789999999999999,19.000000000000000,38.363333333333301,23.199999999999999,37.200000000000003
  60,20,22.789999999999999,36.590000000000003,20.856666666666701,38.200000000000003,22.100000000000001,36.399999999999999
  60, 0,23.100000000000001,34.430000000000000,21.500000000000000,34.060000000000002,23.100000000000001,36.090000000000003
  60, 0,22.730000000000000,39.193333333333300,21.699999999999999,38.000000000000000,21.500000000000000,42.030000000000001
  50,10,21.390000000000001,47.200000000000003,20.500000000000000,47.200000000000003,21.699999999999999,46.700000000000003
  40, 0,21.500000000000000,40.200000000000003,18.533333333333299,44.399999999999999,22.789999999999999,39.200000000000003
  60, 0,24.100000000000001,31.566666666666698,24.199999999999999,28.566666666666698,23.566666666666698,34.000000000000000
  60, 0,19.133333333333301,39.000000000000000,17.533333333333299,40.759999999999998,19.890000000000001,37.399999999999999
  60, 0,24.100000000000001,47.789999999999999,22.500000000000000,49.126666666666701,25.323333333333299,42.700000000000003
  60, 0,22.390000000000001,39.200000000000003,19.890000000000001,41.700000000000003,22.340000000000000,38.899999999999999
  40, 0,18.000000000000000,39.966666666666697,17.000000000000000,40.500000000000000,18.199999999999999,39.626666666666701
  40, 0,17.289999999999999,42.789999999999999,16.390000000000001,42.933333333333302,17.699999999999999,41.000000000000000
 270, 0,21.289999999999999,34.193333333333300,20.000000000000000,34.560000000000002,20.789999999999999,35.126666666666701
  50, 0,21.789999999999999,39.759999999999998,19.730000000000000,42.363333333333301,22.890000000000001,37.789999999999999
 390, 0,24.199999999999999,41.700000000000003,25.390000000000001,36.289999999999999,26.100000000000001,37.090000000000003
 100, 0,21.856666666666701,36.156666666666702,19.926666666666701,36.399999999999999,21.533333333333299,34.863333333333301
 320,10,21.260000000000002,34.233333333333299,19.500000000000000,33.000000000000000,22.930000000000000,34.863333333333301
 130, 0,25.566666666666698,48.363333333333301,24.890000000000001,46.700000000000003,26.199999999999999,45.090000000000003
  50, 0,19.066666666666698,41.759999999999998,18.390000000000001,41.030000000000001,19.289999999999999,42.933333333333302
  40, 0,21.699999999999999,44.899999999999999,20.840000000000000,44.272500000000001,22.289999999999999,44.893888888888902
 100, 0,21.890000000000001,44.756666666666703,21.100000000000001,40.299999999999997,22.500000000000000,35.566666666666698
  50, 0,20.426666666666701,43.126666666666701,19.823333333333299,41.229999999999997,20.890000000000001,41.789999999999999
  60, 0,22.166666666666700,42.163333333333298,24.267499999999998,37.567500000000003,23.133333333333301,39.000000000000000
  60, 0,22.100000000000001,44.590000000000003,20.890000000000001,45.060000000000002,22.890000000000001,41.826666666666704
  40, 0,20.500000000000000,36.966666666666697,19.699999999999999,36.590000000000003,19.600000000000001,40.163333333333298
 110,20,22.730000000000000,43.966666666666697,21.500000000000000,43.500000000000000,23.100000000000001,40.700000000000003
 120,20,17.199999999999999,43.399999999999999,16.289999999999999,43.729999999999997,17.600000000000001,41.433333333333302
  60,20,22.890000000000001,45.289999999999999,21.968571428571401,45.264285714285698,24.500000000000000,40.244999999999997
  80, 0,23.199999999999999,41.899999999999999,23.963333333333299,38.466666666666697,24.199999999999999,39.500000000000000
  60,20,21.730000000000000,37.399999999999999,19.890000000000001,38.466666666666697,20.600000000000001,38.530000000000001
  50, 0,20.789999999999999,43.090000000000003,19.000000000000000,46.000000000000000,21.699999999999999,39.789999999999999
  70, 0,20.600000000000001,35.463333333333303,17.323333333333299,39.133333333333297,21.600000000000001,34.560000000000002
  30, 0,18.699999999999999,46.289999999999999,18.033333333333299,46.530000000000001,19.699999999999999,44.590000000000003
 100, 0,21.533333333333299,44.926666666666698,21.000000000000000,42.766666666666701,22.289999999999999,40.000000000000000
  80, 0,22.600000000000001,31.733333333333299,26.760000000000002,23.366666666666699,23.289999999999999,33.296666666666702
  60, 0,22.199999999999999,38.700000000000003,19.500000000000000,41.363333333333301,24.789999999999999,37.289999999999999
  90, 0,23.600000000000001,37.500000000000000,21.890000000000001,38.094000000000001,24.199999999999999,36.289999999999999
  40, 0,20.600000000000001,34.933333333333302,16.890000000000001,40.026666666666699,21.230000000000000,34.826666666666704
  80,10,21.199999999999999,45.000000000000000,20.600000000000001,41.223333333333301,21.390000000000001,43.259999999999998
  80, 0,22.600000000000001,42.789999999999999,21.856666666666701,40.560000000000002,22.600000000000001,43.399999999999999
  40, 0,21.666666666666700,47.893333333333302,21.000000000000000,45.545000000000002,22.100000000000001,46.399999999999999
  90,10,21.199999999999999,40.433333333333302,18.163333333333298,45.433333333333302,22.426666666666701,38.326666666666704
 120,10,22.199999999999999,40.299999999999997,21.100000000000001,40.233333333333299,24.292500000000000,36.997500000000002
  90, 0,23.390000000000001,38.700000000000003,21.133333333333301,39.966666666666697,23.289999999999999,38.500000000000000
  60, 0,23.963333333333299,40.000000000000000,25.289999999999999,34.399999999999999,24.390000000000001,37.590000000000003
  90,10,22.199999999999999,45.000000000000000,21.426666666666701,44.826666666666704,22.699999999999999,42.060000000000002
 240,10,20.100000000000001,42.289999999999999,18.289999999999999,42.433333333333302,21.390000000000001,39.090000000000003
  30, 0,21.600000000000001,38.759999999999998,19.890000000000001,39.560000000000002,21.289999999999999,38.060000000000002
  90, 0,23.760000000000002,34.826666666666704,26.033333333333299,29.730000000000000,23.890000000000001,36.390000000000001
  50, 0,22.199999999999999,43.399999999999999,20.199999999999999,44.590000000000003,23.390000000000001,40.789999999999999
  60,10,22.600000000000001,32.693333333333300,25.463333333333299,26.196666666666701,22.699999999999999,32.530000000000001
  40, 0,20.390000000000001,37.060000000000002,19.533333333333299,36.663333333333298,19.500000000000000,40.060000000000002
  70, 0,17.890000000000001,35.700000000000003,16.699999999999999,36.700000000000003,18.199999999999999,37.399999999999999
 140,20,23.000000000000000,41.229999999999997,22.199999999999999,40.289999999999999,21.789999999999999,42.863333333333301
  50, 0,20.730000000000000,35.090000000000003,21.323333333333299,32.223333333333301,21.500000000000000,35.000000000000000
  80, 0,24.789999999999999,37.526666666666699,24.166666666666700,35.833333333333300,26.100000000000001,36.789999999999999
  80, 0,22.100000000000001,36.259999999999998,20.000000000000000,37.590000000000003,22.699999999999999,34.399999999999999
 100,20,21.323333333333299,42.723333333333301,19.633333333333301,41.899999999999999,20.856666666666701,42.000000000000000
  60, 0,24.699999999999999,38.899999999999999,23.323333333333299,38.399999999999999,25.600000000000001,38.500000000000000
  80, 0,21.426666666666701,37.560000000000002,18.166666666666700,42.826666666666704,23.230000000000000,37.729999999999997
  30, 0,21.600000000000001,38.700000000000003,18.890000000000001,41.933333333333302,22.390000000000001,39.000000000000000
  60, 0,21.699999999999999,40.500000000000000,18.890000000000001,44.363333333333301,22.856666666666701,39.466666666666697
 120,10,21.890000000000001,38.090000000000003,19.890000000000001,37.759999999999998,22.199999999999999,35.126666666666701
 110, 0,24.441558441558399,37.330519480519499,23.615259740259699,34.977922077922102,24.850389610389598,36.644805194805201
  60, 0,21.289999999999999,38.289999999999999,18.600000000000001,41.789999999999999,22.789999999999999,38.289999999999999
  60, 0,23.100000000000001,36.000000000000000,20.890000000000001,37.663333333333298,23.890000000000001,37.200000000000003
  70, 0,24.789999999999999,35.126666666666701,25.100000000000001,31.663333333333298,24.199999999999999,36.163333333333298
  90, 0,25.390000000000001,49.090000000000003,24.671428571428599,47.500000000000000,26.114285714285700,45.414285714285697
  50, 0,21.289999999999999,35.789999999999999,18.289999999999999,38.289999999999999,22.426666666666701,36.030000000000001
 150,20,23.666666666666700,43.526666666666699,22.937142857142899,41.941428571428602,24.390000000000001,39.759999999999998
  90, 0,22.289999999999999,35.826666666666704,19.890000000000001,38.163333333333298,22.100000000000001,35.000000000000000
 300, 0,21.100000000000001,33.626666666666701,19.890000000000001,31.789999999999999,22.996666666666702,38.026666666666699
  60,10,20.890000000000001,38.526666666666699,20.289999999999999,38.066666666666698,20.500000000000000,39.826666666666704
 380,10,22.500000000000000,44.796666666666702,22.500000000000000,42.560000000000002,25.133333333333301,42.693333333333300
  60, 0,22.890000000000001,40.399999999999999,20.600000000000001,42.759999999999998,23.199999999999999,39.500000000000000
  60, 0,22.100000000000001,44.789999999999999,21.699999999999999,43.500000000000000,21.920555555555602,44.500000000000000
  70,10,22.600000000000001,43.289999999999999,21.323333333333299,43.663333333333298,25.730000000000000,37.656666666666702
  80, 0,24.100000000000001,48.060000000000002,23.323333333333299,47.600000000000001,25.500000000000000,42.663333333333298
  50, 0,21.100000000000001,35.399999999999999,19.390000000000001,36.626666666666701,21.699999999999999,34.933333333333302
 110, 0,24.100000000000001,42.126666666666701,26.500000000000000,34.645000000000003,27.260000000000002,40.156666666666702
 120, 0,21.033333333333299,34.466666666666697,20.100000000000001,32.590000000000003,21.500000000000000,34.863333333333301
  40, 0,20.463333333333299,36.899999999999999,17.390000000000001,40.700000000000003,20.199999999999999,36.899999999999999
  50, 0,24.485454545454498,52.621909090909099,23.559459459459500,51.884684684684700,27.288090909090901,46.335454545454503
  50, 0,24.612727272727302,50.664454545454497,24.038738738738701,48.944264264264298,27.005545454545501,44.782727272727300
  90,30,20.066666666666698,38.163333333333298,19.199999999999999,37.659999999999997,19.789999999999999,38.060000000000002
