Usage_kWh,Lagging_Current_Reactive.Power_kVarh,Leading_Current_Reactive_Power_kVarh,Lagging_Current_Power_Factor,Leading_Current_Power_Factor,WeekStatus,Day_of_week,Load_Type
2.99,3.02,0,70.36,100,Weekend,Sunday,Light_Load
29.95,24.37,0,77.57,100,Weekday,Thursday,Light_Load
3.56,0,9.86,100,33.96,Weekend,Saturday,Medium_Load
2.81,4.1,0,56.53,100,Weekend,Sunday,Light_Load
3.2,0,16.09,100,19.51,Weekend,Saturday,Light_Load
4.86,6.62,0,59.18,100,Weekday,Friday,Light_Load
3.85,3.24,0,76.51,100,Weekend,Sunday,Light_Load
29.23,23.15,0,78.39,100,Weekday,Thursday,Light_Load
3.64,6.98,0,46.24,100,Weekday,Tuesday,Light_Load
55.84,19.22,0,94.56,100,Weekday,Monday,Medium_Load
4.79,5.8,0,63.68,100,Weekend,Sunday,Light_Load
6.8,5.36,0,78.54,100,Weekday,Monday,Light_Load
3.17,5.47,0,50.14,100,Weekday,Wednesday,Light_Load
53.96,18.11,0,94.8,100,Weekday,Friday,Medium_Load
4.14,3.42,0.11,77.1,99.96,Weekday,Tuesday,Light_Load
69.16,37.15,0,88.09,100,Weekday,Friday,Light_Load
33.16,0,7.16,100,97.75,Weekday,Wednesday,Medium_Load
3.02,0,11.23,100,25.97,Weekend,Sunday,Light_Load
64.04,56.95,0,74.73,100,Weekday,Thursday,Maximum_Load
30.2,0.5,1.33,99.99,99.9,Weekend,Saturday,Medium_Load
3.78,0,19.19,100,19.33,Weekday,Monday,Medium_Load
128.56,45.4,0,94.29,100,Weekday,Friday,Maximum_Load
3.6,3.56,0,71.1,100,Weekday,Thursday,Light_Load
13.75,2.81,12.56,97.97,73.83,Weekday,Tuesday,Medium_Load
2.88,5.18,0,48.59,100,Weekday,Tuesday,Light_Load
59.11,29.38,0,89.55,100,Weekday,Monday,Maximum_Load
3.13,3.85,0,63.08,100,Weekday,Tuesday,Light_Load
2.88,5.4,0,47.06,100,Weekend,Sunday,Light_Load
3.38,0,16.24,100,20.38,Weekend,Saturday,Medium_Load
29.81,3.64,2.12,99.26,99.75,Weekend,Sunday,Medium_Load
3.85,4.18,0,67.75,100,Weekday,Monday,Light_Load
45.76,40.64,0,74.77,100,Weekday,Monday,Light_Load
3.1,2.66,0,75.89,100,Weekday,Thursday,Light_Load
2.77,4.5,0,52.42,100,Weekday,Monday,Light_Load
45.54,15.91,0,94.4,100,Weekday,Thursday,Medium_Load
41.18,11.02,0.43,96.6,99.99,Weekend,Saturday,Maximum_Load
74.38,32.15,0,91.79,100,Weekday,Tuesday,Medium_Load
67.68,36.18,0,88.19,100,Weekend,Saturday,Medium_Load
3.13,3.82,0,63.38,100,Weekday,Tuesday,Light_Load
2.84,0,11.66,100,23.66,Weekend,Sunday,Light_Load
51.34,9.76,0,98.24,100,Weekday,Friday,Maximum_Load
2.92,3.74,1.22,61.54,92.27,Weekday,Friday,Light_Load
4.57,0,17.35,100,25.47,Weekday,Tuesday,Medium_Load
2.95,4.43,0,55.43,100,Weekend,Saturday,Light_Load
3.96,0,6.52,100,51.91,Weekend,Saturday,Light_Load
4.46,4.25,0,72.39,100,Weekday,Thursday,Light_Load
101.16,42.91,0,92.06,100,Weekday,Tuesday,Maximum_Load
59.62,37.73,0,84.5,100,Weekday,Tuesday,Maximum_Load
88.99,30.96,0,94.45,100,Weekend,Saturday,Maximum_Load
3.67,1.84,10.91,89.39,31.88,Weekday,Friday,Medium_Load
3.1,2.92,0,72.79,100,Weekend,Saturday,Medium_Load
45.79,35.21,0,79.27,100,Weekday,Monday,Maximum_Load
42.66,27,0,84.5,100,Weekday,Monday,Medium_Load
5.76,0,17.14,100,31.85,Weekday,Tuesday,Medium_Load
3.67,6.62,0,48.49,100,Weekday,Friday,Light_Load
2.99,4.07,0,59.21,100,Weekend,Sunday,Light_Load
82.44,42.52,0,88.88,100,Weekday,Monday,Medium_Load
8.5,0.25,15.73,99.96,47.54,Weekday,Friday,Medium_Load
2.95,4.54,0,54.49,100,Weekday,Thursday,Light_Load
2.81,4.14,0,56.16,100,Weekday,Monday,Light_Load
3.53,0,16.24,100,21.24,Weekend,Sunday,Light_Load
88.16,40.43,0,90.9,100,Weekday,Friday,Medium_Load
2.77,3.82,0,58.7,100,Weekend,Sunday,Light_Load
17.35,0.5,10.51,99.96,85.53,Weekend,Sunday,Maximum_Load
69.05,38.88,0,87.14,100,Weekday,Monday,Medium_Load
2.74,5.44,0,44.98,100,Weekday,Monday,Light_Load
3.42,4.61,0,59.58,100,Weekday,Wednesday,Light_Load
3.71,1.87,10.69,89.3,32.79,Weekday,Wednesday,Medium_Load
50.65,20.34,0,92.8,100,Weekday,Friday,Medium_Load
6.19,6.77,0,67.48,100,Weekday,Thursday,Light_Load
102.6,77.65,0,79.74,100,Weekday,Wednesday,Light_Load
39.78,1.01,1.69,99.97,99.91,Weekday,Monday,Medium_Load
2.77,5.47,0,45.18,100,Weekend,Saturday,Light_Load
29.23,4.72,0.54,98.72,99.98,Weekday,Monday,Medium_Load
40.5,16.13,0.04,92.9,100,Weekday,Monday,Medium_Load
3.35,4.79,0,57.31,100,Weekday,Thursday,Light_Load
3.6,4.1,0,65.98,100,Weekday,Friday,Light_Load
2.92,0,16.42,100,17.51,Weekday,Friday,Light_Load
3.13,5.29,0,50.92,100,Weekend,Saturday,Light_Load
47.84,11.02,0,97.45,100,Weekday,Friday,Maximum_Load
3.38,6.91,0,43.94,100,Weekday,Friday,Light_Load
5.51,7.27,0,60.4,100,Weekend,Saturday,Light_Load
4.03,0,17.1,100,22.94,Weekend,Sunday,Medium_Load
3.85,0,21.92,100,17.3,Weekend,Saturday,Medium_Load
4.14,5.33,0,61.34,100,Weekday,Friday,Light_Load
92.41,65.66,0,81.52,100,Weekday,Monday,Light_Load
56.81,35.32,0,84.92,100,Weekday,Friday,Light_Load
64.26,37.3,0,86.49,100,Weekend,Saturday,Maximum_Load
2.74,0,11.74,100,22.73,Weekend,Sunday,Light_Load
2.52,4.57,0,48.29,100,Weekday,Wednesday,Light_Load
108.86,35.03,0,95.19,100,Weekday,Wednesday,Medium_Load
67.28,32.36,0,90.12,100,Weekday,Thursday,Maximum_Load
29.88,0,4.03,100,99.1,Weekday,Friday,Medium_Load
4.93,0,19.26,100,24.8,Weekday,Monday,Medium_Load
3.1,3.67,0,64.53,100,Weekend,Sunday,Light_Load
6.37,5.4,0,76.28,100,Weekday,Friday,Light_Load
51.08,6.73,1.94,99.14,99.93,Weekday,Friday,Medium_Load
3.17,4.54,0,57.25,100,Weekend,Sunday,Light_Load
3.02,3.74,0,62.82,100,Weekday,Friday,Light_Load
3.53,7.38,0,43.15,100,Weekday,Tuesday,Light_Load
56.84,14.8,0,96.77,100,Weekday,Tuesday,Light_Load
65.23,39.46,0,85.56,100,Weekday,Thursday,Maximum_Load
12.46,0.36,7.74,99.96,84.95,Weekday,Tuesday,Medium_Load
6.23,0,15.34,100,37.63,Weekday,Friday,Medium_Load
3.89,2.7,0.29,82.15,99.72,Weekday,Friday,Light_Load
48.42,19.22,0,92.95,100,Weekday,Thursday,Maximum_Load
103.43,40.9,0,92.99,100,Weekday,Monday,Medium_Load
3.13,3.49,0,66.77,100,Weekday,Tuesday,Light_Load
2.92,4.36,0,55.65,100,Weekday,Monday,Light_Load
2.7,5.18,0,46.22,100,Weekday,Tuesday,Light_Load
3.1,3.13,0,70.37,100,Weekend,Sunday,Light_Load
51.52,52.7,0,69.91,100,Weekday,Friday,Light_Load
3.92,0,17.42,100,21.95,Weekday,Wednesday,Medium_Load
3.56,3.31,0,73.24,100,Weekday,Wednesday,Light_Load
31.32,5.65,0.94,98.41,99.95,Weekday,Tuesday,Maximum_Load
4.54,4.14,0,73.89,100,Weekday,Wednesday,Light_Load
45.79,12.46,0.04,96.49,100,Weekday,Friday,Medium_Load
5.29,0,21.35,100,24.05,Weekend,Saturday,Maximum_Load
3.67,3.49,0,72.47,100,Weekday,Wednesday,Light_Load
52.52,18.25,0,94.46,100,Weekday,Thursday,Medium_Load
49.28,16.63,0,94.75,100,Weekday,Wednesday,Maximum_Load
29.92,0.04,5.83,100,98.15,Weekday,Monday,Medium_Load
46.66,12.1,0,96.8,100,Weekday,Thursday,Medium_Load
72.76,9.97,0.54,99.07,100,Weekday,Wednesday,Medium_Load
2.92,1.87,0.29,84.21,99.51,Weekend,Sunday,Light_Load
2.74,4.72,0,50.2,100,Weekday,Thursday,Light_Load
2.99,3.96,0,60.26,100,Weekend,Saturday,Light_Load
3.78,3.2,0.04,76.32,99.99,Weekend,Saturday,Light_Load
4.03,0,21.28,100,18.61,Weekday,Monday,Light_Load
2.66,5.08,0,46.39,100,Weekday,Friday,Light_Load
62.96,23.51,0,93.68,100,Weekday,Friday,Medium_Load
4.46,4.75,0,68.45,100,Weekend,Sunday,Light_Load
3.17,0,13.75,100,22.47,Weekend,Sunday,Light_Load
51.88,25.38,0,89.83,100,Weekday,Wednesday,Medium_Load
2.77,5.08,0,47.87,100,Weekend,Sunday,Medium_Load
105.16,49.68,0,90.42,100,Weekday,Wednesday,Maximum_Load
42.08,5.8,6.95,99.06,98.66,Weekday,Friday,Medium_Load
56.41,21.1,0,93.66,100,Weekday,Thursday,Maximum_Load
65.09,49.46,0,79.62,100,Weekday,Friday,Maximum_Load
56.45,32.98,0,86.34,100,Weekday,Wednesday,Maximum_Load
60.73,29.88,0,89.73,100,Weekday,Wednesday,Maximum_Load
3.13,3.82,0,63.38,100,Weekend,Saturday,Light_Load
34.81,3.46,1.91,99.51,99.85,Weekday,Tuesday,Medium_Load
96.66,38.23,0,92.99,100,Weekday,Thursday,Maximum_Load
81.32,40.25,0,89.62,100,Weekday,Wednesday,Maximum_Load
41.44,3.78,1.55,99.59,99.93,Weekday,Monday,Medium_Load
2.92,4.28,0,56.36,100,Weekend,Saturday,Medium_Load
2.95,1.98,0.18,83.03,99.81,Weekday,Thursday,Light_Load
45.4,20.45,0,91.18,100,Weekday,Tuesday,Medium_Load
47.23,18.94,0,92.82,100,Weekday,Friday,Maximum_Load
3.38,4.68,0,58.55,100,Weekday,Friday,Light_Load
2.84,0,17.24,100,16.25,Weekday,Wednesday,Light_Load
3.02,0,14.69,100,20.14,Weekend,Sunday,Light_Load
3.46,7.06,0.07,44.01,99.98,Weekday,Wednesday,Medium_Load
4.5,7.99,0,49.07,100,Weekend,Saturday,Light_Load
5.87,2.41,0.58,92.51,99.52,Weekday,Thursday,Light_Load
2.95,4.21,0,57.39,100,Weekday,Monday,Light_Load
36.07,2.34,0.25,99.79,100,Weekend,Saturday,Maximum_Load
3.1,4.97,0,52.92,100,Weekday,Tuesday,Light_Load
2.95,0,17.1,100,17,Weekend,Sunday,Light_Load
96.84,11.52,0.14,99.3,100,Weekday,Tuesday,Maximum_Load
2.77,0,14,100,19.41,Weekend,Sunday,Light_Load
82.08,78.26,0,72.37,100,Weekday,Monday,Light_Load
3.31,5.4,0,52.26,100,Weekday,Thursday,Light_Load
66.46,47.74,0,81.22,100,Weekday,Thursday,Light_Load
4.54,0,26.6,100,16.82,Weekday,Friday,Medium_Load
3.28,0,5.44,100,51.63,Weekend,Sunday,Light_Load
6.55,5.9,0,74.3,100,Weekend,Saturday,Light_Load
2.99,5.47,0,47.96,100,Weekday,Wednesday,Light_Load
3.06,3.13,0,69.91,100,Weekday,Friday,Light_Load
88.09,41.83,0,90.33,100,Weekday,Monday,Maximum_Load
71.42,43.6,0,85.35,100,Weekday,Tuesday,Maximum_Load
4.46,0,19.69,100,22.09,Weekend,Sunday,Light_Load
4.57,3.06,0.14,83.09,99.95,Weekday,Monday,Light_Load
49.54,36,0,80.9,100,Weekday,Tuesday,Maximum_Load
2.88,4.75,0,51.85,100,Weekday,Tuesday,Light_Load
58.72,22,0,93.64,100,Weekday,Wednesday,Medium_Load
3.28,4.79,0,56.5,100,Weekend,Sunday,Light_Load
2.7,3.64,0,59.58,100,Weekend,Sunday,Light_Load
61.42,32.36,0,88.47,100,Weekday,Monday,Medium_Load
4,0,16.45,100,23.63,Weekday,Friday,Medium_Load
13.43,0,14.76,100,67.3,Weekday,Monday,Medium_Load
3.82,0,15.7,100,23.64,Weekday,Friday,Medium_Load
3.53,3.38,0,72.23,100,Weekday,Thursday,Light_Load
104.4,39.38,0,93.56,100,Weekday,Tuesday,Medium_Load
3.13,2.41,0,79.23,100,Weekday,Thursday,Light_Load
3.89,6.77,0,49.82,100,Weekday,Monday,Light_Load
24.44,4.68,4.86,98.22,98.08,Weekday,Thursday,Medium_Load
3.13,5.98,0,46.37,100,Weekday,Wednesday,Light_Load
94.93,42.37,0,91.32,100,Weekday,Monday,Maximum_Load
55.04,24.73,0,91.22,100,Weekday,Thursday,Maximum_Load
36.79,26.53,0,81.11,100,Weekday,Tuesday,Light_Load
5.04,4.1,0,77.57,100,Weekday,Friday,Light_Load
4.18,0,17.1,100,23.75,Weekend,Sunday,Light_Load
85.97,41.36,0,90.11,100,Weekday,Tuesday,Medium_Load
53.06,32.44,0,85.32,100,Weekday,Monday,Maximum_Load
94.79,39.46,0,92.32,100,Weekday,Friday,Maximum_Load
29.77,0,7.09,100,97.28,Weekday,Tuesday,Medium_Load
40.86,5.08,0.4,99.24,100,Weekday,Friday,Medium_Load
58.07,30.78,0,88.36,100,Weekday,Thursday,Medium_Load
3.17,4.82,0,54.95,100,Weekend,Saturday,Light_Load
111.13,37.58,0,94.73,100,Weekday,Friday,Maximum_Load
3.67,7.7,0,43.03,100,Weekday,Tuesday,Light_Load
3.38,4.54,0,59.72,100,Weekend,Sunday,Light_Load
2.84,4.82,0,50.76,100,Weekday,Tuesday,Light_Load
108,40.86,0,93.53,100,Weekday,Monday,Maximum_Load
4.75,0,24.19,100,19.27,Weekday,Wednesday,Medium_Load
83.16,46.87,0,87.12,100,Weekday,Wednesday,Maximum_Load
4.93,0,18.61,100,25.61,Weekday,Tuesday,Medium_Load
37.01,1.69,0.86,99.9,99.97,Weekday,Thursday,Medium_Load
5.11,0,20.63,100,24.04,Weekend,Sunday,Light_Load
4.61,4.9,0,68.52,100,Weekday,Thursday,Light_Load
74.27,32.62,0,91.56,100,Weekday,Monday,Maximum_Load
75.49,52.13,0,82.29,100,Weekday,Monday,Light_Load
4.79,0,26.28,100,17.93,Weekday,Tuesday,Medium_Load
55.62,26.17,0,90.48,100,Weekday,Friday,Maximum_Load
7.42,0,18.58,100,37.09,Weekday,Wednesday,Medium_Load
3.06,0,13.97,100,21.4,Weekend,Sunday,Light_Load
3.49,1.66,13.21,90.31,25.54,Weekend,Saturday,Medium_Load
32.9,13.57,0,92.45,100,Weekday,Monday,Medium_Load
104.72,56.92,0,87.86,100,Weekend,Saturday,Light_Load
77.33,44.14,0,86.85,100,Weekday,Monday,Medium_Load
2.81,0,11.52,100,23.7,Weekend,Sunday,Light_Load
144.47,78.48,0,87.87,100,Weekday,Tuesday,Maximum_Load
2.84,0,10.48,100,26.16,Weekday,Monday,Light_Load
2.88,4.07,0,57.76,100,Weekend,Sunday,Light_Load
43.06,17.24,0,92.84,100,Weekday,Wednesday,Medium_Load
26.1,0,8.5,100,95.08,Weekend,Saturday,Medium_Load
72.76,56.27,0,79.1,100,Weekday,Tuesday,Medium_Load
3.38,3.82,0,66.27,100,Weekday,Thursday,Light_Load
58.82,28.48,0,90,100,Weekday,Monday,Maximum_Load
53.57,25.96,0,89.99,100,Weekday,Thursday,Maximum_Load
2.84,0,7.56,100,35.17,Weekend,Sunday,Light_Load
65.88,27.76,0,92.15,100,Weekday,Tuesday,Maximum_Load
91.66,33.16,0,94.04,100,Weekday,Friday,Maximum_Load
3.96,0,17.24,100,22.39,Weekend,Sunday,Light_Load
2.88,6.05,0,42.98,100,Weekday,Friday,Light_Load
60.98,38.3,0,84.68,100,Weekday,Friday,Light_Load
5.83,5.72,0,71.38,100,Weekend,Sunday,Light_Load
70.63,40.21,0,86.9,100,Weekday,Thursday,Maximum_Load
3.46,2.99,0,75.66,100,Weekday,Monday,Light_Load
83.09,47.77,0,86.69,100,Weekday,Wednesday,Maximum_Load
74.56,15.34,1.19,97.95,99.99,Weekday,Thursday,Maximum_Load
105.37,38.2,0,94.01,100,Weekday,Thursday,Medium_Load
77.33,6.01,0.07,99.7,100,Weekend,Saturday,Medium_Load
87.08,40.03,0,90.86,100,Weekday,Monday,Medium_Load
4.07,0,22.97,100,17.45,Weekday,Friday,Light_Load
3.96,0,22.68,100,17.2,Weekday,Friday,Light_Load
3.06,0,16.27,100,18.48,Weekend,Sunday,Light_Load
66.78,45.61,0,82.58,100,Weekday,Wednesday,Maximum_Load
49.64,13.86,0,96.32,100,Weekday,Friday,Medium_Load
2.77,4.14,0,55.61,100,Weekday,Monday,Light_Load
4.21,4.82,0,65.78,100,Weekend,Sunday,Light_Load
4.07,3.6,0,74.9,100,Weekend,Sunday,Light_Load
2.74,4.82,0,49.42,100,Weekend,Sunday,Light_Load
3.42,0,14.94,100,22.31,Weekend,Sunday,Light_Load
2.7,4.75,0,49.42,100,Weekend,Saturday,Light_Load
2.92,4.9,0,51.19,100,Weekday,Thursday,Light_Load
7.42,0,20.3,100,34.33,Weekend,Sunday,Maximum_Load
2.74,0,5,100,48.06,Weekday,Friday,Light_Load
3.6,4.57,0,61.88,100,Weekday,Tuesday,Medium_Load
3.06,3.67,0,64.04,100,Weekend,Sunday,Light_Load
2.95,5.51,0,47.2,100,Weekday,Friday,Light_Load
3.13,4.86,0,54.15,100,Weekend,Saturday,Light_Load
46.91,13.82,0,95.92,100,Weekday,Tuesday,Medium_Load
2.88,4.57,0,53.32,100,Weekday,Friday,Light_Load
3.17,0,17.1,100,18.23,Weekend,Saturday,Light_Load
7.34,0,25.2,100,27.96,Weekday,Monday,Medium_Load
3.28,3.85,0.18,64.85,99.85,Weekend,Sunday,Light_Load
42.48,13.25,0,95.46,100,Weekday,Friday,Medium_Load
3.17,2.92,0,73.55,100,Weekend,Saturday,Light_Load
98.32,47.2,0,90.15,100,Weekday,Tuesday,Light_Load
3.42,0,16.16,100,20.7,Weekend,Saturday,Medium_Load
60.37,44.5,0,80.49,100,Weekday,Wednesday,Light_Load
3.35,0,13.82,100,23.56,Weekend,Saturday,Light_Load
3.13,0,16.99,100,18.12,Weekend,Sunday,Light_Load
2.88,4.68,0,52.41,100,Weekday,Monday,Light_Load
3.06,3.24,0,68.66,100,Weekday,Friday,Light_Load
3.53,0,4.46,100,62.06,Weekend,Saturday,Medium_Load
2.77,5.47,0,45.18,100,Weekday,Monday,Light_Load
22.03,7.34,2.48,94.87,99.37,Weekend,Saturday,Maximum_Load
63.76,31,0,89.93,100,Weekday,Wednesday,Maximum_Load
3.13,6.12,0,45.53,100,Weekend,Saturday,Light_Load
4.9,0,19.58,100,24.28,Weekday,Thursday,Medium_Load
3.82,2.56,0.4,83.07,99.46,Weekday,Friday,Light_Load
4.07,5.11,0,62.3,100,Weekend,Saturday,Light_Load
82.19,47.92,0,86.39,100,Weekday,Tuesday,Medium_Load
76.79,23.98,0,95.45,100,Weekday,Monday,Medium_Load
44.89,7.81,0.04,98.52,100,Weekday,Monday,Maximum_Load
4.68,0,25.49,100,18.06,Weekend,Saturday,Maximum_Load
43.13,3.02,0.04,99.76,100,Weekday,Tuesday,Medium_Load
3.49,5.62,0,52.76,100,Weekday,Thursday,Light_Load
3.2,4.14,0,61.16,100,Weekday,Tuesday,Light_Load
3.85,0.83,13.39,97.75,27.63,Weekday,Thursday,Medium_Load
63.14,59,0,73.07,100,Weekday,Thursday,Light_Load
102.24,42.12,0,92.46,100,Weekday,Thursday,Medium_Load
3.02,5.22,0,50.08,100,Weekday,Thursday,Light_Load
3.06,4.97,0,52.43,100,Weekend,Saturday,Light_Load
2.99,5,0,51.32,100,Weekend,Saturday,Light_Load
4.14,3.38,0.11,77.46,99.96,Weekday,Wednesday,Light_Load
5.65,0,21.53,100,25.38,Weekday,Friday,Medium_Load
43.31,16.13,0,93.71,100,Weekday,Thursday,Maximum_Load
4.18,0,16.96,100,23.93,Weekend,Sunday,Light_Load
2.99,3.71,0,62.75,100,Weekday,Monday,Light_Load
3.78,3.28,0,75.53,100,Weekend,Sunday,Light_Load
2.95,0,17.57,100,16.56,Weekend,Sunday,Medium_Load
5.94,5.22,0,75.12,100,Weekday,Wednesday,Light_Load
75.17,25.06,0,94.87,100,Weekday,Wednesday,Maximum_Load
43.31,23,0,88.32,100,Weekday,Thursday,Maximum_Load
2.99,4.36,0,56.56,100,Weekend,Saturday,Light_Load
34.42,4.14,0.07,99.28,100,Weekday,Thursday,Medium_Load
3.28,3.74,0,65.94,100,Weekend,Saturday,Light_Load
109.15,46.66,0,91.95,100,Weekday,Monday,Maximum_Load
42.44,42.37,0,70.77,100,Weekday,Friday,Light_Load
3.56,0,16.74,100,20.8,Weekend,Sunday,Light_Load
4.1,0,17.46,100,22.86,Weekend,Sunday,Light_Load
55.26,16.81,0,95.67,100,Weekday,Wednesday,Light_Load
33.91,13.68,0.61,92.74,99.98,Weekday,Thursday,Medium_Load
78.12,33.34,0,91.97,100,Weekday,Thursday,Medium_Load
2.84,5.62,0,45.1,100,Weekday,Monday,Light_Load
3.46,5.36,0,54.23,100,Weekday,Thursday,Light_Load
3.56,0,17.53,100,19.9,Weekend,Sunday,Light_Load
3.6,4.28,0,64.37,100,Weekday,Thursday,Light_Load
95.29,43.13,0,91.1,100,Weekday,Monday,Medium_Load
48.28,21.28,0,91.51,100,Weekday,Monday,Maximum_Load
3.53,7.2,0,44.02,100,Weekday,Thursday,Medium_Load
4.61,5.51,0,64.17,100,Weekend,Sunday,Light_Load
2.56,4.46,0,49.78,100,Weekend,Sunday,Light_Load
103.72,40.32,0,93.21,100,Weekday,Thursday,Medium_Load
64.69,57.56,0,74.71,100,Weekday,Wednesday,Light_Load
3.24,3.53,0,67.62,100,Weekday,Monday,Light_Load
48.17,23.62,0,89.79,100,Weekday,Thursday,Maximum_Load
51.84,25.27,0,89.89,100,Weekday,Friday,Maximum_Load
9.07,2.81,18.58,95.52,43.87,Weekday,Monday,Medium_Load
96.8,48.92,0,89.25,100,Weekday,Monday,Maximum_Load
3.06,4.43,0,56.83,100,Weekend,Saturday,Medium_Load
3.17,0,16.78,100,18.56,Weekday,Tuesday,Light_Load
47.66,24.73,0,88.76,100,Weekday,Tuesday,Maximum_Load
40.46,13.57,0.43,94.81,99.99,Weekday,Wednesday,Maximum_Load
118.37,51.55,0,91.68,100,Weekday,Thursday,Maximum_Load
2.99,0,9.36,100,30.43,Weekday,Wednesday,Medium_Load
2.59,4.36,0,51.07,100,Weekday,Tuesday,Light_Load
39.53,7.78,0.32,98.12,100,Weekday,Tuesday,Medium_Load
2.95,4.46,0,55.17,100,Weekday,Monday,Light_Load
74.45,52.42,0,81.77,100,Weekday,Thursday,Maximum_Load
62.24,40.07,0,84.08,100,Weekday,Thursday,Medium_Load
2.74,5.22,0,46.48,100,Weekday,Wednesday,Light_Load
33.34,0,10.58,100,95.32,Weekend,Saturday,Maximum_Load
5,8.06,0,52.72,100,Weekend,Sunday,Light_Load
3.67,0,25.67,100,14.15,Weekday,Friday,Medium_Load
3.1,5.4,0,49.79,100,Weekday,Thursday,Light_Load
2.95,4.61,0,53.9,100,Weekend,Sunday,Light_Load
63.4,37.73,0,85.93,100,Weekday,Monday,Maximum_Load
18.72,19.01,0,70.17,100,Weekend,Saturday,Light_Load
66.17,43.88,0,83.34,100,Weekday,Tuesday,Light_Load
2.92,5.22,0,48.82,100,Weekend,Saturday,Light_Load
4.68,4.82,0,69.66,100,Weekday,Wednesday,Light_Load
3.78,0,26.03,100,14.37,Weekend,Saturday,Medium_Load
2.81,4.97,0,49.22,100,Weekend,Sunday,Light_Load
2.77,5.8,0,43.1,100,Weekday,Monday,Light_Load
2.95,4.79,0,52.44,100,Weekday,Tuesday,Light_Load
4.03,0,22.39,100,17.71,Weekend,Saturday,Light_Load
36.25,8.71,4.97,97.23,99.07,Weekday,Tuesday,Maximum_Load
40.39,13.25,0,95.02,100,Weekday,Tuesday,Medium_Load
29.63,3.67,0.58,99.24,99.98,Weekday,Friday,Maximum_Load
2.7,0,11.99,100,21.97,Weekend,Sunday,Light_Load
2.63,3.96,0,55.32,100,Weekday,Wednesday,Light_Load
103.21,38.52,0,93.69,100,Weekday,Friday,Medium_Load
30.49,0,9.94,100,95.08,Weekday,Tuesday,Medium_Load
4.25,6.3,0,55.92,100,Weekday,Thursday,Light_Load
4.1,0,24.34,100,16.61,Weekday,Wednesday,Medium_Load
2.77,3.85,0,58.4,100,Weekend,Sunday,Light_Load
6.8,4.25,0,84.8,100,Weekend,Saturday,Light_Load
3.71,4.5,0,63.61,100,Weekday,Friday,Light_Load
46.87,21.96,0,90.55,100,Weekday,Wednesday,Maximum_Load
2.74,4.32,0,53.56,100,Weekday,Friday,Light_Load
2.81,5.87,0,43.18,100,Weekday,Friday,Light_Load
3.89,0,17.96,100,21.17,Weekday,Thursday,Medium_Load
3.56,3.02,0,76.26,100,Weekend,Sunday,Light_Load
3.92,5.15,0,60.57,100,Weekday,Tuesday,Medium_Load
3.42,6.12,0,48.78,100,Weekday,Thursday,Light_Load
59.33,47.92,0,77.79,100,Weekday,Thursday,Medium_Load
2.88,0,17.28,100,16.44,Weekend,Saturday,Medium_Load
4,3.96,0,71.07,100,Weekday,Wednesday,Light_Load
57.67,35.39,0,85.23,100,Weekday,Thursday,Maximum_Load
3.24,3.49,0,68.04,100,Weekday,Tuesday,Light_Load
5.26,3.31,0,84.64,100,Weekday,Friday,Maximum_Load
8.53,1.55,19.15,98.39,40.69,Weekday,Tuesday,Medium_Load
53.96,35.5,0,83.54,100,Weekday,Thursday,Maximum_Load
40.75,15.98,0,93.1,100,Weekday,Monday,Maximum_Load
3.35,0,5.11,100,54.83,Weekend,Saturday,Light_Load
97.49,42.88,0,91.54,100,Weekday,Tuesday,Medium_Load
2.77,6.05,0,41.63,100,Weekday,Friday,Light_Load
3.71,4.43,0,64.21,100,Weekday,Tuesday,Light_Load
3.13,4.61,0,56.17,100,Weekday,Wednesday,Light_Load
4.21,3.1,0.25,80.52,99.82,Weekday,Thursday,Light_Load
2.99,4.03,0,59.58,100,Weekday,Tuesday,Light_Load
49.79,25.52,0,88.99,100,Weekend,Saturday,Medium_Load
103.36,36.97,0,94.16,100,Weekend,Saturday,Maximum_Load
69.48,49.43,0,81.48,100,Weekday,Tuesday,Maximum_Load
2.92,0,17.35,100,16.6,Weekend,Saturday,Medium_Load
5.47,0,25.67,100,20.84,Weekday,Wednesday,Medium_Load
3.53,3.46,0,71.42,100,Weekday,Friday,Light_Load
3.28,6.8,0,43.45,100,Weekday,Monday,Light_Load
3.28,0,15.16,100,21.15,Weekend,Sunday,Light_Load
3.1,0,16.85,100,18.09,Weekend,Sunday,Light_Load
51.26,13.93,0,96.5,100,Weekday,Wednesday,Maximum_Load
2.84,4.79,0,51,100,Weekday,Friday,Light_Load
3.89,4.46,0,65.73,100,Weekday,Monday,Light_Load
56.95,21.31,0,93.66,100,Weekday,Friday,Maximum_Load
11.63,0.04,19.55,100,51.13,Weekend,Sunday,Medium_Load
87.16,41.8,0,90.17,100,Weekday,Thursday,Maximum_Load
2.95,0,11.48,100,24.89,Weekend,Sunday,Light_Load
2.56,3.67,0,57.21,100,Weekday,Wednesday,Light_Load
58.97,29.45,0,89.46,100,Weekday,Wednesday,Maximum_Load
118.15,46.62,0,93.02,100,Weekday,Monday,Maximum_Load
57.42,25.74,0,91.25,100,Weekday,Monday,Medium_Load
3.56,0,25.49,100,13.83,Weekend,Saturday,Medium_Load
3.17,1.91,0.36,85.65,99.36,Weekend,Saturday,Light_Load
3.71,4,0,68,100,Weekday,Tuesday,Light_Load
85.61,38.84,0,91.07,100,Weekday,Thursday,Medium_Load
6.98,0,25.63,100,26.28,Weekday,Tuesday,Medium_Load
30.89,0,6.88,100,97.61,Weekday,Friday,Medium_Load
4.39,0,21.42,100,20.08,Weekday,Tuesday,Medium_Load
42.95,18.9,0,91.53,100,Weekday,Friday,Medium_Load
39.31,16.96,0.5,91.82,99.99,Weekday,Monday,Medium_Load
2.77,5.26,0,46.6,100,Weekend,Sunday,Light_Load
3.06,0,15.62,100,19.22,Weekday,Tuesday,Medium_Load
2.74,4.46,0,52.35,100,Weekend,Sunday,Light_Load
3.78,4.86,0,61.39,100,Weekday,Wednesday,Medium_Load
49.9,19.76,0,92.98,100,Weekday,Wednesday,Maximum_Load
50.51,12.35,0,97.14,100,Weekday,Wednesday,Medium_Load
51.8,12.35,4.03,97.27,99.7,Weekday,Thursday,Medium_Load
2.77,3.92,0,57.71,100,Weekend,Sunday,Light_Load
64.04,30.74,0,90.15,100,Weekday,Wednesday,Light_Load
87.19,27.07,0,95.5,100,Weekday,Monday,Maximum_Load
4,0,17.89,100,21.82,Weekday,Wednesday,Medium_Load
10.58,18,0,50.67,100,Weekday,Wednesday,Medium_Load
3.2,0,16.6,100,18.93,Weekend,Sunday,Light_Load
3.35,6.48,0,45.92,100,Weekday,Thursday,Light_Load
49.86,25.06,0,89.35,100,Weekday,Tuesday,Maximum_Load
3.46,0,18.32,100,18.56,Weekend,Sunday,Light_Load
3.85,0,19.33,100,19.53,Weekend,Saturday,Maximum_Load
29.7,0,10.01,100,94.76,Weekday,Wednesday,Medium_Load
67.18,28.55,0,92.03,100,Weekday,Thursday,Maximum_Load
4.61,0,5.8,100,62.22,Weekday,Wednesday,Medium_Load
2.95,4.46,0,55.17,100,Weekday,Thursday,Light_Load
68.22,37.15,0,87.82,100,Weekday,Wednesday,Medium_Load
3.13,4.39,0,58.05,100,Weekday,Tuesday,Light_Load
63.5,29.52,0,90.68,100,Weekday,Thursday,Medium_Load
3.67,6.16,0,51.18,100,Weekday,Wednesday,Light_Load
4.82,5.94,0,63.01,100,Weekend,Sunday,Light_Load
3.13,5.8,0,47.49,100,Weekday,Wednesday,Light_Load
3.35,0,17.42,100,18.88,Weekend,Saturday,Medium_Load
52.13,27.14,0,88.7,100,Weekday,Thursday,Medium_Load
2.95,4.43,0,55.43,100,Weekday,Monday,Light_Load
3.06,4.57,0,55.64,100,Weekday,Wednesday,Light_Load
3.17,0,15.98,100,19.46,Weekend,Sunday,Light_Load
2.99,4.32,0,56.91,100,Weekday,Tuesday,Light_Load
72,34.88,0,90,100,Weekday,Tuesday,Medium_Load
4.68,7.67,0,52.09,100,Weekday,Friday,Light_Load
65.92,35.68,0,87.94,100,Weekday,Thursday,Medium_Load
55.69,25.31,0,91.04,100,Weekday,Thursday,Maximum_Load
3.46,2.34,0.43,82.83,99.24,Weekday,Wednesday,Light_Load
2.99,5,0,51.32,100,Weekend,Sunday,Light_Load
3.46,4.68,0,59.45,100,Weekday,Tuesday,Medium_Load
40.46,11.38,0,96.26,100,Weekday,Monday,Medium_Load
2.99,4.25,0,57.54,100,Weekday,Monday,Light_Load
4.18,0,18.11,100,22.49,Weekend,Saturday,Light_Load
47.48,12.82,0,96.54,100,Weekday,Tuesday,Maximum_Load
3.67,4.64,0,62.04,100,Weekday,Wednesday,Light_Load
59.44,37.76,0,84.41,100,Weekend,Saturday,Maximum_Load
2.74,5.04,0,47.76,100,Weekend,Sunday,Light_Load
102.28,40.82,0,92.88,100,Weekday,Thursday,Medium_Load
3.38,0,4.64,100,58.88,Weekend,Sunday,Light_Load
2.84,4.72,0,51.56,100,Weekend,Sunday,Light_Load
82.73,51.41,0,84.94,100,Weekday,Thursday,Maximum_Load
2.81,3.67,0,60.79,100,Weekend,Saturday,Light_Load
3.17,5.08,0,52.94,100,Weekday,Tuesday,Light_Load
67.18,37.19,0,87.49,100,Weekend,Sunday,Light_Load
58.25,37.98,0,83.77,100,Weekday,Thursday,Maximum_Load
4.25,4.28,0,70.46,100,Weekday,Friday,Light_Load
14.72,0.65,16.42,99.9,66.75,Weekday,Thursday,Medium_Load
48.06,22.82,0,90.33,100,Weekday,Wednesday,Maximum_Load
3.06,3.85,0,62.22,100,Weekend,Sunday,Light_Load
2.74,4.57,0,51.42,100,Weekend,Sunday,Light_Load
95.98,12.92,0,99.11,100,Weekday,Tuesday,Medium_Load
3.02,6.08,0,44.49,100,Weekday,Thursday,Light_Load
2.88,5.83,0,44.29,100,Weekend,Saturday,Light_Load
28.4,0.14,5.65,100,98.08,Weekday,Tuesday,Medium_Load
3.53,4.79,0,59.33,100,Weekday,Thursday,Light_Load
66.1,28.62,0,91.77,100,Weekday,Thursday,Medium_Load
15.52,3.74,19.04,97.22,63.18,Weekday,Monday,Medium_Load
3.1,4.03,0,60.97,100,Weekday,Tuesday,Light_Load
2.95,0,11.48,100,24.89,Weekend,Sunday,Light_Load
2.92,0,11.09,100,25.46,Weekend,Sunday,Light_Load
19.8,16.63,0,76.57,100,Weekend,Sunday,Light_Load
110.52,56.09,0,89.17,100,Weekday,Monday,Maximum_Load
70.52,34.7,0,89.73,100,Weekday,Thursday,Medium_Load
4.68,5.54,0,64.53,100,Weekday,Friday,Light_Load
2.7,4.46,0,51.79,100,Weekday,Wednesday,Light_Load
67.5,20.34,0,95.75,100,Weekday,Monday,Medium_Load
2.7,5.87,0,41.79,100,Weekday,Monday,Light_Load
3.38,6.48,0,46.25,100,Weekend,Sunday,Light_Load
51.8,26.64,0,88.93,100,Weekday,Thursday,Maximum_Load
3.28,3.17,0,71.91,100,Weekday,Friday,Light_Load
43.52,11.99,0,96.41,100,Weekday,Wednesday,Medium_Load
3.85,4.79,0,62.65,100,Weekday,Friday,Light_Load
4.93,0,16.24,100,29.05,Weekday,Thursday,Medium_Load
8.28,0,18.72,100,40.45,Weekday,Wednesday,Medium_Load
38.81,0.25,2.81,100,99.74,Weekend,Saturday,Maximum_Load
2.7,0,11.3,100,23.24,Weekend,Sunday,Light_Load
47.09,28.76,0,85.34,100,Weekend,Saturday,Maximum_Load
3.28,7.02,0,42.33,100,Weekday,Thursday,Light_Load
56.27,19.19,0,94.65,100,Weekday,Monday,Maximum_Load
3.82,7.09,0,47.43,100,Weekday,Friday,Light_Load
3.06,3.85,0,62.22,100,Weekday,Thursday,Light_Load
88.85,32.29,0,93.99,100,Weekday,Friday,Medium_Load
2.45,4.61,0,46.93,100,Weekday,Wednesday,Light_Load
9,0.43,20.59,99.89,40.05,Weekday,Friday,Medium_Load
4.32,3.42,0,78.4,100,Weekday,Tuesday,Light_Load
84.49,37.01,0,91.6,100,Weekend,Saturday,Maximum_Load
102.56,42.44,0,92.4,100,Weekday,Tuesday,Maximum_Load
2.74,3.6,0,60.56,100,Weekday,Monday,Light_Load
3.02,4.32,0,57.3,100,Weekend,Saturday,Light_Load
3.85,3.56,0,73.42,100,Weekend,Sunday,Light_Load
57.56,28.8,0,89.43,100,Weekday,Wednesday,Maximum_Load
3.06,0,12.89,100,23.1,Weekend,Sunday,Light_Load
3.24,0,4.72,100,56.59,Weekend,Sunday,Light_Load
63.83,47.34,0,80.32,100,Weekday,Friday,Maximum_Load
48.02,22.32,0,90.68,100,Weekday,Wednesday,Medium_Load
2.77,5.51,0,44.92,100,Weekend,Sunday,Light_Load
3.2,0,13.28,100,23.43,Weekend,Sunday,Light_Load
3.28,0,15.37,100,20.87,Weekend,Sunday,Light_Load
3.46,4.14,0,64.13,100,Weekday,Monday,Medium_Load
98.93,41.76,0,92.13,100,Weekday,Monday,Medium_Load
2.95,5.58,0,46.74,100,Weekday,Friday,Light_Load
4.1,0,17.57,100,22.72,Weekend,Sunday,Light_Load
3.2,5.54,0,50.02,100,Weekend,Sunday,Light_Load
4.03,3.56,0,74.95,100,Weekend,Sunday,Light_Load
98.6,22.5,0,97.49,100,Weekday,Monday,Medium_Load
2.77,0,13.07,100,20.73,Weekday,Monday,Medium_Load
2.99,6.05,0,44.31,100,Weekend,Sunday,Light_Load
3.31,0,17.96,100,18.12,Weekday,Friday,Light_Load
28.22,9.25,0,95.03,100,Weekend,Sunday,Maximum_Load
3.96,3.2,0,77.78,100,Weekday,Monday,Light_Load
32.58,2.3,0.47,99.75,99.99,Weekday,Monday,Medium_Load
3.13,5.11,0,52.23,100,Weekday,Thursday,Light_Load
4.93,0,27.11,100,17.89,Weekend,Sunday,Medium_Load
3.56,4.5,0,62.04,100,Weekend,Sunday,Light_Load
79.42,24.05,0,95.71,100,Weekday,Tuesday,Medium_Load
2.99,3.1,0,69.42,100,Weekday,Wednesday,Light_Load
2.84,1.84,0.32,83.93,99.37,Weekday,Tuesday,Light_Load
3.17,3.82,0,63.86,100,Weekday,Tuesday,Light_Load
35.17,3.6,0.25,99.48,100,Weekday,Tuesday,Medium_Load
71.93,43.38,0,85.63,100,Weekday,Wednesday,Maximum_Load
2.81,4.39,0,53.91,100,Weekend,Sunday,Medium_Load
2.99,0,11.63,100,24.9,Weekend,Sunday,Medium_Load
23.9,4.54,8.06,98.24,94.76,Weekday,Wednesday,Maximum_Load
3.06,3.56,0,65.18,100,Weekday,Tuesday,Light_Load
4.07,0,21.24,100,18.82,Weekend,Sunday,Medium_Load
2.63,4.43,0,51.05,100,Weekday,Wednesday,Light_Load
63.32,23.4,0,93.8,100,Weekday,Friday,Medium_Load
7.74,0,25.02,100,29.55,Weekday,Thursday,Medium_Load
2.74,4.46,0,52.35,100,Weekday,Wednesday,Light_Load
3.35,4.79,0,57.31,100,Weekday,Friday,Light_Load
38.63,16.74,0,91.76,100,Weekday,Friday,Medium_Load
57.31,22.72,0,92.96,100,Weekday,Wednesday,Medium_Load
83.7,12.6,0.58,98.89,100,Weekday,Wednesday,Medium_Load
97.99,40.18,0,92.52,100,Weekday,Friday,Medium_Load
31.03,1.12,1.76,99.93,99.84,Weekend,Sunday,Maximum_Load
6.16,0,24.59,100,24.3,Weekday,Wednesday,Medium_Load
39.24,2.63,0.04,99.78,100,Weekend,Saturday,Maximum_Load
4.18,4.18,0,70.71,100,Weekday,Monday,Light_Load
2.66,4.61,0,49.98,100,Weekend,Sunday,Light_Load
71.42,31.32,0,91.58,100,Weekend,Saturday,Maximum_Load
2.59,4.82,0,47.33,100,Weekday,Monday,Light_Load
3.17,3.82,0,63.86,100,Weekend,Saturday,Light_Load
60.98,24.23,0,92.93,100,Weekday,Wednesday,Medium_Load
3.24,4.1,0,62,100,Weekday,Tuesday,Medium_Load
71.14,23.62,0,94.91,100,Weekday,Tuesday,Medium_Load
2.88,0,4.03,100,58.14,Weekend,Sunday,Light_Load
4.75,0,20.56,100,22.51,Weekend,Saturday,Medium_Load
3.85,4.54,0,64.68,100,Weekday,Wednesday,Light_Load
71.17,41.94,0,86.15,100,Weekday,Tuesday,Medium_Load
2.52,4.97,0,45.22,100,Weekday,Wednesday,Light_Load
3.71,0,18.07,100,20.11,Weekend,Saturday,Medium_Load
3.24,0,17.6,100,18.1,Weekend,Sunday,Light_Load
2.84,4.9,0,50.15,100,Weekday,Thursday,Light_Load
2.88,4.61,0,52.98,100,Weekday,Tuesday,Light_Load
3.6,3.2,0,74.74,100,Weekend,Sunday,Light_Load
118.98,53.39,0,91.24,100,Weekday,Wednesday,Medium_Load
4.72,4.64,0,71.31,100,Weekday,Tuesday,Light_Load
103.03,73.8,0,81.3,100,Weekday,Wednesday,Light_Load
54.36,48.89,0,74.35,100,Weekday,Thursday,Light_Load
2.81,4.79,0,50.6,100,Weekday,Tuesday,Light_Load
2.7,4.82,0,48.87,100,Weekday,Thursday,Light_Load
3.02,0,16.85,100,17.64,Weekend,Sunday,Light_Load
3.67,4.79,0,60.82,100,Weekday,Thursday,Light_Load
55.73,26.75,0,90.15,100,Weekday,Tuesday,Medium_Load
4.72,0,12.49,100,35.35,Weekend,Sunday,Maximum_Load
5.33,0,6.7,100,62.26,Weekend,Saturday,Maximum_Load
3.35,5.22,0,54.01,100,Weekday,Wednesday,Light_Load
2.88,0,11.41,100,24.47,Weekend,Sunday,Light_Load
67.1,37.98,0,87.03,100,Weekend,Saturday,Maximum_Load
63.07,18.5,0,95.96,100,Weekend,Saturday,Medium_Load
58.86,34.27,0,86.42,100,Weekday,Tuesday,Maximum_Load
4.46,0,16.67,100,25.85,Weekday,Friday,Medium_Load
2.95,3.92,0,60.13,100,Weekend,Saturday,Light_Load
39.82,8.35,0,97.87,100,Weekday,Thursday,Medium_Load
34.6,1.33,1.76,99.93,99.87,Weekday,Friday,Medium_Load
2.74,5.76,0,42.96,100,Weekday,Friday,Light_Load
39.28,18.61,0,90.37,100,Weekday,Tuesday,Light_Load
67.46,53.46,0,78.37,100,Weekday,Tuesday,Light_Load
3.64,0,25.09,100,14.36,Weekday,Tuesday,Medium_Load
62.75,23.44,0,93.68,100,Weekend,Sunday,Maximum_Load
3.31,4.36,0,60.47,100,Weekend,Sunday,Light_Load
81.65,40.18,0,89.72,100,Weekday,Wednesday,Medium_Load
61.13,32.08,0,88.55,100,Weekday,Friday,Maximum_Load
75.13,28.8,0,93.37,100,Weekday,Wednesday,Maximum_Load
56.12,49.5,0,75,100,Weekday,Thursday,Medium_Load
58,27.11,0,90.59,100,Weekday,Friday,Maximum_Load
6.41,0,19.94,100,30.6,Weekday,Friday,Medium_Load
2.81,4.18,0,55.79,100,Weekday,Thursday,Light_Load
3.71,2.92,0,78.58,100,Weekday,Thursday,Light_Load
4.14,3.67,0,74.83,100,Weekend,Sunday,Light_Load
3.92,7.09,0,48.39,100,Weekday,Friday,Maximum_Load
117.65,57.02,0,89.99,100,Weekday,Friday,Maximum_Load
7.56,0,25.27,100,28.66,Weekday,Monday,Medium_Load
28.48,3.71,6.7,99.16,97.34,Weekday,Friday,Medium_Load
2.95,5.87,0,44.9,100,Weekday,Friday,Light_Load
2.81,5.29,0,46.91,100,Weekday,Thursday,Light_Load
2.88,5.04,0,49.61,100,Weekend,Saturday,Light_Load
3.06,4.43,0,56.83,100,Weekend,Sunday,Light_Load
3.74,6.66,0.11,48.96,99.96,Weekend,Sunday,Medium_Load
3.71,3.92,0,68.74,100,Weekday,Tuesday,Light_Load
51.95,28.12,0,87.94,100,Weekday,Thursday,Maximum_Load
49.46,30.06,0,85.46,100,Weekday,Thursday,Maximum_Load
82.62,30.38,0,93.86,100,Weekday,Tuesday,Medium_Load
3.38,4.64,0,58.88,100,Weekday,Wednesday,Light_Load
43.92,27.58,0,84.69,100,Weekday,Tuesday,Maximum_Load
3.71,4.07,0,67.37,100,Weekday,Wednesday,Medium_Load
2.81,4.54,0,52.63,100,Weekend,Sunday,Light_Load
52.96,22.82,0,91.84,100,Weekday,Thursday,Maximum_Load
105.48,44.32,0,92.19,100,Weekday,Thursday,Medium_Load
38.41,7.38,0.04,98.2,100,Weekend,Saturday,Light_Load
22.79,3.82,0.11,98.62,100,Weekend,Saturday,Maximum_Load
2.81,0,17.32,100,16.01,Weekend,Saturday,Light_Load
142.78,67.32,0,90.45,100,Weekday,Friday,Maximum_Load
110.41,43.49,0,93.04,100,Weekday,Monday,Medium_Load
31.9,13.61,0.76,91.98,99.97,Weekday,Friday,Medium_Load
66.71,31,0,90.69,100,Weekday,Monday,Medium_Load
71.06,29.66,4.86,92.28,99.77,Weekday,Tuesday,Medium_Load
3.56,0,8.1,100,40.24,Weekend,Sunday,Medium_Load
3.28,2.41,0.07,80.59,99.98,Weekday,Tuesday,Light_Load
3.17,5.58,0,49.4,100,Weekday,Friday,Light_Load
30.35,0.32,7.31,99.99,97.22,Weekend,Saturday,Maximum_Load
3.17,0,16.63,100,18.72,Weekend,Sunday,Light_Load
2.81,4.82,0,50.36,100,Weekend,Sunday,Light_Load
3.02,5.22,0,50.08,100,Weekday,Tuesday,Light_Load
72.76,68.15,0,72.98,100,Weekday,Tuesday,Light_Load
112.86,57.89,0,88.98,100,Weekday,Thursday,Maximum_Load
107.17,73.22,0,82.57,100,Weekday,Thursday,Light_Load
123.19,44.14,0,94.14,100,Weekday,Wednesday,Medium_Load
51.19,9.72,0.29,98.24,100,Weekday,Wednesday,Medium_Load
3.13,5.9,0,46.86,100,Weekend,Saturday,Light_Load
5.54,5.69,0,69.76,100,Weekday,Thursday,Light_Load
4,3.74,0,73.04,100,Weekday,Wednesday,Light_Load
62.24,43.16,0,82.18,100,Weekday,Thursday,Maximum_Load
2.99,3.2,0,68.27,100,Weekday,Wednesday,Light_Load
3.38,2.84,0,76.56,100,Weekend,Sunday,Light_Load
3.85,5.08,0,60.4,100,Weekday,Monday,Light_Load
128.38,51.88,0,92.72,100,Weekday,Tuesday,Light_Load
2.88,4.28,0,55.83,100,Weekend,Saturday,Light_Load
100.87,45.94,0,91.01,100,Weekend,Saturday,Maximum_Load
69.48,31.82,0,90.92,100,Weekday,Friday,Maximum_Load
3.02,0,10.73,100,27.09,Weekend,Sunday,Light_Load
42.91,13.9,0,95.13,100,Weekday,Tuesday,Maximum_Load
3.28,0,16.92,100,19.03,Weekend,Sunday,Light_Load
4.54,5.4,0,64.35,100,Weekday,Monday,Light_Load
56.84,61.09,0,68.12,100,Weekday,Friday,Light_Load
3.06,1.98,0.32,83.96,99.46,Weekday,Friday,Light_Load
4.57,0,25.67,100,17.53,Weekday,Monday,Medium_Load
3.85,0,22.72,100,16.71,Weekday,Wednesday,Light_Load
32.9,15.55,5.18,90.41,98.78,Weekday,Monday,Maximum_Load
3.53,0,14.33,100,23.92,Weekend,Sunday,Light_Load
94.64,27.54,0,96.02,100,Weekday,Tuesday,Medium_Load
79.56,32.72,0,92.48,100,Weekday,Tuesday,Medium_Load
34.74,0.58,3.42,99.99,99.52,Weekend,Saturday,Maximum_Load
33.84,0.54,3.1,99.99,99.58,Weekday,Thursday,Medium_Load
52.56,19.37,0,93.83,100,Weekday,Friday,Maximum_Load
4.1,4.36,0,68.51,100,Weekday,Wednesday,Light_Load
38.38,7.52,0.04,98.13,100,Weekday,Tuesday,Maximum_Load
37.04,0.54,2.77,99.99,99.72,Weekday,Thursday,Medium_Load
3.6,6.55,0,48.17,100,Weekday,Friday,Light_Load
2.84,5.22,0,47.79,100,Weekday,Monday,Light_Load
3.49,0,10.91,100,30.47,Weekend,Sunday,Light_Load
3.89,0,22.1,100,17.34,Weekday,Wednesday,Maximum_Load
37.69,9.83,5.15,96.76,99.08,Weekend,Sunday,Medium_Load
2.88,3.85,0,59.9,100,Weekday,Tuesday,Light_Load
2.88,0,4.64,100,52.74,Weekend,Sunday,Light_Load
40.18,23.98,0,85.87,100,Weekend,Saturday,Medium_Load
45.86,29.2,0,84.35,100,Weekend,Saturday,Maximum_Load
4.5,5.22,0,65.29,100,Weekend,Sunday,Light_Load
29.48,0,10.58,100,94.12,Weekday,Friday,Medium_Load
4.36,0,20.74,100,20.57,Weekday,Tuesday,Medium_Load
3.6,4.25,0,64.63,100,Weekday,Friday,Light_Load
58.57,23.47,0.04,92.82,100,Weekend,Saturday,Maximum_Load
4.54,0,18.76,100,23.52,Weekend,Sunday,Light_Load
3.1,3.2,0,69.58,100,Weekday,Wednesday,Light_Load
3.46,0,17.06,100,19.88,Weekday,Wednesday,Medium_Load
3.24,0,16.31,100,19.48,Weekend,Sunday,Light_Load
3.92,3.64,0,73.28,100,Weekday,Wednesday,Light_Load
82.04,13.39,0.25,98.69,100,Weekday,Tuesday,Medium_Load
38.16,4.68,0.5,99.26,99.99,Weekday,Tuesday,Maximum_Load
4.07,0,17.39,100,22.79,Weekend,Saturday,Medium_Load
9.86,0,20.52,100,43.31,Weekday,Monday,Maximum_Load
4.14,0,16.78,100,23.95,Weekend,Saturday,Maximum_Load
3.28,0,24.7,100,13.16,Weekday,Wednesday,Medium_Load
37.55,27.5,0,80.68,100,Weekday,Tuesday,Light_Load
3.42,4.97,0,56.69,100,Weekday,Friday,Light_Load
65.3,34.7,0,88.31,100,Weekday,Monday,Maximum_Load
2.66,4.32,0,52.43,100,Weekday,Friday,Light_Load
3.53,6.48,0,47.84,100,Weekday,Tuesday,Maximum_Load
4.21,0,25.74,100,16.14,Weekend,Sunday,Light_Load
3.46,5.18,0,55.54,100,Weekend,Saturday,Light_Load
31.61,2.2,0.65,99.76,99.98,Weekend,Saturday,Maximum_Load
3.96,5.08,0,61.48,100,Weekday,Wednesday,Light_Load
3.02,4.5,0,55.73,100,Weekday,Thursday,Light_Load
63.32,49.57,0,78.74,100,Weekday,Tuesday,Light_Load
3.2,0,5.36,100,51.26,Weekend,Sunday,Light_Load
60.16,20.66,0,94.58,100,Weekday,Thursday,Medium_Load
3.38,4.07,0,63.89,100,Weekend,Sunday,Light_Load
3.17,4.68,0,56.08,100,Weekend,Sunday,Light_Load
3.06,0,14.83,100,20.21,Weekday,Monday,Light_Load
4.68,0,25.78,100,17.86,Weekend,Saturday,Light_Load
3.1,4.03,0,60.97,100,Weekday,Tuesday,Light_Load
2.74,4.46,0,52.35,100,Weekend,Sunday,Light_Load
2.95,0,3.92,100,60.13,Weekday,Tuesday,Light_Load
3.71,0,17.53,100,20.71,Weekend,Saturday,Medium_Load
4.32,0,25.7,100,16.58,Weekday,Monday,Medium_Load
3.92,6.19,0,53.5,100,Weekday,Friday,Light_Load
52.02,16.02,0,95.57,100,Weekday,Friday,Maximum_Load
95.29,43.7,0,90.9,100,Weekday,Tuesday,Medium_Load
109.87,38.63,0,94.34,100,Weekday,Thursday,Medium_Load
49.68,16.2,0,95.07,100,Weekend,Saturday,Medium_Load
3.64,3.92,0,68.05,100,Weekday,Tuesday,Light_Load
51.12,26.75,0,88.6,100,Weekday,Friday,Medium_Load
57.53,4.9,2.23,99.64,99.92,Weekend,Saturday,Medium_Load
4.18,4.43,0,68.63,100,Weekend,Sunday,Light_Load
3.82,6.98,0,48.01,100,Weekday,Monday,Medium_Load
2.74,4.86,0,49.11,100,Weekday,Thursday,Light_Load
3.67,0.94,13.32,96.87,26.56,Weekday,Wednesday,Medium_Load
131.11,56.45,0,91.85,100,Weekday,Thursday,Medium_Load
3.1,4.18,0,59.57,100,Weekend,Sunday,Light_Load
2.99,5.54,0,47.5,100,Weekday,Wednesday,Light_Load
4.61,4.64,0,70.48,100,Weekday,Monday,Light_Load
3.49,4.21,0,63.82,100,Weekday,Tuesday,Light_Load
31.32,11.23,0.65,94.13,99.98,Weekend,Sunday,Maximum_Load
53.39,25.16,0,90.46,100,Weekday,Monday,Maximum_Load
3.67,7.09,0,45.97,100,Weekend,Sunday,Light_Load
3.92,3.46,0.04,74.97,99.99,Weekday,Friday,Light_Load
4.03,0,17.68,100,22.22,Weekday,Monday,Medium_Load
3.92,0,22.14,100,17.43,Weekday,Monday,Medium_Load
3.89,0,25.42,100,15.13,Weekday,Friday,Medium_Load
58.36,27,0,90.76,100,Weekday,Thursday,Maximum_Load
4.72,0,21.06,100,21.87,Weekend,Sunday,Light_Load
3.35,4.82,0,57.07,100,Weekend,Sunday,Light_Load
4.07,0,17.14,100,23.1,Weekend,Saturday,Medium_Load
3.06,0,13.64,100,21.89,Weekend,Sunday,Medium_Load
64.48,42.44,0,83.53,100,Weekend,Saturday,Medium_Load
4.61,0,13.9,100,31.48,Weekday,Thursday,Medium_Load
3.13,5.98,0,46.37,100,Weekday,Wednesday,Light_Load
102.71,36.36,0,94.27,100,Weekday,Tuesday,Medium_Load
61.09,5.15,1.3,99.65,99.98,Weekday,Friday,Medium_Load
3.31,5.65,0,50.55,100,Weekday,Tuesday,Light_Load
3.2,6.16,0,46.1,100,Weekday,Tuesday,Light_Load
3.1,1.87,0.4,85.63,99.18,Weekday,Wednesday,Light_Load
36.47,16.92,1.4,90.71,99.93,Weekday,Monday,Medium_Load
44.96,19.76,0,91.55,100,Weekday,Monday,Medium_Load
36.54,26.64,0,80.8,100,Weekday,Friday,Light_Load
47.63,25.74,1.22,87.98,99.97,Weekday,Wednesday,Maximum_Load
3.24,2.7,0,76.82,100,Weekday,Friday,Light_Load
2.92,0,16.31,100,17.62,Weekday,Friday,Light_Load
3.38,5.26,0,54.06,100,Weekday,Friday,Light_Load
46.26,18.58,0,92.8,100,Weekday,Thursday,Maximum_Load
3.31,3.78,0,65.88,100,Weekday,Wednesday,Light_Load
2.74,5.18,0.11,46.76,99.92,Weekday,Wednesday,Medium_Load
3.28,2.12,0.18,83.98,99.85,Weekday,Tuesday,Light_Load
4.07,0,22.57,100,17.75,Weekday,Monday,Light_Load
62.14,27.32,0,91.54,100,Weekday,Monday,Medium_Load
2.92,5.18,0,49.11,100,Weekday,Wednesday,Light_Load
41.72,30.89,0,80.37,100,Weekday,Wednesday,Light_Load
3.1,4.18,0,59.57,100,Weekday,Wednesday,Light_Load
3.85,2.88,0.65,80.07,98.6,Weekday,Thursday,Maximum_Load
2.48,4.46,0,48.6,100,Weekday,Tuesday,Light_Load
3.82,3.42,0,74.5,100,Weekday,Friday,Light_Load
59.18,34.49,0,86.4,100,Weekday,Monday,Medium_Load
4.5,4.64,0,69.62,100,Weekday,Monday,Light_Load
2.99,4.75,0,53.27,100,Weekend,Saturday,Light_Load
2.99,3.53,0,64.63,100,Weekday,Monday,Light_Load
3.35,0,21.53,100,15.37,Weekend,Saturday,Light_Load
66.71,36.11,0,87.94,100,Weekday,Monday,Maximum_Load
3.6,7.2,0,44.72,100,Weekend,Saturday,Light_Load
25.13,0,8.89,100,94.27,Weekday,Tuesday,Medium_Load
3.35,0,17.39,100,18.92,Weekend,Saturday,Medium_Load
37.48,0.22,3.92,100,99.46,Weekend,Saturday,Medium_Load
71.64,60.95,0,76.16,100,Weekday,Wednesday,Light_Load
3.06,3.46,0,66.25,100,Weekday,Thursday,Light_Load
2.74,4.75,0,49.97,100,Weekday,Wednesday,Light_Load
94.61,58.9,0,84.89,100,Weekday,Wednesday,Light_Load
24.12,0.79,2.02,99.95,99.65,Weekend,Saturday,Medium_Load
47.23,10.94,0,97.42,100,Weekday,Monday,Maximum_Load
3.06,2.59,0,76.33,100,Weekend,Sunday,Light_Load
66.28,35.1,0,88.37,100,Weekday,Monday,Maximum_Load
3.42,4.72,0,58.67,100,Weekday,Monday,Light_Load
3.35,4.32,0,61.28,100,Weekday,Thursday,Light_Load
3.6,4.57,0,61.88,100,Weekday,Monday,Light_Load
3.74,3.74,0,70.71,100,Weekday,Friday,Light_Load
2.7,4.93,0,48.03,100,Weekday,Thursday,Light_Load
109.26,54.83,0,89.38,100,Weekday,Friday,Medium_Load
81.11,37.62,0,90.72,100,Weekday,Friday,Maximum_Load
49.36,29.84,0,85.58,100,Weekday,Thursday,Maximum_Load
92.2,51.05,0,87.49,100,Weekday,Monday,Medium_Load
58.86,25.38,0,91.83,100,Weekday,Monday,Light_Load
24.08,0.25,6.05,99.99,96.99,Weekend,Saturday,Medium_Load
83.2,34.45,0,92.39,100,Weekday,Thursday,Maximum_Load
30.96,0,9.72,100,95.41,Weekday,Monday,Medium_Load
3.64,0,16.85,100,21.12,Weekday,Wednesday,Medium_Load
3.38,4.21,0,62.6,100,Weekday,Friday,Light_Load
5.26,2.59,0.07,89.71,99.99,Weekday,Thursday,Light_Load
3.06,3.67,0,64.04,100,Weekday,Wednesday,Light_Load
3.53,0,16.31,100,21.15,Weekend,Saturday,Light_Load
56.7,19.94,0,94.34,100,Weekend,Sunday,Maximum_Load
3.31,6.19,0,47.15,100,Weekday,Thursday,Light_Load
3.2,5.36,0,51.26,100,Weekday,Tuesday,Light_Load
73.08,39.46,0,87.99,100,Weekday,Thursday,Medium_Load
50.18,20.45,0,92.61,100,Weekday,Monday,Medium_Load
41.9,15.23,0.14,93.98,100,Weekday,Tuesday,Maximum_Load
2.77,4.79,0,50.06,100,Weekday,Friday,Light_Load
88.34,26.57,0,95.76,100,Weekday,Monday,Medium_Load
4.03,3.24,0.18,77.94,99.9,Weekend,Saturday,Light_Load
59.29,26.86,0,91.09,100,Weekday,Thursday,Maximum_Load
3.85,0,17.96,100,20.96,Weekday,Thursday,Medium_Load
79.38,37.4,0,90.46,100,Weekday,Tuesday,Medium_Load
45.94,16.92,0,93.84,100,Weekday,Friday,Maximum_Load
2.81,5.8,0,43.6,100,Weekday,Wednesday,Medium_Load
3.31,0,12.13,100,26.33,Weekend,Saturday,Medium_Load
50.69,28.73,0,87,100,Weekday,Wednesday,Medium_Load
45.86,16.92,0,93.82,100,Weekday,Wednesday,Maximum_Load
48.2,19.3,0,92.83,100,Weekday,Wednesday,Medium_Load
3.24,4.86,0,55.47,100,Weekday,Wednesday,Light_Load
43.09,14.22,0,94.96,100,Weekday,Wednesday,Maximum_Load
3.02,0,16.63,100,17.87,Weekend,Saturday,Light_Load
72.54,47.41,0,83.71,100,Weekday,Monday,Maximum_Load
62.32,20.7,0,94.9,100,Weekday,Tuesday,Maximum_Load
2.63,4.86,0,47.59,100,Weekday,Monday,Light_Load
3.13,2.59,0,77.04,100,Weekend,Sunday,Light_Load
2.88,5.44,0,46.79,100,Weekday,Tuesday,Light_Load
29.77,4.25,0.72,99,99.97,Weekday,Friday,Maximum_Load
3.35,0,17.53,100,18.77,Weekend,Saturday,Medium_Load
3.13,2.05,0.29,83.65,99.57,Weekday,Wednesday,Light_Load
39.67,31.36,0,78.45,100,Weekday,Friday,Light_Load
3.06,3.24,0,68.66,100,Weekday,Wednesday,Light_Load
3.38,0,14.62,100,22.52,Weekend,Sunday,Light_Load
49.61,20.56,0,92.38,100,Weekday,Wednesday,Maximum_Load
6.37,0,25.63,100,24.12,Weekend,Saturday,Medium_Load
3.02,0,10.69,100,27.19,Weekend,Sunday,Light_Load
3.06,2.66,0,75.47,100,Weekend,Saturday,Light_Load
3.78,6.8,0,48.59,100,Weekday,Thursday,Maximum_Load
71.6,44.28,0,85.05,100,Weekday,Thursday,Maximum_Load
54.79,19.73,0,94.09,100,Weekday,Monday,Medium_Load
2.99,0,12.67,100,22.97,Weekend,Sunday,Light_Load
74.09,41.51,0,87.24,100,Weekday,Monday,Medium_Load
5.94,5.47,0,73.56,100,Weekday,Wednesday,Light_Load
4,0,10.66,100,35.13,Weekend,Saturday,Medium_Load
3.67,1.01,13.64,96.42,25.98,Weekend,Saturday,Medium_Load
2.66,4.97,0,47.19,100,Weekday,Monday,Light_Load
47.3,43.67,0,73.47,100,Weekend,Saturday,Light_Load
88.02,11.3,0.18,99.19,100,Weekend,Saturday,Maximum_Load
2.7,5.62,0,43.3,100,Weekday,Monday,Light_Load
43.02,18.86,0,91.59,100,Weekday,Monday,Maximum_Load
3.49,6.52,0,47.19,100,Weekend,Sunday,Light_Load
4.07,5,0,63.13,100,Weekday,Friday,Light_Load
13.72,3.85,19.84,96.28,56.88,Weekday,Thursday,Medium_Load
3.35,0,17.32,100,18.99,Weekday,Friday,Light_Load
3.35,5.44,0,52.44,100,Weekend,Sunday,Light_Load
3.06,5.08,0,51.6,100,Weekday,Monday,Light_Load
3.2,2.23,0.07,82.04,99.98,Weekday,Tuesday,Light_Load
18.76,0.18,13.86,100,80.43,Weekend,Saturday,Maximum_Load
3.2,6.08,0,46.57,100,Weekday,Wednesday,Light_Load
4.97,4.1,0,77.14,100,Weekday,Friday,Light_Load
28.58,0.11,9.22,100,95.17,Weekend,Saturday,Maximum_Load
4.64,0,17.57,100,25.53,Weekday,Tuesday,Medium_Load
52.42,20.7,0,93.01,100,Weekday,Tuesday,Maximum_Load
99.18,57.35,0,86.57,100,Weekday,Tuesday,Maximum_Load
31.07,6.08,0,98.14,100,Weekend,Saturday,Maximum_Load
79.74,31.18,0,93.13,100,Weekday,Thursday,Medium_Load
60.37,31.86,0,88.44,100,Weekday,Friday,Maximum_Load
5.94,5.58,0,72.88,100,Weekday,Thursday,Light_Load
2.7,5.22,0,45.94,100,Weekday,Friday,Light_Load
3.6,0,18.29,100,19.31,Weekend,Sunday,Medium_Load
4.93,0,16.7,100,28.31,Weekday,Thursday,Medium_Load
2.81,5.08,0,48.4,100,Weekday,Monday,Light_Load
65.23,29.12,0,91.31,100,Weekday,Tuesday,Medium_Load
4.36,0,20.41,100,20.89,Weekend,Saturday,Maximum_Load
2.92,4.72,0,52.61,100,Weekday,Tuesday,Light_Load
4.54,2.09,14.58,90.84,29.73,Weekday,Thursday,Medium_Load
3.56,2.99,0,76.57,100,Weekday,Friday,Light_Load
5.15,0,27.07,100,18.69,Weekday,Monday,Medium_Load
38.05,0.25,3.31,100,99.62,Weekday,Friday,Medium_Load
59.9,23.87,0,92.9,100,Weekday,Friday,Medium_Load
45.58,12.89,0,96.23,100,Weekday,Thursday,Medium_Load
31.61,3.53,1.91,99.38,99.82,Weekday,Thursday,Maximum_Load
4.32,0,26.14,100,16.31,Weekend,Sunday,Maximum_Load
8.82,1.91,12.85,97.73,56.59,Weekday,Friday,Medium_Load
2.95,0,12.42,100,23.11,Weekend,Sunday,Light_Load
29.59,1.19,1.66,99.92,99.84,Weekend,Saturday,Medium_Load
3.71,0,17.93,100,20.26,Weekend,Saturday,Maximum_Load
2.56,3.53,0,58.71,100,Weekend,Sunday,Light_Load
3.56,0,17.21,100,20.26,Weekend,Sunday,Light_Load
87.26,45.32,0,88.74,100,Weekday,Wednesday,Medium_Load
94.21,55.04,0,86.34,100,Weekday,Monday,Light_Load
3.92,0,26.64,100,14.56,Weekday,Wednesday,Medium_Load
134.46,53.35,0,92.95,100,Weekday,Tuesday,Maximum_Load
89.46,33.77,0,93.56,100,Weekday,Monday,Maximum_Load
3.78,0,13.03,100,27.86,Weekday,Friday,Medium_Load
3.35,5.72,0,50.54,100,Weekday,Tuesday,Light_Load
51.66,31.1,0,85.67,100,Weekday,Wednesday,Maximum_Load
32.47,0.4,6.34,99.99,98.15,Weekday,Wednesday,Medium_Load
28.66,2.81,0.86,99.52,99.96,Weekday,Thursday,Medium_Load
3.1,4.25,0,58.93,100,Weekday,Thursday,Light_Load
3.67,4.54,0,62.87,100,Weekday,Wednesday,Light_Load
55.3,32.8,0,86.01,100,Weekday,Thursday,Maximum_Load
40.64,6.77,1.08,98.64,99.96,Weekday,Monday,Medium_Load
4.46,0,24.62,100,17.83,Weekday,Wednesday,Medium_Load
3.78,5.62,0,55.81,100,Weekday,Monday,Medium_Load
51.59,51.73,0,70.61,100,Weekday,Tuesday,Light_Load
2.74,4.43,0,52.6,100,Weekday,Monday,Light_Load
2.92,0,5.4,100,47.57,Weekend,Saturday,Light_Load
11.81,2.63,5.87,97.61,89.55,Weekend,Saturday,Maximum_Load
4.61,5.04,0,67.49,100,Weekday,Monday,Light_Load
2.92,5.54,0,46.63,100,Weekday,Friday,Light_Load
62.5,27.61,0,91.47,100,Weekend,Saturday,Medium_Load
3.56,0,17.39,100,20.06,Weekend,Saturday,Light_Load
35.6,14.29,0,92.8,100,Weekend,Saturday,Maximum_Load
3.28,2.63,0,78.02,100,Weekday,Thursday,Light_Load
86.65,39.35,0,91.05,100,Weekend,Sunday,Medium_Load
3.31,5.44,0,51.98,100,Weekday,Thursday,Light_Load
5.87,0,19.12,100,29.35,Weekday,Wednesday,Medium_Load
10.62,3.96,13.64,93.7,61.43,Weekday,Wednesday,Medium_Load
67.25,35.06,0,88.67,100,Weekday,Thursday,Medium_Load
2.88,4.9,0,50.67,100,Weekday,Thursday,Light_Load
49.72,22.18,0,91.33,100,Weekday,Wednesday,Light_Load
5.98,2.41,0.22,92.75,99.93,Weekday,Thursday,Light_Load
4.43,0,16.96,100,25.27,Weekend,Saturday,Medium_Load
3.2,0,16.63,100,18.9,Weekday,Monday,Medium_Load
3.31,6.73,0,44.13,100,Weekend,Sunday,Light_Load
83.56,42.95,0,88.94,100,Weekday,Tuesday,Maximum_Load
2.95,4.72,0,53,100,Weekday,Friday,Light_Load
2.92,0,17.5,100,16.46,Weekend,Saturday,Light_Load
4.57,0,26.03,100,17.29,Weekend,Saturday,Medium_Load
44.93,35.82,0,78.19,100,Weekend,Saturday,Maximum_Load
2.7,5.11,0,46.72,100,Weekend,Sunday,Light_Load
65.27,49.28,0,79.81,100,Weekday,Thursday,Maximum_Load
3.74,0,21.78,100,16.92,Weekday,Monday,Medium_Load
3.2,5.18,0,52.56,100,Weekday,Friday,Light_Load
3.1,4.1,0,60.31,100,Weekend,Sunday,Light_Load
52.27,31.64,0,85.55,100,Weekday,Friday,Medium_Load
3.42,0,13.68,100,24.25,Weekend,Sunday,Light_Load
3.17,4.82,0,54.95,100,Weekday,Friday,Light_Load
4.64,4.28,0,73.5,100,Weekday,Monday,Light_Load
55.73,24.77,0,91.38,100,Weekday,Monday,Maximum_Load
2.74,1.94,0.22,81.61,99.68,Weekend,Sunday,Light_Load
32.9,32.72,0,70.9,100,Weekend,Saturday,Maximum_Load
2.59,4.72,0,48.11,100,Weekday,Monday,Light_Load
60.08,26.42,0,91.54,100,Weekday,Tuesday,Maximum_Load
64.8,34.85,0,88.07,100,Weekday,Friday,Maximum_Load
80.78,22.57,0,96.31,100,Weekday,Wednesday,Medium_Load
3.74,4.93,0,60.44,100,Weekend,Saturday,Light_Load
2.88,5.15,0,48.81,100,Weekday,Monday,Light_Load
3.13,6.05,0,45.95,100,Weekend,Saturday,Light_Load
89.68,33.88,0,93.55,100,Weekday,Friday,Maximum_Load
85.93,13,0,98.87,100,Weekend,Saturday,Maximum_Load
56.41,47.52,0,76.48,100,Weekday,Thursday,Light_Load
14.54,4.82,20.16,94.92,58.5,Weekday,Wednesday,Medium_Load
3.96,0,18.9,100,20.51,Weekend,Saturday,Medium_Load
54.79,15.55,0,96.2,100,Weekday,Monday,Light_Load
49,27.72,0,87.04,100,Weekday,Wednesday,Maximum_Load
25.52,2.3,2.05,99.6,99.68,Weekend,Sunday,Maximum_Load
3.56,3.89,0,67.51,100,Weekday,Thursday,Light_Load
2.95,5.54,0,47,100,Weekday,Tuesday,Light_Load
62.78,36.97,0,86.17,100,Weekday,Tuesday,Maximum_Load
3.74,4.54,0,63.58,100,Weekday,Thursday,Light_Load
3.6,0,17.1,100,20.6,Weekend,Saturday,Light_Load
4.39,0,17.93,100,23.78,Weekend,Sunday,Medium_Load
34.74,28.87,0,76.91,100,Weekday,Thursday,Light_Load
2.99,1.12,3.74,93.65,62.44,Weekend,Sunday,Light_Load
2.99,5.62,0,46.97,100,Weekday,Friday,Light_Load
5.94,5.87,0,71.13,100,Weekday,Tuesday,Light_Load
33.48,31.86,0,72.44,100,Weekday,Tuesday,Maximum_Load
3.24,3.96,0,63.32,100,Weekday,Thursday,Light_Load
26.53,1.19,1.37,99.9,99.87,Weekend,Saturday,Medium_Load
58.9,25.45,0,91.8,100,Weekday,Wednesday,Maximum_Load
95.18,29.84,0,95.42,100,Weekday,Friday,Maximum_Load
99.76,49.93,0,89.42,100,Weekday,Wednesday,Maximum_Load
67.36,19.84,0,95.93,100,Weekday,Friday,Medium_Load
52.85,28.12,0,88.28,100,Weekday,Friday,Medium_Load
4.21,2.88,0,82.54,100,Weekday,Monday,Light_Load
3.24,3.74,0,65.48,100,Weekday,Wednesday,Light_Load
94.28,57.06,0,85.55,100,Weekday,Thursday,Light_Load
2.84,5.08,0,48.8,100,Weekend,Sunday,Light_Load
63.14,25.27,0,92.84,100,Weekday,Tuesday,Maximum_Load
2.48,5,0,44.43,100,Weekend,Sunday,Light_Load
55.58,33.7,0,85.51,100,Weekday,Tuesday,Medium_Load
2.56,5.18,0,44.31,100,Weekday,Tuesday,Light_Load
2.77,4.86,0,49.52,100,Weekend,Sunday,Light_Load
58.64,43.7,0,80.18,100,Weekday,Monday,Maximum_Load
2.99,6.05,0,44.31,100,Weekday,Thursday,Light_Load
54.83,15.34,0,96.3,100,Weekday,Friday,Maximum_Load
3.89,3.02,0.25,78.99,99.79,Weekend,Saturday,Light_Load
105.26,43.6,0,92.39,100,Weekend,Saturday,Maximum_Load
3.28,3.2,0,71.58,100,Weekday,Tuesday,Light_Load
50.69,33.73,0,83.25,100,Weekday,Tuesday,Light_Load
2.7,5.47,0,44.26,100,Weekday,Monday,Medium_Load
4.03,5.47,0,59.31,100,Weekday,Tuesday,Light_Load
68.98,35.64,0,88.84,100,Weekday,Tuesday,Maximum_Load
96.37,50,0,88.76,100,Weekday,Wednesday,Maximum_Load
3.31,4.97,0,55.43,100,Weekday,Monday,Light_Load
50.29,27.36,0,87.84,100,Weekday,Wednesday,Maximum_Load
4.14,0,27.36,100,14.96,Weekday,Friday,Medium_Load
3.49,0,9.58,100,34.23,Weekend,Saturday,Medium_Load
3.35,0,15.8,100,20.74,Weekend,Sunday,Medium_Load
3.64,3.56,0,71.49,100,Weekend,Sunday,Light_Load
3.49,0,17.86,100,19.18,Weekend,Saturday,Medium_Load
54.58,42.95,0,78.59,100,Weekend,Sunday,Light_Load
66.28,34.85,0,88.51,100,Weekday,Thursday,Maximum_Load
35.1,0.07,3.96,100,99.37,Weekend,Sunday,Medium_Load
64.12,33.12,0,88.85,100,Weekday,Wednesday,Maximum_Load
3.28,0,17.46,100,18.46,Weekend,Sunday,Light_Load
38.66,2.7,0.14,99.76,100,Weekday,Friday,Medium_Load
124.34,62.57,0,89.33,100,Weekday,Monday,Medium_Load
6.08,0,25.52,100,23.18,Weekend,Sunday,Light_Load
41.4,20.48,0,89.63,100,Weekday,Thursday,Maximum_Load
2.92,5.9,0,44.36,100,Weekend,Saturday,Light_Load
4.43,4.43,0,70.71,100,Weekday,Tuesday,Light_Load
2.99,4.82,0,52.71,100,Weekday,Monday,Light_Load
34.52,21.92,0.14,84.42,100,Weekday,Wednesday,Light_Load
26.75,0.11,7.24,100,96.53,Weekday,Tuesday,Maximum_Load
53.82,24.95,0,90.73,100,Weekday,Monday,Maximum_Load
2.95,5.22,0,49.2,100,Weekend,Saturday,Light_Load
3.67,0,13.86,100,25.6,Weekend,Saturday,Light_Load
36.07,5.54,4.14,98.84,99.35,Weekday,Wednesday,Medium_Load
4.64,5.22,0,66.44,100,Weekday,Tuesday,Maximum_Load
2.66,3.28,0,62.99,100,Weekday,Monday,Light_Load
77.98,47.48,0,85.41,100,Weekday,Monday,Medium_Load
33.23,0.68,5.54,99.98,98.64,Weekday,Friday,Medium_Load
2.92,4.9,0,51.19,100,Weekday,Thursday,Light_Load
3.02,4.5,0,55.73,100,Weekday,Monday,Light_Load
3.71,4.28,0,65.5,100,Weekend,Saturday,Light_Load
122.11,43.92,0,94.1,100,Weekday,Thursday,Medium_Load
3.06,4.03,0,60.47,100,Weekend,Saturday,Light_Load
4.57,4.36,0,72.35,100,Weekday,Thursday,Light_Load
32.8,8.03,0,97.13,100,Weekend,Sunday,Maximum_Load
44.35,16.38,0,93.81,100,Weekday,Tuesday,Maximum_Load
2.7,4.72,0,49.65,100,Weekday,Friday,Light_Load
116.06,47.88,0,92.44,100,Weekday,Thursday,Maximum_Load
2.84,4.39,0,54.32,100,Weekend,Sunday,Light_Load
2.81,3.85,0,58.95,100,Weekend,Sunday,Light_Load
66.49,10.37,1.04,98.81,99.99,Weekday,Monday,Maximum_Load
7.63,0,25.74,100,28.42,Weekday,Wednesday,Medium_Load
112.39,49.64,0,91.47,100,Weekday,Monday,Medium_Load
56.45,26.86,0,90.3,100,Weekday,Monday,Maximum_Load
91.98,23.72,0,96.83,100,Weekday,Tuesday,Medium_Load
3.17,3.02,0,72.4,100,Weekday,Thursday,Light_Load
3.82,6.44,0,51.02,100,Weekend,Saturday,Light_Load
2.48,4.68,0,46.82,100,Weekday,Wednesday,Light_Load
52.06,15.77,0,95.71,100,Weekday,Monday,Light_Load
58.25,32.26,0,87.48,100,Weekday,Friday,Maximum_Load
69.26,45.68,0,83.48,100,Weekday,Monday,Medium_Load
4.18,3.49,0.11,76.76,99.97,Weekday,Monday,Maximum_Load
2.99,6.19,0,43.5,100,Weekday,Friday,Light_Load
70.78,26.14,0,93.81,100,Weekday,Tuesday,Medium_Load
3.53,0,23.22,100,15.03,Weekday,Wednesday,Medium_Load
59.72,35.64,0,85.87,100,Weekday,Friday,Medium_Load
4.39,4.03,0,73.67,100,Weekday,Monday,Light_Load
4.21,0,17.78,100,23.04,Weekend,Sunday,Light_Load
3.92,2.41,0.25,85.19,99.8,Weekday,Friday,Light_Load
2.56,4.54,0,49.12,100,Weekday,Tuesday,Light_Load
3.6,6.73,0,47.17,100,Weekday,Friday,Light_Load
68.8,34.2,0,89.55,100,Weekday,Thursday,Maximum_Load
4.68,0,21.1,100,21.65,Weekend,Saturday,Medium_Load
52.6,25.38,0,90.06,100,Weekday,Tuesday,Medium_Load
5.83,5.44,0,73.11,100,Weekday,Tuesday,Light_Load
4.32,5.11,0,64.56,100,Weekend,Sunday,Light_Load
4.18,0,16.31,100,24.83,Weekday,Wednesday,Medium_Load
3.1,4.43,0,57.33,100,Weekday,Thursday,Light_Load
3.53,0,16.85,100,20.5,Weekday,Wednesday,Light_Load
2.99,3.13,0,69.08,100,Weekday,Wednesday,Light_Load
3.71,0,25.02,100,14.67,Weekend,Saturday,Medium_Load
2.7,4.93,0,48.03,100,Weekday,Friday,Light_Load
3.31,6.19,0,47.15,100,Weekday,Tuesday,Light_Load
4.07,5.15,0,62,100,Weekend,Saturday,Light_Load
31.03,1.4,1.98,99.9,99.8,Weekday,Tuesday,Maximum_Load
4.21,3.64,0.04,75.65,100,Weekday,Wednesday,Light_Load
20.41,0.65,4.46,99.95,97.69,Weekend,Sunday,Light_Load
48.85,9.79,0,98.05,100,Weekday,Friday,Maximum_Load
3.1,3.64,0,64.84,100,Weekday,Tuesday,Light_Load
3.35,0,17.06,100,19.27,Weekend,Sunday,Light_Load
2.99,0,11.3,100,25.58,Weekend,Sunday,Light_Load
2.92,4.03,0,58.67,100,Weekday,Monday,Light_Load
4.21,6.3,0,55.56,100,Weekday,Tuesday,Light_Load
39.78,21.96,3.82,87.55,99.54,Weekday,Wednesday,Maximum_Load
96.55,47.84,0,89.6,100,Weekday,Monday,Medium_Load
51.19,28.01,0,87.73,100,Weekday,Tuesday,Medium_Load
2.63,4.5,0,50.46,100,Weekend,Sunday,Light_Load
3.56,6.66,0,47.14,100,Weekday,Thursday,Light_Load
5.36,0,26.89,100,19.55,Weekday,Tuesday,Medium_Load
2.77,0,15.37,100,17.74,Weekday,Thursday,Light_Load
36.68,32.22,0,75.13,100,Weekday,Friday,Light_Load
2.63,4.28,0,52.35,100,Weekday,Thursday,Light_Load
2.52,3.1,0,63.08,100,Weekend,Sunday,Light_Load
4.5,0,10.22,100,40.3,Weekday,Thursday,Medium_Load
3.1,3.67,0,64.53,100,Weekend,Sunday,Light_Load
8.17,0,12.92,100,53.45,Weekday,Tuesday,Maximum_Load
3.35,0,17.68,100,18.62,Weekday,Thursday,Light_Load
3.6,5,0,58.43,100,Weekend,Sunday,Light_Load
4.1,4.46,0,67.68,100,Weekday,Wednesday,Light_Load
91.04,33.37,0,93.89,100,Weekday,Monday,Maximum_Load
62.17,32.94,0,88.36,100,Weekday,Monday,Medium_Load
5.08,1.55,15.37,95.65,31.38,Weekday,Wednesday,Medium_Load
41.69,21.17,0,89.16,100,Weekday,Wednesday,Medium_Load
3.78,0,26.06,100,14.35,Weekday,Friday,Medium_Load
3.6,3.1,0,75.78,100,Weekend,Saturday,Light_Load
2.81,5.26,0,47.12,100,Weekday,Tuesday,Light_Load
35.28,0.07,3.06,100,99.63,Weekend,Sunday,Maximum_Load
103.25,49.64,0,90.13,100,Weekday,Monday,Maximum_Load
53.6,35.32,0,83.5,100,Weekday,Thursday,Medium_Load
52.27,36.04,0.07,82.33,100,Weekday,Tuesday,Medium_Load
4.57,4.72,0,69.56,100,Weekday,Monday,Light_Load
4.28,0,21.42,100,19.59,Weekend,Saturday,Light_Load
2.59,4.75,0,47.87,100,Weekday,Thursday,Light_Load
2.77,4.43,0,53.02,100,Weekday,Wednesday,Light_Load
69.88,20.09,0,96.11,100,Weekday,Monday,Medium_Load
65.66,25.96,0,93,100,Weekday,Thursday,Medium_Load
3.2,6.08,0,46.57,100,Weekend,Saturday,Light_Load
67.82,41.18,0,85.48,100,Weekday,Monday,Maximum_Load
3.46,2.95,0,76.1,100,Weekday,Monday,Light_Load
2.95,5.87,0,44.9,100,Weekend,Sunday,Light_Load
6.91,0,23.11,100,28.65,Weekday,Thursday,Medium_Load
2.56,4.25,0,51.6,100,Weekday,Tuesday,Light_Load
2.81,5.54,0.11,45.24,99.92,Weekend,Saturday,Medium_Load
59,20.2,0,94.61,100,Weekday,Tuesday,Maximum_Load
2.88,4.86,0,50.98,100,Weekday,Tuesday,Light_Load
56.88,30.67,0,88.02,100,Weekday,Monday,Medium_Load
3.46,6.66,0,46.1,100,Weekend,Saturday,Medium_Load
90.58,26.68,0,95.93,100,Weekday,Thursday,Maximum_Load
69.12,49.9,0,81.08,100,Weekday,Monday,Maximum_Load
3.56,0,14.11,100,24.46,Weekend,Saturday,Light_Load
3.35,3.53,0,68.84,100,Weekday,Friday,Light_Load
54.94,29.77,0,87.92,100,Weekday,Friday,Maximum_Load
2.84,5.18,0,48.07,100,Weekday,Monday,Medium_Load
2.52,3.64,0,56.92,100,Weekday,Monday,Light_Load
45.61,22.07,0,90.02,100,Weekday,Tuesday,Maximum_Load
4.61,4.68,0,70.18,100,Weekday,Friday,Light_Load
4.43,0,26.28,100,16.62,Weekday,Friday,Medium_Load
4.68,0,26.53,100,17.37,Weekend,Sunday,Medium_Load
52.09,26.75,0,88.96,100,Weekday,Monday,Maximum_Load
3.49,0,12.78,100,26.34,Weekend,Saturday,Light_Load
3.67,0,21.82,100,16.59,Weekend,Saturday,Medium_Load
3.85,3.06,0,78.28,100,Weekend,Sunday,Light_Load
3.31,0,17.28,100,18.81,Weekend,Sunday,Light_Load
3.17,0,16.09,100,19.33,Weekend,Sunday,Light_Load
8.32,0,13.5,100,52.47,Weekday,Friday,Medium_Load
3.02,0,11.05,100,26.36,Weekend,Sunday,Light_Load
55.84,33.66,0,85.64,100,Weekday,Tuesday,Medium_Load
56.48,29.48,0,88.65,100,Weekday,Tuesday,Medium_Load
100.08,44.39,0,91.41,100,Weekday,Wednesday,Maximum_Load
104.08,43.45,0,92.28,100,Weekday,Monday,Maximum_Load
2.77,0,17.39,100,15.73,Weekday,Wednesday,Light_Load
3.53,0,14.15,100,24.21,Weekend,Saturday,Light_Load
5.94,5.47,0,73.56,100,Weekday,Tuesday,Light_Load
43.85,1.08,2.27,99.97,99.87,Weekday,Monday,Medium_Load
3.2,4.1,0,61.53,100,Weekday,Tuesday,Light_Load
94.03,57.28,0,85.4,100,Weekday,Wednesday,Maximum_Load
38.34,29.56,0,79.19,100,Weekend,Saturday,Light_Load
4.61,0,19.91,100,22.56,Weekend,Sunday,Light_Load
41,18.32,1.66,91.3,99.92,Weekday,Thursday,Medium_Load
48.74,19.98,0.22,92.53,100,Weekday,Tuesday,Maximum_Load
107.86,57.13,0,88.37,100,Weekday,Wednesday,Maximum_Load
60.88,31.46,6.59,88.84,99.42,Weekday,Wednesday,Medium_Load
5.33,0,20.99,100,24.61,Weekend,Sunday,Light_Load
31.72,6.55,0.36,97.93,99.99,Weekday,Wednesday,Medium_Load
97.56,64.8,0,83.3,100,Weekday,Friday,Maximum_Load
2.84,5.18,0,48.07,100,Weekday,Monday,Light_Load
5.69,0,14,100,37.65,Weekend,Sunday,Maximum_Load
66.64,32.15,0,90.07,100,Weekday,Monday,Maximum_Load
47.59,19.12,0,92.79,100,Weekday,Friday,Maximum_Load
3.02,0,10.08,100,28.7,Weekend,Sunday,Light_Load
50.65,5,5.18,99.52,99.48,Weekend,Saturday,Maximum_Load
46.91,47.84,0,70.01,100,Weekday,Friday,Light_Load
3.35,3.53,0,68.84,100,Weekday,Thursday,Light_Load
18.83,4.46,14.62,97.31,78.99,Weekday,Monday,Maximum_Load
84.49,42.48,0,89.34,100,Weekday,Thursday,Light_Load
5.15,0,24.8,100,20.33,Weekday,Thursday,Medium_Load
40.32,19.4,0,90.11,100,Weekday,Thursday,Medium_Load
64.69,20.56,0,95.3,100,Weekday,Wednesday,Medium_Load
4.14,5.4,0,60.84,100,Weekend,Saturday,Light_Load
13.14,0.04,11.3,100,75.82,Weekend,Sunday,Maximum_Load
93.17,58.64,0,84.63,100,Weekday,Wednesday,Medium_Load
2.95,3.6,0,63.38,100,Weekday,Friday,Light_Load
54.29,24.19,0,91.34,100,Weekday,Wednesday,Maximum_Load
22.54,0.22,9.58,100,92.03,Weekend,Sunday,Maximum_Load
104.94,35.32,0,94.78,100,Weekday,Tuesday,Maximum_Load
2.74,5.29,0,45.99,100,Weekend,Sunday,Light_Load
7.42,0,24.34,100,29.16,Weekday,Friday,Medium_Load
4.21,5.4,0,61.49,100,Weekend,Saturday,Light_Load
35.78,14.33,6.41,92.83,98.43,Weekday,Thursday,Medium_Load
3.31,6.23,0,46.92,100,Weekend,Sunday,Light_Load
3.56,4.18,0,64.84,100,Weekday,Monday,Medium_Load
2.99,3.85,0,61.34,100,Weekday,Friday,Light_Load
74.77,46.04,0,85.15,100,Weekday,Monday,Maximum_Load
4.36,3.85,0,74.96,100,Weekend,Sunday,Light_Load
4.57,0,13.79,100,31.46,Weekend,Saturday,Medium_Load
39.92,23.47,0,86.21,100,Weekday,Thursday,Medium_Load
4.25,6.37,0,55.5,100,Weekday,Monday,Light_Load
2.95,5.26,0,48.92,100,Weekend,Saturday,Light_Load
94.07,17.03,0,98.4,100,Weekday,Monday,Medium_Load
48.49,22.9,0,90.42,100,Weekday,Thursday,Medium_Load
5.04,0,26.86,100,18.44,Weekend,Saturday,Maximum_Load
3.71,0,18.07,100,20.11,Weekend,Saturday,Medium_Load
6.01,7.16,0,64.29,100,Weekday,Friday,Light_Load
2.92,0,16.63,100,17.29,Weekday,Thursday,Light_Load
2.77,4.46,0,52.76,100,Weekend,Sunday,Light_Load
2.74,5.54,0,44.33,100,Weekday,Thursday,Light_Load
2.81,4.32,0,54.53,100,Weekend,Saturday,Light_Load
72.97,20.09,0,96.41,100,Weekday,Tuesday,Maximum_Load
65.12,30.28,0,90.68,100,Weekday,Tuesday,Maximum_Load
12.28,1.3,12.89,99.44,68.98,Weekday,Thursday,Medium_Load
4.64,4.36,0,72.88,100,Weekday,Monday,Light_Load
83.27,38.34,0,90.83,100,Weekday,Friday,Medium_Load
3.13,3.6,0,65.61,100,Weekend,Saturday,Light_Load
2.81,4.28,0,54.88,100,Weekend,Sunday,Light_Load
2.52,4.68,0,47.41,100,Weekday,Wednesday,Light_Load
3.28,2.81,0,75.94,100,Weekday,Friday,Light_Load
2.88,4.39,0,54.85,100,Weekday,Friday,Light_Load
3.24,4.72,0,56.59,100,Weekday,Wednesday,Light_Load
3.96,0,18.86,100,20.55,Weekday,Tuesday,Light_Load
78.12,47.41,0,85.49,100,Weekday,Thursday,Maximum_Load
42.95,15.37,0,94.15,100,Weekday,Monday,Light_Load
66.38,31.36,0,90.42,100,Weekday,Friday,Medium_Load
2.95,5.69,0,46.03,100,Weekday,Friday,Light_Load
2.92,0,16.67,100,17.25,Weekday,Tuesday,Medium_Load
52.96,35.21,0,83.28,100,Weekday,Monday,Medium_Load
2.92,5.83,0,44.78,100,Weekday,Friday,Light_Load
111.89,55.37,0,89.63,100,Weekday,Thursday,Light_Load
42.37,8.68,0.54,97.97,99.99,Weekday,Wednesday,Medium_Load
5.94,5.29,0,74.68,100,Weekday,Thursday,Light_Load
3.38,0,14.58,100,22.58,Weekend,Saturday,Light_Load
49.18,15.41,0,95.43,100,Weekday,Monday,Medium_Load
4.82,4.18,0,75.55,100,Weekend,Saturday,Light_Load
3.02,0,13.03,100,22.58,Weekend,Sunday,Light_Load
28.12,9.43,0.14,94.81,100,Weekday,Monday,Medium_Load
44.78,22.39,0,89.44,100,Weekday,Tuesday,Maximum_Load
104.11,40.1,0,93.32,100,Weekday,Wednesday,Medium_Load
2.92,5.36,0,47.84,100,Weekday,Monday,Light_Load
3.13,3.46,0,67.09,100,Weekday,Monday,Light_Load
3.74,5.15,0,58.76,100,Weekday,Tuesday,Light_Load
3.02,0,16.85,100,17.64,Weekend,Sunday,Medium_Load
113.26,46.48,0,92.51,100,Weekday,Tuesday,Maximum_Load
3.17,0,16.67,100,18.68,Weekend,Sunday,Light_Load
3.42,4.21,0.14,63.05,99.92,Weekend,Sunday,Light_Load
61.31,25.6,0,92.28,100,Weekday,Wednesday,Maximum_Load
2.99,4.79,0,52.95,100,Weekday,Tuesday,Light_Load
4.54,4.39,0,71.89,100,Weekday,Tuesday,Light_Load
90.79,43.31,0,90.26,100,Weekday,Tuesday,Maximum_Load
92.59,25.67,0,96.37,100,Weekend,Saturday,Maximum_Load
40,10.84,0,96.52,100,Weekday,Thursday,Maximum_Load
2.84,0,16.81,100,16.66,Weekend,Saturday,Light_Load
3.64,3.85,0,68.7,100,Weekend,Saturday,Light_Load
3.28,6.34,0,45.95,100,Weekend,Sunday,Light_Load
3.46,0,16.96,100,19.99,Weekday,Friday,Light_Load
3.42,5.8,0,50.79,100,Weekend,Saturday,Light_Load
22.75,0.65,5.11,99.96,97.57,Weekday,Monday,Medium_Load
47.27,11.88,3.28,96.98,99.76,Weekday,Thursday,Medium_Load
6.26,0,23.58,100,25.66,Weekend,Saturday,Medium_Load
57.74,41.47,0,81.22,100,Weekday,Thursday,Light_Load
2.77,4.93,0,48.98,100,Weekday,Wednesday,Light_Load
35.57,23.29,0.22,83.66,100,Weekday,Thursday,Light_Load
100.66,31.21,0,95.51,100,Weekday,Tuesday,Medium_Load
3.02,0,16.27,100,18.25,Weekday,Tuesday,Medium_Load
2.7,3.28,0,63.55,100,Weekday,Monday,Light_Load
6.16,0,17.03,100,34.01,Weekday,Monday,Medium_Load
133.78,45.72,0,94.63,100,Weekday,Friday,Medium_Load
92.27,23.08,0.04,97.01,100,Weekday,Thursday,Medium_Load
3.67,0,12.92,100,27.32,Weekend,Sunday,Medium_Load
2.84,0,5.26,100,47.51,Weekend,Sunday,Light_Load
91.4,33.55,0,93.88,100,Weekday,Thursday,Medium_Load
67.82,7.74,0.76,99.36,99.99,Weekend,Saturday,Maximum_Load
4.21,3.2,0.18,79.61,99.91,Weekday,Thursday,Light_Load
49.1,27.25,0,87.44,100,Weekday,Thursday,Maximum_Load
6.84,0,15.91,100,39.5,Weekday,Monday,Medium_Load
5.26,5.9,0,66.55,100,Weekday,Monday,Light_Load
2.92,4.9,0,51.19,100,Weekend,Sunday,Light_Load
8.24,1.73,19.55,97.87,38.84,Weekday,Wednesday,Medium_Load
95.65,57.78,0,85.59,100,Weekday,Wednesday,Maximum_Load
106.13,37.01,0,94.42,100,Weekday,Wednesday,Medium_Load
3.1,2.05,0.22,83.41,99.75,Weekend,Sunday,Light_Load
3.64,3.38,0,73.28,100,Weekday,Friday,Light_Load
4,3.53,0,74.98,100,Weekday,Monday,Light_Load
92.05,26.14,0,96.2,100,Weekend,Sunday,Medium_Load
73.87,26.1,0,94.29,100,Weekday,Monday,Maximum_Load
78.77,50.29,0,84.29,100,Weekday,Thursday,Maximum_Load
56.74,21.28,0,93.63,100,Weekday,Tuesday,Medium_Load
77.51,42.34,0,87.76,100,Weekday,Tuesday,Maximum_Load
3.35,0,26.6,100,12.5,Weekend,Saturday,Medium_Load
6.41,0,25.56,100,24.32,Weekend,Saturday,Maximum_Load
3.24,4.21,0,60.99,100,Weekday,Tuesday,Light_Load
3.31,2.23,0.18,82.93,99.85,Weekday,Monday,Light_Load
2.84,4.68,0,51.88,100,Weekend,Saturday,Light_Load
76.18,42.66,0,87.25,100,Weekday,Thursday,Light_Load
50.94,28.58,0,87.21,100,Weekday,Thursday,Maximum_Load
5.11,0,17.14,100,28.57,Weekday,Wednesday,Medium_Load
3.2,4.64,0,56.77,100,Weekday,Friday,Light_Load
3.78,0.04,9.94,99.99,35.54,Weekend,Saturday,Light_Load
2.56,4.64,0,48.31,100,Weekend,Sunday,Light_Load
2.66,4.72,0,49.1,100,Weekend,Sunday,Light_Load
84.17,11.99,0.04,99,100,Weekday,Monday,Maximum_Load
43.49,22.14,0,89.12,100,Weekday,Friday,Maximum_Load
3.17,4,0,62.11,100,Weekday,Wednesday,Light_Load
2.84,5.4,0,46.55,100,Weekday,Tuesday,Light_Load
24.44,0,14.29,100,86.33,Weekday,Tuesday,Medium_Load
2.7,0,12.17,100,21.66,Weekday,Friday,Medium_Load
2.74,4.28,0,53.92,100,Weekday,Friday,Light_Load
3.06,5.65,0,47.62,100,Weekday,Friday,Light_Load
56.3,19.73,0,94.37,100,Weekday,Friday,Maximum_Load
57.89,27.61,0,90.26,100,Weekday,Thursday,Maximum_Load
4.25,0,16.88,100,24.42,Weekend,Sunday,Light_Load
32.47,3.17,10.8,99.53,94.89,Weekend,Saturday,Maximum_Load
3.46,0,16.45,100,20.58,Weekday,Monday,Medium_Load
3.1,0,16.78,100,18.17,Weekday,Tuesday,Medium_Load
2.66,0,11.63,100,22.3,Weekday,Tuesday,Light_Load
3.49,4.36,0,62.49,100,Weekday,Friday,Light_Load
59.18,18.79,0,95.31,100,Weekday,Tuesday,Medium_Load
58.36,43.7,0,80.05,100,Weekday,Tuesday,Light_Load
2.63,5.11,0,45.76,100,Weekend,Saturday,Light_Load
2.66,5.18,0,45.68,100,Weekday,Monday,Light_Load
3.02,3.96,0,60.64,100,Weekday,Thursday,Light_Load
44.24,9.25,0,97.88,100,Weekday,Monday,Medium_Load
3.67,7.27,0,45.06,100,Weekday,Wednesday,Light_Load
4.25,3.6,0.04,76.3,100,Weekday,Friday,Light_Load
2.48,4.54,0,47.94,100,Weekday,Wednesday,Light_Load
101.7,26.17,0,96.85,100,Weekend,Saturday,Maximum_Load
5.47,0,16.34,100,31.74,Weekday,Wednesday,Medium_Load
85.75,23.76,0.29,96.37,100,Weekday,Monday,Medium_Load
3.53,3.38,0,72.23,100,Weekday,Friday,Light_Load
2.77,4.93,0,48.98,100,Weekend,Sunday,Light_Load
2.52,4.21,0,51.36,100,Weekday,Wednesday,Light_Load
5.11,4.46,0,75.34,100,Weekday,Wednesday,Light_Load
3.56,4.36,0,63.25,100,Weekend,Saturday,Light_Load
64.26,17.89,0,96.34,100,Weekday,Monday,Maximum_Load
3.96,0,26.5,100,14.78,Weekday,Wednesday,Medium_Load
40.1,5.87,0.68,98.95,99.99,Weekday,Monday,Medium_Load
106.85,35.14,0,94.99,100,Weekday,Thursday,Medium_Load
2.81,0,5.18,100,47.68,Weekend,Saturday,Medium_Load
3.1,2.99,0,71.98,100,Weekend,Sunday,Light_Load
3.89,0,10.76,100,34,Weekend,Sunday,Light_Load
88.31,44.82,0,89.17,100,Weekday,Friday,Maximum_Load
2.92,0,13.72,100,20.82,Weekend,Saturday,Medium_Load
2.88,0,6.01,100,43.21,Weekend,Saturday,Light_Load
2.77,5.4,0,45.64,100,Weekend,Saturday,Light_Load
4.1,4.03,0,71.32,100,Weekday,Monday,Light_Load
3.74,0,5.18,100,58.54,Weekend,Saturday,Medium_Load
70.13,37.58,0,88.14,100,Weekday,Friday,Maximum_Load
3.78,3.92,0,69.41,100,Weekday,Tuesday,Light_Load
51.12,24.7,0,90.04,100,Weekday,Friday,Medium_Load
110.81,35.28,0,95.29,100,Weekday,Tuesday,Maximum_Load
111.2,53.71,0,90.05,100,Weekday,Monday,Maximum_Load
49.72,23.22,0,90.61,100,Weekday,Thursday,Maximum_Load
3.13,5.72,0,48,100,Weekday,Tuesday,Light_Load
3.53,5.33,0,55.22,100,Weekday,Wednesday,Light_Load
4.32,0,12.13,100,33.55,Weekend,Saturday,Medium_Load
71.39,17.89,0,97,100,Weekend,Saturday,Maximum_Load
3.06,0,16.31,100,18.44,Weekend,Saturday,Light_Load
3.2,5.51,0,50.22,100,Weekday,Wednesday,Light_Load
3.17,4.14,0,60.79,100,Weekday,Tuesday,Light_Load
3.24,4.61,0,57.5,100,Weekend,Saturday,Light_Load
3.13,0,16.96,100,18.15,Weekend,Sunday,Light_Load
2.84,5.36,0,46.82,100,Weekend,Sunday,Light_Load
4.82,0,17.1,100,27.13,Weekend,Sunday,Light_Load
2.74,3.78,0,58.69,100,Weekday,Monday,Light_Load
66.49,65.2,0,71.4,100,Weekday,Thursday,Light_Load
51.12,31.1,0,85.43,100,Weekday,Tuesday,Maximum_Load
5.87,2.74,0.11,90.61,99.98,Weekday,Monday,Light_Load
3.67,0,18.04,100,19.94,Weekend,Saturday,Medium_Load
40.79,9.5,0,97.39,100,Weekend,Saturday,Maximum_Load
3.46,4.14,0,64.13,100,Weekday,Thursday,Light_Load
44.5,22.36,0,89.35,100,Weekday,Thursday,Maximum_Load
60.08,32.08,0,88.21,100,Weekday,Wednesday,Maximum_Load
109.15,36.72,0,94.78,100,Weekday,Monday,Medium_Load
3.46,2.92,0.04,76.42,99.99,Weekend,Sunday,Light_Load
86.15,42.12,0,89.84,100,Weekday,Tuesday,Medium_Load
3.85,2.74,0.36,81.47,99.57,Weekday,Tuesday,Light_Load
3.85,4.72,0,63.21,100,Weekday,Tuesday,Light_Load
33.84,12.42,0,93.88,100,Weekend,Saturday,Maximum_Load
3.85,3.13,0,77.59,100,Weekday,Tuesday,Light_Load
50.11,21.53,0,91.88,100,Weekday,Friday,Maximum_Load
3.24,6.05,0,47.21,100,Weekday,Friday,Light_Load
3.89,0,18.25,100,20.85,Weekend,Saturday,Maximum_Load
6.62,0,21.35,100,29.62,Weekday,Thursday,Medium_Load
49.1,23.65,0,90.09,100,Weekday,Friday,Maximum_Load
3.96,0,26.32,100,14.88,Weekend,Sunday,Light_Load
44.82,18.86,0,92.17,100,Weekday,Friday,Maximum_Load
2.84,4.07,0,57.22,100,Weekend,Sunday,Light_Load
50.51,28.33,0,87.22,100,Weekday,Monday,Maximum_Load
37.33,28.3,0,79.69,100,Weekday,Friday,Light_Load
2.99,5.9,0,45.2,100,Weekday,Thursday,Light_Load
102.56,61.6,0,85.73,100,Weekday,Tuesday,Light_Load
56.66,32.62,0,86.66,100,Weekday,Friday,Maximum_Load
3.35,0,13.86,100,23.49,Weekend,Sunday,Light_Load
2.7,4.82,0,48.87,100,Weekday,Thursday,Light_Load
2.84,5.36,0,46.82,100,Weekend,Sunday,Light_Load
8.64,0,15.23,100,49.34,Weekday,Friday,Maximum_Load
4.32,0,16.27,100,25.66,Weekend,Sunday,Light_Load
4.43,7.67,0,50.01,100,Weekday,Thursday,Medium_Load
3.06,6.44,0,42.92,100,Weekend,Sunday,Light_Load
57.46,32.98,0,86.73,100,Weekend,Saturday,Light_Load
97.67,39.31,0,92.77,100,Weekday,Monday,Maximum_Load
41.8,3.85,0.22,99.58,100,Weekday,Friday,Maximum_Load
4.46,0,17.68,100,24.46,Weekday,Friday,Medium_Load
67.79,32.47,0,90.19,100,Weekday,Tuesday,Maximum_Load
3.74,5.08,0,59.29,100,Weekday,Wednesday,Medium_Load
5.98,4.79,0,78.05,100,Weekend,Saturday,Light_Load
44.35,10.98,0.43,97.07,100,Weekend,Sunday,Medium_Load
6.05,0,20.95,100,27.74,Weekday,Monday,Medium_Load
28.98,0,11.41,100,93.05,Weekday,Thursday,Medium_Load
3.28,4.21,0,61.46,100,Weekend,Saturday,Light_Load
3.24,5.08,0,53.77,100,Weekend,Saturday,Light_Load
117.97,41.72,0,94.28,100,Weekday,Thursday,Medium_Load
5.98,4.72,0,78.49,100,Weekend,Saturday,Light_Load
4.57,3.85,0,76.48,100,Weekend,Saturday,Light_Load
3.71,0,24.48,100,14.98,Weekend,Sunday,Medium_Load
2.81,5.11,0,48.19,100,Weekday,Monday,Light_Load
3.71,4.86,0,60.68,100,Weekday,Friday,Light_Load
3.74,7.56,0,44.34,100,Weekday,Tuesday,Medium_Load
4.03,0,26.75,100,14.9,Weekend,Saturday,Medium_Load
53.03,14.98,0,96.23,100,Weekday,Monday,Maximum_Load
3.35,5.44,0,52.44,100,Weekday,Tuesday,Light_Load
57.53,25.85,0,91.21,100,Weekday,Wednesday,Maximum_Load
3.13,3.53,0,66.34,100,Weekend,Sunday,Light_Load
59.76,17.96,0,95.77,100,Weekday,Friday,Medium_Load
96.55,35.5,0,93.86,100,Weekday,Tuesday,Medium_Load
3.2,0,13.1,100,23.73,Weekend,Sunday,Light_Load
2.84,4.21,0,55.92,100,Weekday,Friday,Light_Load
34.96,0,7.96,100,97.5,Weekday,Monday,Medium_Load
57.67,5.65,1.91,99.52,99.95,Weekend,Saturday,Maximum_Load
4,4,0,70.71,100,Weekend,Saturday,Light_Load
4.75,5.08,0,68.3,100,Weekday,Friday,Light_Load
3.13,5.47,0,49.67,100,Weekday,Friday,Light_Load
3.64,4.57,0,62.3,100,Weekday,Monday,Light_Load
2.81,0,17.5,100,15.85,Weekday,Wednesday,Medium_Load
2.77,4.64,0,51.26,100,Weekend,Sunday,Light_Load
3.46,3.96,0,65.8,100,Weekday,Tuesday,Light_Load
43.31,18.65,0,91.85,100,Weekday,Wednesday,Medium_Load
2.84,4.57,0,52.78,100,Weekday,Thursday,Light_Load
93.1,47.45,0,89.1,100,Weekday,Friday,Medium_Load
28.04,3.31,7.6,99.31,96.52,Weekday,Tuesday,Medium_Load
5.04,0,18.65,100,26.09,Weekday,Tuesday,Light_Load
2.59,4.68,0,48.42,100,Weekday,Tuesday,Light_Load
3.1,3.38,0,67.59,100,Weekday,Friday,Light_Load
62.46,30.67,0,89.76,100,Weekday,Tuesday,Medium_Load
36.4,4.39,1.51,99.28,99.91,Weekday,Thursday,Medium_Load
5,0,27,100,18.21,Weekend,Sunday,Medium_Load
2.81,0,10.58,100,25.67,Weekday,Monday,Light_Load
3.89,6.8,0,49.66,100,Weekend,Saturday,Maximum_Load
68.94,24.55,0,94.21,100,Weekday,Tuesday,Maximum_Load
2.84,5.58,0,45.36,100,Weekend,Saturday,Light_Load
40.39,22.79,0,87.09,100,Weekday,Wednesday,Medium_Load
2.7,4.07,0,55.28,100,Weekend,Saturday,Light_Load
4.79,5.11,0,68.39,100,Weekday,Friday,Light_Load
3.49,0,16.88,100,20.25,Weekend,Saturday,Medium_Load
3.1,3.42,0,67.16,100,Weekday,Friday,Light_Load
55.76,33.01,0,86.05,100,Weekday,Friday,Medium_Load
97.06,27.94,0,96.1,100,Weekday,Thursday,Maximum_Load
48.49,30.28,0,84.82,100,Weekday,Monday,Medium_Load
2.81,5.94,0,42.76,100,Weekday,Wednesday,Light_Load
3.49,5.4,0,54.28,100,Weekday,Monday,Light_Load
4,3.92,0,71.42,100,Weekday,Wednesday,Light_Load
4.79,0,11.05,100,39.77,Weekday,Wednesday,Medium_Load
3.67,0,13.93,100,25.48,Weekend,Saturday,Light_Load
5.51,0,26.53,100,20.33,Weekday,Monday,Medium_Load
3.67,6.26,0,50.58,100,Weekday,Wednesday,Light_Load
76,43.63,0,86.73,100,Weekday,Friday,Medium_Load
3.49,0,20.81,100,16.54,Weekend,Saturday,Light_Load
3.64,4.72,0,61.07,100,Weekday,Tuesday,Light_Load
9.25,10.98,0,64.43,100,Weekday,Tuesday,Light_Load
55.98,28.8,0,88.92,100,Weekday,Friday,Maximum_Load
40.97,31.61,0,79.17,100,Weekday,Friday,Light_Load
3.78,5.4,0,57.35,100,Weekday,Friday,Light_Load
61.99,29.38,0,90.36,100,Weekday,Friday,Maximum_Load
86.15,13.57,0,98.78,100,Weekday,Tuesday,Medium_Load
3.67,4.75,0,61.14,100,Weekday,Thursday,Light_Load
97.27,32.29,0,94.91,100,Weekday,Monday,Medium_Load
2.88,0,18.36,100,15.5,Weekend,Saturday,Light_Load
28.98,0,8.1,100,96.31,Weekday,Tuesday,Maximum_Load
3.38,0,17.17,100,19.31,Weekend,Saturday,Medium_Load
2.88,2.09,0.14,80.93,99.88,Weekday,Tuesday,Light_Load
3.46,5.4,0,53.95,100,Weekday,Friday,Medium_Load
41.11,30.71,0,80.11,100,Weekday,Thursday,Light_Load
63.07,45.86,0,80.88,100,Weekday,Friday,Maximum_Load
3.67,4.79,0,60.82,100,Weekend,Sunday,Light_Load
26.32,0.58,1.84,99.98,99.76,Weekend,Saturday,Maximum_Load
55.62,11.66,0,97.87,100,Weekday,Friday,Medium_Load
66.35,26.32,0,92.95,100,Weekday,Wednesday,Maximum_Load
5.72,0,22.82,100,24.31,Weekday,Friday,Medium_Load
3.67,4.82,0,60.58,100,Weekday,Monday,Light_Load
2.84,5.9,0,43.37,100,Weekend,Sunday,Light_Load
2.84,4.72,0,51.56,100,Weekday,Friday,Light_Load
3.2,6.84,0,42.38,100,Weekday,Monday,Light_Load
2.81,5.29,0,46.91,100,Weekend,Sunday,Light_Load
3.17,6.3,0,44.95,100,Weekday,Friday,Medium_Load
133.7,72.58,0,87.89,100,Weekday,Monday,Maximum_Load
5.26,0,26.1,100,19.76,Weekday,Tuesday,Medium_Load
27.32,2.56,3.28,99.56,99.29,Weekday,Wednesday,Maximum_Load
48.78,17.71,0,94,100,Weekday,Thursday,Medium_Load
3.53,0,17.53,100,19.74,Weekend,Saturday,Medium_Load
2.92,4.39,0,55.38,100,Weekday,Monday,Light_Load
63.11,18.04,0,96.15,100,Weekday,Monday,Medium_Load
47.56,19.3,0,92.66,100,Weekday,Wednesday,Medium_Load
37.51,0.04,4.36,100,99.33,Weekday,Friday,Medium_Load
2.81,4.75,0,50.92,100,Weekend,Sunday,Light_Load
3.06,3.74,0,63.32,100,Weekday,Friday,Light_Load
30.38,17.89,2.52,86.17,99.66,Weekday,Friday,Maximum_Load
3.1,6.19,0,44.78,100,Weekday,Wednesday,Light_Load
56.12,19.62,0,94.4,100,Weekday,Monday,Medium_Load
58.79,4.5,1.94,99.71,99.95,Weekend,Saturday,Medium_Load
3.28,0,14.83,100,21.6,Weekend,Sunday,Light_Load
2.95,0,17.24,100,16.87,Weekend,Saturday,Medium_Load
2.7,5.04,0,47.22,100,Weekend,Sunday,Light_Load
2.95,2.09,0.07,81.6,99.97,Weekday,Thursday,Light_Load
49.57,15.26,0.11,95.57,100,Weekday,Thursday,Medium_Load
80.64,46.76,0,86.51,100,Weekday,Tuesday,Medium_Load
3.56,5.69,0,53.04,100,Weekday,Wednesday,Light_Load
2.92,4.68,0,52.93,100,Weekday,Tuesday,Light_Load
3.06,5.29,0,50.07,100,Weekday,Friday,Light_Load
66.35,8.86,0.86,99.12,99.99,Weekday,Monday,Medium_Load
54.47,28.3,0,88.74,100,Weekday,Wednesday,Maximum_Load
3.64,7.31,0.14,44.57,99.93,Weekday,Wednesday,Medium_Load
42.7,10.15,0,97.29,100,Weekend,Saturday,Maximum_Load
4.75,5.51,0,65.29,100,Weekday,Friday,Light_Load
3.92,3.53,0,74.31,100,Weekday,Wednesday,Light_Load
2.99,5.29,0,49.21,100,Weekday,Friday,Light_Load
2.81,5.29,0,46.91,100,Weekday,Thursday,Light_Load
2.99,1.84,0.29,85.17,99.53,Weekend,Sunday,Light_Load
3.85,3.13,0,77.59,100,Weekday,Monday,Light_Load
67.28,27,0,92.81,100,Weekend,Sunday,Maximum_Load
3.31,0,13.97,100,23.06,Weekend,Sunday,Light_Load
30.02,4.1,0.9,99.08,99.96,Weekday,Wednesday,Maximum_Load
4.86,3.31,0,82.65,100,Weekday,Wednesday,Light_Load
3.31,0,17.68,100,18.4,Weekday,Thursday,Light_Load
3.46,5.72,0,51.76,100,Weekday,Monday,Light_Load
3.02,5.15,0,50.58,100,Weekend,Saturday,Light_Load
2.48,5,0,44.43,100,Weekday,Wednesday,Light_Load
34.99,24.73,0,81.66,100,Weekday,Wednesday,Light_Load
36.5,27.32,0,80.06,100,Weekday,Tuesday,Light_Load
3.56,0,20.7,100,16.95,Weekend,Sunday,Light_Load
3.64,7.06,0,45.83,100,Weekend,Sunday,Light_Load
2.95,6.3,0,42.41,100,Weekday,Tuesday,Light_Load
3.53,6.34,0,48.65,100,Weekday,Tuesday,Light_Load
3.6,5.76,0,53,100,Weekday,Wednesday,Light_Load
84.46,51.16,0,85.53,100,Weekday,Thursday,Maximum_Load
3.6,4.43,0,63.07,100,Weekday,Wednesday,Light_Load
3.24,0,11.56,100,26.99,Weekend,Saturday,Medium_Load
3.46,0,17.86,100,19.02,Weekend,Saturday,Medium_Load
2.95,0,16.24,100,17.87,Weekday,Friday,Light_Load
2.88,4.9,0,50.67,100,Weekday,Tuesday,Light_Load
65.92,22.61,0,94.59,100,Weekday,Wednesday,Medium_Load
57.6,21.53,0,93.67,100,Weekday,Monday,Maximum_Load
106.16,35.6,0,94.81,100,Weekday,Thursday,Medium_Load
3.6,3.89,0,67.92,100,Weekday,Tuesday,Light_Load
50.33,17.35,0,94.54,100,Weekday,Friday,Medium_Load
2.56,4.75,0,47.44,100,Weekend,Saturday,Light_Load
138.35,57.6,0,92.32,100,Weekday,Thursday,Medium_Load
46.55,19.66,0,92.12,100,Weekday,Thursday,Maximum_Load
41.65,10.3,0,97.08,100,Weekday,Wednesday,Maximum_Load
50.83,26.14,0,88.93,100,Weekday,Thursday,Medium_Load
2.92,0,4.68,100,52.93,Weekend,Sunday,Light_Load
2.81,0,5,100,48.99,Weekend,Saturday,Medium_Load
3.49,3.64,0,69.21,100,Weekend,Sunday,Light_Load
119.66,54.07,0,91.13,100,Weekday,Thursday,Maximum_Load
4.21,0,25.74,100,16.14,Weekend,Sunday,Medium_Load
67.36,33.98,0,89.28,100,Weekday,Tuesday,Maximum_Load
73.12,21.74,0,95.85,100,Weekday,Tuesday,Medium_Load
68.47,44.28,0,83.97,100,Weekday,Monday,Medium_Load
3.49,0,26.6,100,13.01,Weekend,Saturday,Medium_Load
82.76,20.45,0,97.08,100,Weekday,Wednesday,Medium_Load
3.31,2.56,0,79.1,100,Weekday,Thursday,Medium_Load
3.24,5.04,0,54.08,100,Weekday,Tuesday,Light_Load
2.84,4.28,0,55.29,100,Weekend,Sunday,Light_Load
5.9,4.43,0,79.97,100,Weekday,Wednesday,Light_Load
2.77,4.57,0,51.83,100,Weekday,Wednesday,Light_Load
56.16,35.82,0,84.31,100,Weekday,Tuesday,Medium_Load
6.19,0,25.13,100,23.92,Weekday,Wednesday,Medium_Load
3.1,0,16.74,100,18.21,Weekend,Sunday,Light_Load
85.75,22.93,0,96.61,100,Weekday,Tuesday,Medium_Load
4.25,2.7,0.25,84.41,99.83,Weekday,Friday,Light_Load
3.02,6.05,0,44.66,100,Weekend,Sunday,Light_Load
4.21,2.92,0.04,82.17,100,Weekday,Thursday,Light_Load
3.2,5.33,0,51.47,100,Weekday,Friday,Light_Load
38.95,0.14,3.46,100,99.61,Weekday,Thursday,Medium_Load
7.81,0,21.71,100,33.85,Weekday,Friday,Medium_Load
3.56,3.6,0,70.31,100,Weekday,Tuesday,Light_Load
90.68,44.71,0,89.69,100,Weekday,Thursday,Maximum_Load
65.02,35.71,0,87.65,100,Weekday,Tuesday,Light_Load
2.95,0,11.66,100,24.53,Weekend,Sunday,Medium_Load
3.74,6.95,0,47.39,100,Weekday,Friday,Light_Load
60.34,25.74,0,91.98,100,Weekday,Friday,Maximum_Load
51.19,12.96,0,96.94,100,Weekday,Wednesday,Medium_Load
4,0,21.82,100,18.03,Weekday,Wednesday,Light_Load
8.35,0,20.99,100,36.96,Weekday,Thursday,Medium_Load
3.46,0,18,100,18.88,Weekend,Saturday,Medium_Load
63.9,34.31,0,88.1,100,Weekday,Friday,Maximum_Load
105.88,60.73,0,86.74,100,Weekday,Monday,Maximum_Load
2.77,0,11.45,100,23.51,Weekend,Sunday,Light_Load
58.39,39.38,0,82.91,100,Weekday,Tuesday,Light_Load
45.32,14.94,0,94.97,100,Weekday,Tuesday,Maximum_Load
3.42,0,16.13,100,20.74,Weekend,Sunday,Light_Load
83.74,21.89,0,96.75,100,Weekday,Tuesday,Medium_Load
2.99,5.18,0,49.99,100,Weekend,Sunday,Light_Load
4.75,6.01,0,62.01,100,Weekday,Thursday,Light_Load
2.92,5.62,0,46.11,100,Weekday,Friday,Light_Load
59.36,24.95,0,92.19,100,Weekday,Thursday,Maximum_Load
3.53,4.54,0,61.38,100,Weekend,Saturday,Light_Load
3.6,4.43,0,63.07,100,Weekday,Friday,Light_Load
37.33,29.02,0,78.95,100,Weekday,Tuesday,Light_Load
3.06,2.38,0.04,78.94,99.99,Weekday,Monday,Light_Load
42.88,1.08,0.79,99.97,99.98,Weekday,Wednesday,Maximum_Load
51.73,42.26,0,77.44,100,Weekday,Monday,Medium_Load
3.13,0,6.44,100,43.71,Weekend,Sunday,Light_Load
39.96,6.88,0,98.55,100,Weekday,Friday,Maximum_Load
64.73,25.63,0,92.98,100,Weekday,Monday,Medium_Load
39.49,7.24,0,98.36,100,Weekend,Saturday,Maximum_Load
2.74,5.51,0,44.53,100,Weekday,Thursday,Light_Load
3.02,2.02,8.89,83.12,32.17,Weekend,Sunday,Light_Load
2.81,5.33,0,46.64,100,Weekend,Saturday,Light_Load
3.78,0,16.31,100,22.58,Weekday,Friday,Medium_Load
50.58,8.32,0.07,98.67,100,Weekday,Friday,Medium_Load
2.92,4.9,0,51.19,100,Weekday,Thursday,Light_Load
3.46,4,0,65.42,100,Weekday,Tuesday,Light_Load
100.33,63.94,0,84.33,100,Weekend,Saturday,Light_Load
59.18,29.77,0,89.33,100,Weekday,Tuesday,Maximum_Load
68,23.11,0,94.68,100,Weekday,Tuesday,Medium_Load
53.03,16.13,0,95.67,100,Weekday,Monday,Medium_Load
3.31,2.59,0.04,78.76,99.99,Weekday,Monday,Light_Load
3.1,4.43,0,57.33,100,Weekday,Thursday,Light_Load
3.02,3.49,0,65.44,100,Weekday,Monday,Light_Load
55.3,4.93,6.23,99.6,99.37,Weekday,Friday,Medium_Load
3.92,0.22,3.85,99.84,71.34,Weekend,Sunday,Light_Load
5.4,5.9,0,67.52,100,Weekday,Monday,Light_Load
42.01,4.9,2.02,99.33,99.88,Weekend,Saturday,Light_Load
4.28,0,16.52,100,25.08,Weekend,Sunday,Light_Load
88.96,46.04,0,88.81,100,Weekday,Thursday,Light_Load
42.98,13.86,0.14,95.17,100,Weekend,Saturday,Maximum_Load
4.28,0,25.42,100,16.6,Weekday,Thursday,Medium_Load
57.64,32.94,0,86.82,100,Weekday,Friday,Medium_Load
5.11,0,25.49,100,19.66,Weekend,Sunday,Light_Load
4,3.85,0,72.05,100,Weekday,Thursday,Light_Load
32.29,0,6.05,100,98.29,Weekday,Tuesday,Medium_Load
3.1,4.36,0,57.95,100,Weekday,Thursday,Light_Load
51.52,16.63,0,95.17,100,Weekday,Monday,Medium_Load
2.74,4,0,56.51,100,Weekend,Sunday,Light_Load
2.84,4.9,0,50.15,100,Weekday,Friday,Light_Load
4.18,0,5.87,100,58.01,Weekday,Monday,Light_Load
50.69,29.09,0,86.73,100,Weekday,Tuesday,Medium_Load
67.61,23.83,0,94.31,100,Weekday,Monday,Maximum_Load
4.79,0,25.34,100,18.57,Weekend,Saturday,Light_Load
3.89,0,26.39,100,14.58,Weekday,Wednesday,Medium_Load
2.84,5.29,0,47.3,100,Weekend,Sunday,Light_Load
31.18,0.68,1.51,99.98,99.88,Weekday,Thursday,Medium_Load
126.68,55.12,0,91.7,100,Weekday,Tuesday,Medium_Load
3.82,5.87,0,54.54,100,Weekday,Wednesday,Light_Load
3.67,6.16,0,51.18,100,Weekend,Sunday,Light_Load
2.74,5.36,0,45.52,100,Weekday,Tuesday,Light_Load
3.1,4.03,0,60.97,100,Weekday,Monday,Light_Load
2.74,0,17.35,100,15.6,Weekday,Thursday,Light_Load
3.2,5.51,0,50.22,100,Weekday,Monday,Light_Load
57.67,35.89,0,84.9,100,Weekday,Friday,Medium_Load
2.52,4.46,0,49.19,100,Weekend,Sunday,Light_Load
2.84,4,0,57.89,100,Weekend,Saturday,Light_Load
6.77,2.48,0.07,93.9,99.99,Weekday,Friday,Light_Load
89.68,54.14,0,85.61,100,Weekday,Wednesday,Maximum_Load
118.12,53.06,0,91.22,100,Weekday,Monday,Medium_Load
3.6,5.11,0,57.59,100,Weekday,Friday,Light_Load
99.76,45.4,0,91.02,100,Weekday,Thursday,Maximum_Load
33.44,0.04,4.07,100,99.27,Weekend,Sunday,Maximum_Load
56.77,26.53,0,90.6,100,Weekday,Monday,Maximum_Load
3.42,5.44,0.22,53.22,99.79,Weekend,Saturday,Maximum_Load
2.7,4.79,0,49.1,100,Weekday,Tuesday,Light_Load
3.24,5.15,0,53.25,100,Weekend,Saturday,Light_Load
3.1,2.7,0,75.41,100,Weekday,Thursday,Light_Load
4.32,0,16.92,100,24.74,Weekend,Sunday,Light_Load
2.88,0,5.18,100,48.59,Weekday,Wednesday,Light_Load
2.66,5,0,46.97,100,Weekday,Thursday,Light_Load
43.13,13.18,0,95.63,100,Weekend,Saturday,Maximum_Load
42.01,28.55,0,82.71,100,Weekday,Tuesday,Maximum_Load
3.56,3.53,0,71.01,100,Weekday,Friday,Light_Load
3.06,0,14.47,100,20.69,Weekend,Sunday,Light_Load
2.59,0,5.58,100,42.1,Weekday,Thursday,Light_Load
51.7,25.88,0,89.42,100,Weekday,Thursday,Maximum_Load
50.11,21.64,0,91.81,100,Weekday,Thursday,Medium_Load
4,4.43,0,67.02,100,Weekday,Friday,Light_Load
55.87,25.06,0,91.24,100,Weekday,Thursday,Medium_Load
51.48,10.01,0.04,98.16,100,Weekday,Friday,Maximum_Load
74.81,47.09,0,84.63,100,Weekday,Monday,Maximum_Load
6.95,0,20.27,100,32.43,Weekday,Thursday,Medium_Load
79.24,37.22,0,90.51,100,Weekday,Tuesday,Maximum_Load
35.96,17.96,0,89.46,100,Weekend,Saturday,Maximum_Load
2.59,0,12.02,100,21.06,Weekday,Wednesday,Light_Load
4.21,3.31,0.14,78.61,99.94,Weekday,Wednesday,Light_Load
2.99,4.39,0,56.29,100,Weekday,Friday,Light_Load
80.24,53.03,0,83.43,100,Weekday,Thursday,Light_Load
3.1,0,16.16,100,18.84,Weekend,Sunday,Light_Load
3.74,0,12.78,100,28.09,Weekday,Wednesday,Medium_Load
5.94,5,0,76.5,100,Weekend,Saturday,Light_Load
4.21,0,13.03,100,30.75,Weekend,Sunday,Light_Load
2.95,4.86,0,51.89,100,Weekday,Thursday,Light_Load
37.84,8.03,0,97.82,100,Weekday,Tuesday,Medium_Load
3.35,5.76,0,50.28,100,Weekend,Sunday,Light_Load
2.92,0,4.79,100,52.05,Weekend,Sunday,Light_Load
3.38,0,17.75,100,18.71,Weekend,Saturday,Light_Load
95.94,42.19,0,91.54,100,Weekday,Thursday,Medium_Load
2.92,5.65,0,45.91,100,Weekday,Monday,Light_Load
53.1,22.39,0,92.14,100,Weekday,Monday,Maximum_Load
4.86,2.88,0,86.03,100,Weekday,Friday,Light_Load
5.4,0,14,100,35.99,Weekday,Friday,Maximum_Load
2.88,6.23,0,41.96,100,Weekday,Wednesday,Light_Load
106.96,44.06,0,92.46,100,Weekday,Friday,Medium_Load
80.86,12.56,0.65,98.82,100,Weekday,Wednesday,Medium_Load
54.04,30.74,0,86.92,100,Weekday,Monday,Maximum_Load
4,1.3,10.26,95.1,36.32,Weekend,Sunday,Light_Load
3.2,0,16.92,100,18.58,Weekend,Sunday,Light_Load
66.17,49.86,0,79.87,100,Weekday,Wednesday,Maximum_Load
2.92,0,3.89,100,60.03,Weekday,Tuesday,Light_Load
5.72,4.93,0,75.75,100,Weekday,Tuesday,Light_Load
3.24,0,12.92,100,24.32,Weekday,Friday,Medium_Load
4.25,3.85,0,74.11,100,Weekday,Tuesday,Light_Load
91.73,24.95,0,96.49,100,Weekend,Sunday,Maximum_Load
3.31,3.6,0,67.68,100,Weekday,Tuesday,Medium_Load
3.92,5.22,0,60.05,100,Weekday,Friday,Light_Load
44.28,13.18,0,95.84,100,Weekday,Thursday,Medium_Load
3.06,2.3,0,79.94,100,Weekday,Thursday,Light_Load
3.28,0,16.99,100,18.96,Weekday,Wednesday,Light_Load
55.76,40.46,0,80.94,100,Weekday,Wednesday,Medium_Load
54.83,46.3,0,76.4,100,Weekday,Monday,Maximum_Load
118.69,53.03,0,91.3,100,Weekday,Friday,Maximum_Load
55.33,47.95,0,75.57,100,Weekday,Monday,Maximum_Load
5.29,0,25.24,100,20.51,Weekday,Wednesday,Medium_Load
2.56,4.46,0,49.78,100,Weekday,Tuesday,Light_Load
42.05,9.54,0,97.52,100,Weekend,Saturday,Medium_Load
5,2.41,0.79,90.08,98.77,Weekday,Wednesday,Light_Load
80.5,44.96,0,87.31,100,Weekday,Wednesday,Maximum_Load
29.41,0,10.37,100,94.31,Weekend,Saturday,Medium_Load
45.18,18.22,7.81,92.74,98.54,Weekday,Wednesday,Maximum_Load
89.89,69.66,0,79.04,100,Weekday,Thursday,Light_Load
54.18,21.53,0,92.93,100,Weekday,Tuesday,Medium_Load
3.56,6.16,0,50.04,100,Weekday,Thursday,Light_Load
69.23,39.82,0,86.68,100,Weekday,Thursday,Maximum_Load
7.2,0,20.56,100,33.05,Weekday,Friday,Medium_Load
3.13,0,14.62,100,20.93,Weekend,Sunday,Light_Load
64.4,26.6,0,92.43,100,Weekday,Monday,Maximum_Load
10.01,0,19.87,100,44.99,Weekday,Friday,Medium_Load
2.48,5.29,0,42.45,100,Weekday,Wednesday,Light_Load
3.02,5.11,0,50.88,100,Weekday,Tuesday,Light_Load
46.08,21.24,0,90.82,100,Weekend,Saturday,Maximum_Load
6.23,2.45,0.65,93.06,99.46,Weekday,Thursday,Light_Load
28.08,0.04,5.98,100,97.81,Weekend,Saturday,Medium_Load
58.46,25.67,0,91.56,100,Weekday,Tuesday,Maximum_Load
2.92,2.16,0.14,80.39,99.89,Weekday,Wednesday,Light_Load
114.19,68.08,0,85.89,100,Weekday,Friday,Light_Load
20.66,1.08,3.17,99.86,98.84,Weekend,Sunday,Maximum_Load
2.59,4.1,0,53.41,100,Weekday,Wednesday,Light_Load
103.46,28.87,0,96.32,100,Weekday,Friday,Medium_Load
98.35,67.97,0,82.27,100,Weekday,Friday,Light_Load
2.7,4.82,0,48.87,100,Weekday,Monday,Light_Load
37.01,29.45,0,78.25,100,Weekday,Friday,Light_Load
3.56,2.16,0.47,85.49,99.14,Weekday,Tuesday,Light_Load
2.81,3.78,0,59.66,100,Weekend,Sunday,Light_Load
32.44,33.88,0,69.16,100,Weekday,Tuesday,Light_Load
3.82,3.71,0,71.74,100,Weekday,Monday,Light_Load
2.77,1.98,0.18,81.35,99.79,Weekend,Saturday,Light_Load
40,5.08,0.22,99.2,100,Weekday,Friday,Medium_Load
50.98,29.63,1.4,86.46,99.96,Weekday,Monday,Maximum_Load
5.4,0,26.68,100,19.84,Weekday,Wednesday,Medium_Load
34.38,37.84,0,67.25,100,Weekday,Friday,Light_Load
84.92,43.34,0,89.07,100,Weekday,Monday,Medium_Load
3.74,4.36,0,65.11,100,Weekend,Saturday,Light_Load
3.17,4.46,0,57.93,100,Weekday,Friday,Light_Load
4.68,4.9,0,69.07,100,Weekend,Saturday,Maximum_Load
2.77,5.15,0,47.37,100,Weekday,Monday,Light_Load
2.88,5.83,0,44.29,100,Weekday,Friday,Light_Load
3.56,0,18.14,100,19.26,Weekend,Saturday,Medium_Load
34.6,0.07,4.36,100,99.22,Weekend,Saturday,Medium_Load
3.64,0,17.35,100,20.53,Weekday,Tuesday,Medium_Load
3.06,5.4,0,49.3,100,Weekend,Sunday,Light_Load
2.63,5.26,0,44.72,100,Weekday,Monday,Light_Load
3.92,0,18.58,100,20.64,Weekend,Sunday,Light_Load
2.92,4.54,0,54.09,100,Weekend,Sunday,Maximum_Load
9.58,0,26.21,100,34.33,Weekday,Monday,Medium_Load
3.06,3.96,0,61.14,100,Weekday,Thursday,Light_Load
24.3,0.72,9.47,99.96,93.17,Weekday,Tuesday,Maximum_Load
3.74,0,16.52,100,22.08,Weekday,Friday,Medium_Load
92.52,52.16,0,87.11,100,Weekday,Friday,Medium_Load
2.63,5.22,0,44.99,100,Weekend,Saturday,Light_Load
2.84,5.94,0,43.13,100,Weekday,Friday,Light_Load
2.63,3.71,0,57.83,100,Weekend,Sunday,Light_Load
3.82,0,18.04,100,20.72,Weekend,Saturday,Maximum_Load
51.48,22.57,0,91.58,100,Weekday,Wednesday,Maximum_Load
32.22,6.37,0.14,98.1,100,Weekday,Thursday,Medium_Load
48.67,29.99,0,85.14,100,Weekend,Saturday,Maximum_Load
6.34,0,19.3,100,31.21,Weekday,Tuesday,Medium_Load
2.95,4.28,0,56.75,100,Weekend,Saturday,Light_Load
2.66,3.74,0,57.96,100,Weekday,Monday,Light_Load
63.83,45.14,0,81.65,100,Weekday,Tuesday,Maximum_Load
76.61,30.2,0,93.03,100,Weekday,Monday,Medium_Load
2.95,0,12.71,100,22.61,Weekend,Sunday,Light_Load
2.92,5.08,0,49.83,100,Weekday,Monday,Light_Load
2.99,6.08,0,44.13,100,Weekday,Tuesday,Light_Load
3.31,0,13.03,100,24.62,Weekday,Tuesday,Medium_Load
38.09,6.08,0,98.75,100,Weekday,Friday,Maximum_Load
3.6,0,15.73,100,22.31,Weekend,Sunday,Light_Load
3.89,0,21.85,100,17.53,Weekend,Saturday,Light_Load
3.53,4.57,0,61.13,100,Weekday,Monday,Light_Load
99.43,42.73,0,91.88,100,Weekday,Friday,Maximum_Load
47.92,46.04,0,72.11,100,Weekday,Monday,Maximum_Load
3.31,3.78,0,65.88,100,Weekend,Sunday,Light_Load
3.2,5.62,0,49.48,100,Weekday,Monday,Light_Load
28.04,25.49,0,74,100,Weekday,Thursday,Light_Load
4.14,4.03,0,71.66,100,Weekend,Sunday,Light_Load
3.78,5,0,60.31,100,Weekday,Tuesday,Light_Load
2.66,3.78,0,57.55,100,Weekday,Wednesday,Light_Load
117.43,51.3,0,91.64,100,Weekday,Monday,Maximum_Load
4,3.13,0.22,78.75,99.85,Weekday,Thursday,Light_Load
56.56,31,0,87.69,100,Weekday,Friday,Maximum_Load
4.79,0,17.75,100,26.05,Weekend,Saturday,Light_Load
3.64,6.41,0,49.38,100,Weekday,Monday,Light_Load
3.31,4.32,0,60.82,100,Weekday,Monday,Light_Load
3.6,2.92,0.11,77.66,99.95,Weekend,Saturday,Light_Load
2.88,4.79,0,51.53,100,Weekend,Sunday,Light_Load
4.61,6.88,0,55.66,100,Weekday,Friday,Medium_Load
3.02,4.79,0,53.33,100,Weekday,Thursday,Light_Load
106.96,47.27,0,91.47,100,Weekday,Thursday,Maximum_Load
63.94,34.7,0,87.89,100,Weekday,Wednesday,Medium_Load
114.23,46.91,0,92.5,100,Weekday,Friday,Maximum_Load
56.23,54.47,0,71.83,100,Weekday,Wednesday,Light_Load
10.26,0,22.1,100,42.11,Weekday,Friday,Medium_Load
5.83,0,25.85,100,22,Weekend,Sunday,Light_Load
3.35,5.54,0,51.74,100,Weekday,Monday,Light_Load
4.14,6.59,0,53.2,100,Weekday,Friday,Medium_Load
84.92,12.64,0,98.91,100,Weekday,Monday,Medium_Load
28.44,0.04,9.94,100,94.4,Weekend,Saturday,Medium_Load
2.81,4.9,0,49.75,100,Weekday,Wednesday,Light_Load
53.21,45.29,0,76.15,100,Weekday,Tuesday,Maximum_Load
46.12,19.87,1.55,91.84,99.94,Weekday,Monday,Maximum_Load
29.3,0.04,8.82,100,95.76,Weekend,Saturday,Maximum_Load
4.43,0,26.78,100,16.32,Weekday,Wednesday,Medium_Load
7.63,0.07,26.46,100,27.71,Weekday,Thursday,Medium_Load
3.85,0,26.68,100,14.28,Weekday,Wednesday,Medium_Load
50.29,27.14,0,88,100,Weekday,Friday,Medium_Load
33.77,4.54,1.12,99.11,99.95,Weekday,Wednesday,Maximum_Load
3.78,3.02,0.22,78.13,99.83,Weekday,Thursday,Maximum_Load
3.17,5.18,0,52.2,100,Weekday,Thursday,Light_Load
2.99,0,4.54,100,55,Weekday,Monday,Light_Load
3.74,6.66,0,48.96,100,Weekday,Wednesday,Light_Load
2.92,0,17.21,100,16.73,Weekend,Saturday,Medium_Load
4.57,0,26.71,100,16.86,Weekend,Saturday,Light_Load
3.38,2.95,0,75.34,100,Weekend,Saturday,Light_Load
4.75,0,18.43,100,24.96,Weekday,Friday,Medium_Load
108.29,50.51,0,90.63,100,Weekday,Friday,Maximum_Load
4.1,0,16.99,100,23.46,Weekend,Saturday,Light_Load
2.84,4.72,0,51.56,100,Weekend,Saturday,Light_Load
2.88,4.18,0,56.74,100,Weekday,Tuesday,Light_Load
54.94,12.64,0,97.45,100,Weekday,Thursday,Maximum_Load
2.48,3.92,0,53.46,100,Weekend,Saturday,Light_Load
3.17,1.98,0.32,84.81,99.49,Weekday,Wednesday,Light_Load
3.02,3.71,0,63.13,100,Weekday,Tuesday,Light_Load
94.54,28.12,0,95.85,100,Weekday,Tuesday,Maximum_Load
120.17,35.03,0,96,100,Weekday,Friday,Medium_Load
3.28,3.82,0,65.14,100,Weekend,Sunday,Light_Load
56.48,30.67,0,87.88,100,Weekday,Monday,Maximum_Load
3.42,5.58,0,52.26,100,Weekday,Thursday,Light_Load
40.28,15.26,0.11,93.51,100,Weekday,Friday,Medium_Load
2.7,5.04,0,47.22,100,Weekend,Saturday,Light_Load
2.95,4.72,0,53,100,Weekday,Wednesday,Light_Load
3.6,3.82,0,68.58,100,Weekday,Tuesday,Light_Load
57.06,26.14,0,90.91,100,Weekday,Monday,Maximum_Load
3.74,2.92,0.04,78.82,99.99,Weekday,Tuesday,Light_Load
9.29,1.12,13.64,99.28,56.29,Weekday,Friday,Medium_Load
3.2,5.94,0,47.43,100,Weekday,Friday,Light_Load
25.7,0.11,8.5,100,94.94,Weekend,Saturday,Maximum_Load
3.35,0,17.42,100,18.88,Weekend,Sunday,Light_Load
29.99,0.65,4.64,99.98,98.82,Weekday,Tuesday,Medium_Load
56.92,22.28,0,93.12,100,Weekday,Thursday,Medium_Load
3.71,7.56,0,44.06,100,Weekend,Saturday,Light_Load
85.07,33.05,0,93.21,100,Weekday,Monday,Maximum_Load
3.06,4,0,60.76,100,Weekday,Tuesday,Light_Load
96.52,32.4,0,94.8,100,Weekday,Wednesday,Medium_Load
2.84,4.82,0,50.76,100,Weekend,Sunday,Light_Load
43.49,23.87,0,87.66,100,Weekend,Saturday,Medium_Load
3.74,0,25.13,100,14.72,Weekend,Saturday,Medium_Load
3.74,0,24.8,100,14.91,Weekday,Monday,Medium_Load
61.85,39.1,0,84.53,100,Weekday,Thursday,Medium_Load
73.01,48.82,0,83.13,100,Weekday,Friday,Light_Load
3.13,0,14.62,100,20.93,Weekend,Sunday,Light_Load
3.67,4.68,0,61.71,100,Weekday,Thursday,Light_Load
39.13,20.99,0,88.12,100,Weekday,Monday,Maximum_Load
3.2,3.24,0,70.27,100,Weekday,Wednesday,Light_Load
3.06,4.36,0,57.45,100,Weekday,Monday,Light_Load
4.39,5.83,0,60.15,100,Weekday,Friday,Light_Load
29.56,0.07,4.32,100,98.95,Weekday,Wednesday,Medium_Load
3.89,0,16.02,100,23.6,Weekday,Thursday,Medium_Load
26.35,22.5,0,76.05,100,Weekday,Tuesday,Light_Load
146.34,66.92,0,90.94,100,Weekday,Friday,Medium_Load
2.88,4.36,0,55.12,100,Weekday,Thursday,Light_Load
3.64,0,17.14,100,20.77,Weekday,Wednesday,Medium_Load
3.06,0,16.31,100,18.44,Weekend,Sunday,Light_Load
3.64,6.55,0,48.58,100,Weekday,Thursday,Light_Load
2.81,4.18,0,55.79,100,Weekday,Monday,Light_Load
3.46,5.65,0,52.22,100,Weekday,Tuesday,Light_Load
3.42,3.89,0,66.03,100,Weekday,Thursday,Light_Load
143.78,64.3,0,91.29,100,Weekday,Monday,Maximum_Load
53.68,24.3,0,91.1,100,Weekday,Thursday,Maximum_Load
44.24,13.46,0,95.67,100,Weekday,Monday,Maximum_Load
4.68,7.02,0,55.47,100,Weekday,Monday,Light_Load
115.49,48.31,0,92.25,100,Weekday,Monday,Medium_Load
37.12,2.66,4.5,99.74,99.27,Weekday,Thursday,Maximum_Load
119.59,52.63,0,91.53,100,Weekday,Wednesday,Maximum_Load
32.15,1.58,1.62,99.88,99.87,Weekend,Sunday,Maximum_Load
3.67,3.53,0,72.07,100,Weekday,Friday,Light_Load
50.4,40.75,0,77.76,100,Weekday,Thursday,Medium_Load
3.1,2.3,0,80.31,100,Weekday,Monday,Light_Load
2.66,5,0,46.97,100,Weekday,Wednesday,Light_Load
3.42,4.46,0,60.85,100,Weekday,Thursday,Light_Load
43.74,23.08,0,88.44,100,Weekend,Saturday,Medium_Load
3.1,0,10.66,100,27.92,Weekend,Saturday,Medium_Load
5.29,0.54,5.87,99.48,66.95,Weekday,Thursday,Medium_Load
49.03,13.28,0,96.52,100,Weekday,Wednesday,Maximum_Load
3.1,4.5,0,56.73,100,Weekday,Monday,Light_Load
83.66,43.06,0,88.91,100,Weekday,Friday,Maximum_Load
3.46,0,18.72,100,18.18,Weekend,Sunday,Light_Load
61.2,30.96,0,89.23,100,Weekday,Wednesday,Medium_Load
2.77,4.72,0,50.61,100,Weekday,Thursday,Light_Load
6.3,0.22,15.62,99.94,37.41,Weekday,Thursday,Medium_Load
32.58,4.97,0,98.86,100,Weekend,Sunday,Maximum_Load
2.92,4.9,0,51.19,100,Weekday,Wednesday,Light_Load
3.49,5.08,0,56.63,100,Weekday,Monday,Medium_Load
4.1,0,17.5,100,22.81,Weekend,Sunday,Light_Load
3.71,6.73,0,48.28,100,Weekday,Thursday,Light_Load
3.56,0,14.18,100,24.35,Weekend,Sunday,Light_Load
8.03,6.88,0,75.94,100,Weekday,Friday,Light_Load
3.2,0,17.75,100,17.74,Weekend,Sunday,Light_Load
4.07,3.85,0,72.65,100,Weekday,Monday,Light_Load
3.64,4.75,0,60.83,100,Weekend,Saturday,Light_Load
3.35,4.61,0,58.79,100,Weekday,Friday,Light_Load
5.54,0,21.46,100,25,Weekday,Friday,Medium_Load
70.81,51.95,0,80.63,100,Weekday,Wednesday,Light_Load
5.08,0,17.46,100,27.94,Weekday,Friday,Maximum_Load
73.19,60.3,0,77.18,100,Weekday,Wednesday,Light_Load
2.92,4.79,0,52.05,100,Weekday,Monday,Light_Load
66.13,30.38,0,90.87,100,Weekday,Friday,Medium_Load
3.06,3.78,0,62.92,100,Weekend,Sunday,Light_Load
3.89,5.69,0,56.44,100,Weekday,Thursday,Light_Load
31.28,20.99,0,83.04,100,Weekday,Wednesday,Light_Load
44.39,22.03,1.66,89.58,99.93,Weekday,Tuesday,Medium_Load
2.84,4.03,0,57.6,100,Weekend,Sunday,Light_Load
37.04,15.01,0,92.68,100,Weekday,Thursday,Maximum_Load
70.7,38.48,0,87.83,100,Weekday,Thursday,Medium_Load
63.4,20.38,0,95.2,100,Weekday,Friday,Medium_Load
82.04,42.77,0,88.67,100,Weekday,Monday,Medium_Load
58.72,28.15,0,90.17,100,Weekday,Monday,Medium_Load
59.69,22.54,0,93.55,100,Weekday,Monday,Medium_Load
2.92,5.4,0,47.57,100,Weekday,Friday,Light_Load
5.22,0,26.42,100,19.38,Weekend,Saturday,Medium_Load
4.64,4.57,0,71.25,100,Weekday,Wednesday,Light_Load
33.62,17.71,2.02,88.48,99.82,Weekday,Tuesday,Medium_Load
50.62,13.57,0.07,96.59,100,Weekday,Monday,Medium_Load
80.96,26.14,0,95.16,100,Weekday,Wednesday,Maximum_Load
3.67,6.95,0,46.7,100,Weekday,Wednesday,Light_Load
3.02,5.8,0,46.18,100,Weekday,Friday,Light_Load
9.61,0,25.67,100,35.06,Weekday,Tuesday,Medium_Load
4.03,4.32,0,68.21,100,Weekend,Sunday,Light_Load
3.17,4.1,0,61.17,100,Weekend,Saturday,Light_Load
2.77,3.92,0,57.71,100,Weekday,Monday,Light_Load
74.66,33.08,0,91.43,100,Weekday,Monday,Medium_Load
2.81,0,5.22,100,47.4,Weekend,Sunday,Light_Load
2.52,4.57,0,48.29,100,Weekend,Sunday,Light_Load
12.28,0,21.2,100,50.12,Weekday,Thursday,Medium_Load
95.69,28.73,0,95.78,100,Weekday,Tuesday,Maximum_Load
2.74,4.9,0,48.81,100,Weekend,Sunday,Light_Load
109.01,54.58,0,89.42,100,Weekday,Thursday,Maximum_Load
2.74,5.11,0,47.26,100,Weekday,Wednesday,Light_Load
3.17,4.75,0,55.51,100,Weekend,Saturday,Light_Load
5.83,0.04,16.45,100,33.4,Weekend,Saturday,Maximum_Load
55.19,38.3,0,82.16,100,Weekday,Friday,Maximum_Load
89.35,11.34,0,99.2,100,Weekend,Saturday,Maximum_Load
3.1,0,16.99,100,17.95,Weekend,Sunday,Light_Load
5.62,0,18.94,100,28.45,Weekend,Sunday,Medium_Load
5.4,5.58,0,69.54,100,Weekday,Thursday,Light_Load
109.66,32.98,0,95.76,100,Weekday,Wednesday,Medium_Load
3.13,7.06,0,40.53,100,Weekday,Wednesday,Light_Load
3.71,5.04,0,59.28,100,Weekday,Wednesday,Medium_Load
2.88,4.93,0,50.44,100,Weekend,Saturday,Light_Load
105.08,31.82,0,95.71,100,Weekday,Wednesday,Light_Load
8.21,0,26.32,100,29.78,Weekday,Tuesday,Medium_Load
55.51,30.06,0,87.93,100,Weekday,Monday,Maximum_Load
3.78,6.52,0,50.16,100,Weekday,Tuesday,Light_Load
5.98,0,14.47,100,38.19,Weekday,Wednesday,Medium_Load
2.74,5.4,0.11,45.25,99.92,Weekend,Sunday,Light_Load
3.85,0,18.97,100,19.89,Weekday,Wednesday,Medium_Load
3.42,4.64,0,59.33,100,Weekday,Monday,Light_Load
2.95,0,11.92,100,24.02,Weekend,Sunday,Light_Load
3.02,5.04,0,51.4,100,Weekend,Saturday,Light_Load
5.36,0,25.85,100,20.3,Weekday,Monday,Medium_Load
2.81,4.21,0,55.52,100,Weekend,Sunday,Light_Load
54.54,26.68,0,89.83,100,Weekday,Wednesday,Maximum_Load
3.1,3.74,0,63.82,100,Weekday,Monday,Light_Load
39.49,29.7,0,79.92,100,Weekday,Monday,Light_Load
2.81,4.86,0,50.05,100,Weekend,Sunday,Light_Load
84.56,42.91,0,89.18,100,Weekday,Thursday,Medium_Load
2.95,4.14,0,58.03,100,Weekday,Thursday,Light_Load
66.64,36.43,0,87.74,100,Weekday,Monday,Maximum_Load
3.42,3.78,0,67.09,100,Weekday,Thursday,Light_Load
4.18,0,26.89,100,15.36,Weekend,Saturday,Medium_Load
41.83,13.82,0.29,94.95,100,Weekday,Tuesday,Maximum_Load
3.89,0,11.16,100,32.91,Weekday,Thursday,Maximum_Load
4.82,5.08,0,68.83,100,Weekend,Saturday,Light_Load
2.74,4.18,0,54.82,100,Weekend,Sunday,Light_Load
5.83,5.04,0,75.65,100,Weekday,Wednesday,Light_Load
53.75,36.4,0,82.8,100,Weekday,Tuesday,Maximum_Load
53.5,24.62,0,90.84,100,Weekend,Saturday,Maximum_Load
2.81,4.54,0,52.63,100,Weekend,Saturday,Light_Load
5.44,2.52,0.04,90.74,100,Weekday,Friday,Light_Load
11.23,0,24.59,100,41.54,Weekday,Thursday,Medium_Load
87.7,28.55,0,95.09,100,Weekday,Friday,Maximum_Load
66.42,63.25,0,72.42,100,Weekday,Tuesday,Maximum_Load
3.17,0,18.29,100,17.08,Weekend,Saturday,Light_Load
52.67,20.23,0,93.35,100,Weekday,Monday,Maximum_Load
4,0,15.37,100,25.19,Weekday,Tuesday,Medium_Load
41.15,14.18,0.5,94.54,99.99,Weekday,Monday,Medium_Load
2.63,4,0,54.94,100,Weekday,Thursday,Light_Load
5.33,0,22.32,100,23.23,Weekday,Wednesday,Medium_Load
3.71,0,23.54,100,15.57,Weekday,Thursday,Medium_Load
8.17,9.65,0,64.62,100,Weekday,Wednesday,Light_Load
3.31,4.21,0,61.81,100,Weekday,Wednesday,Light_Load
3.02,0,17.1,100,17.39,Weekend,Saturday,Medium_Load
4.1,0,20.34,100,19.76,Weekend,Saturday,Light_Load
59.26,32.26,0,87.83,100,Weekday,Monday,Maximum_Load
89.68,58.18,0,83.89,100,Weekday,Friday,Maximum_Load
61.56,50.9,0,77.07,100,Weekday,Wednesday,Light_Load
63.76,37.26,0,86.34,100,Weekday,Friday,Light_Load
2.95,5.76,0,45.58,100,Weekday,Friday,Light_Load
2.99,5.51,0,47.7,100,Weekday,Tuesday,Light_Load
49.07,15.59,0.04,95.31,100,Weekday,Monday,Maximum_Load
2.99,5.4,0,48.44,100,Weekday,Friday,Light_Load
84.56,33.62,0,92.92,100,Weekend,Saturday,Maximum_Load
20.66,0.65,13.72,99.95,83.3,Weekday,Thursday,Medium_Load
43.63,8.64,2.02,98.1,99.89,Weekday,Tuesday,Medium_Load
2.66,5.15,0,45.89,100,Weekday,Friday,Light_Load
3.24,0,16.7,100,19.05,Weekend,Sunday,Light_Load
3.42,2.3,0.4,82.98,99.32,Weekday,Tuesday,Light_Load
17.5,7.88,10.73,91.18,85.25,Weekday,Thursday,Medium_Load
3.35,0,18.61,100,17.72,Weekend,Sunday,Light_Load
3.82,4.68,0,63.23,100,Weekday,Wednesday,Light_Load
46.08,14.76,6.19,95.23,99.11,Weekday,Monday,Maximum_Load
3.67,6.52,0,49.05,100,Weekday,Tuesday,Light_Load
57.56,35.35,0,85.21,100,Weekday,Friday,Light_Load
104.51,46.73,0,91.29,100,Weekday,Tuesday,Medium_Load
27.32,27.5,0,70.48,100,Weekday,Friday,Light_Load
5.76,0,25.56,100,21.98,Weekday,Monday,Medium_Load
3.13,6.88,0,41.41,100,Weekend,Sunday,Light_Load
3.24,2.63,0,77.64,100,Weekday,Wednesday,Light_Load
2.59,3.46,0,59.93,100,Weekend,Sunday,Light_Load
3.78,0,22.28,100,16.73,Weekend,Saturday,Medium_Load
63.79,48.38,0,79.68,100,Weekday,Tuesday,Maximum_Load
89.21,41.47,0,90.68,100,Weekday,Friday,Light_Load
2.95,4.93,0,51.35,100,Weekend,Sunday,Light_Load
2.99,4.93,0,51.86,100,Weekday,Tuesday,Light_Load
3.02,3.78,0,62.42,100,Weekday,Monday,Light_Load
3.67,3.85,0,69,100,Weekday,Friday,Light_Load
3.74,3.49,0,73.11,100,Weekday,Monday,Light_Load
2.77,4.5,0,52.42,100,Weekday,Tuesday,Light_Load
40.39,15.48,0,93.38,100,Weekend,Saturday,Maximum_Load
4.14,4.03,0,71.66,100,Weekend,Saturday,Light_Load
72.61,34.96,0,90.1,100,Weekday,Monday,Medium_Load
64.01,32.22,0,89.32,100,Weekday,Wednesday,Maximum_Load
3.42,4.93,0,57,100,Weekday,Tuesday,Light_Load
3.02,2.7,0,74.55,100,Weekend,Saturday,Light_Load
109.3,39.24,0,94.12,100,Weekday,Wednesday,Maximum_Load
3.49,4.75,0,59.21,100,Weekday,Thursday,Light_Load
2.74,5.15,0,46.97,100,Weekday,Thursday,Light_Load
68.62,42.26,0,85.15,100,Weekday,Thursday,Maximum_Load
63.58,34.85,0,87.69,100,Weekday,Friday,Maximum_Load
57.85,29.45,0.14,89.12,100,Weekday,Thursday,Medium_Load
3.89,4.79,0,63.04,100,Weekday,Thursday,Light_Load
4.86,4.43,0,73.9,100,Weekday,Friday,Maximum_Load
65.38,36.32,0,87.42,100,Weekday,Friday,Maximum_Load
11.45,0,11.95,100,69.18,Weekend,Sunday,Maximum_Load
37.87,24.66,0,83.8,100,Weekday,Friday,Medium_Load
86.76,35.06,0,92.72,100,Weekday,Wednesday,Medium_Load
123.16,62.03,0,89.31,100,Weekday,Wednesday,Maximum_Load
2.81,5.47,0,45.69,100,Weekday,Friday,Light_Load
12.28,0.29,11.02,99.97,74.43,Weekday,Monday,Medium_Load
4.18,5.69,0,59.2,100,Weekday,Thursday,Light_Load
2.59,4.14,0,53.04,100,Weekday,Monday,Light_Load
110.88,47.02,0,92.06,100,Weekday,Wednesday,Maximum_Load
5.69,0,20.92,100,26.25,Weekday,Tuesday,Medium_Load
5,0,17.75,100,27.11,Weekday,Monday,Medium_Load
74.45,42.84,0,86.67,100,Weekday,Thursday,Maximum_Load
3.56,5.15,0,56.86,100,Weekday,Thursday,Light_Load
6.84,3.6,0,88.49,100,Weekday,Friday,Light_Load
4.61,0,20.81,100,21.63,Weekend,Saturday,Light_Load
43.49,14.33,0,94.98,100,Weekday,Tuesday,Maximum_Load
33.05,0.14,4.57,100,99.06,Weekend,Saturday,Maximum_Load
3.17,6.8,0,42.25,100,Weekday,Tuesday,Light_Load
2.95,0,16.49,100,17.61,Weekday,Thursday,Light_Load
84.13,33.8,0,92.79,100,Weekday,Wednesday,Maximum_Load
4.43,4.32,0,71.59,100,Weekday,Thursday,Light_Load
2.92,5.44,0,47.29,100,Weekday,Friday,Light_Load
58.28,23.47,0,92.76,100,Weekday,Tuesday,Maximum_Load
4.79,5.4,0,66.36,100,Weekday,Friday,Light_Load
4.21,3.35,0.14,78.25,99.94,Weekday,Tuesday,Light_Load
3.56,7.34,0,43.64,100,Weekend,Saturday,Light_Load
4.28,0,7.45,100,49.81,Weekend,Saturday,Medium_Load
3.13,3.71,0,64.48,100,Weekend,Sunday,Light_Load
3.56,4.1,0,65.56,100,Weekday,Monday,Medium_Load
2.88,5.94,0,43.63,100,Weekday,Tuesday,Light_Load
2.99,5.76,0,46.07,100,Weekday,Thursday,Light_Load
2.92,5.11,0,49.61,100,Weekday,Monday,Light_Load
3.42,0,9.07,100,35.28,Weekend,Sunday,Light_Load
31.9,1.22,3.64,99.93,99.36,Weekday,Friday,Medium_Load
3.6,0,13.07,100,26.56,Weekend,Sunday,Light_Load
49.32,20.38,0,92.42,100,Weekday,Monday,Maximum_Load
50.72,13.32,0,96.72,100,Weekday,Friday,Medium_Load
4.9,0,20.16,100,23.62,Weekend,Saturday,Medium_Load
2.84,0,12.46,100,22.22,Weekend,Sunday,Light_Load
101.27,25.99,0.11,96.86,100,Weekday,Wednesday,Medium_Load
34.88,9.72,0,96.33,100,Weekday,Wednesday,Maximum_Load
77.9,36.4,4.18,90.6,99.86,Weekday,Thursday,Maximum_Load
60.37,14.9,5.22,97.09,99.63,Weekday,Friday,Maximum_Load
63.18,43.49,0,82.37,100,Weekday,Friday,Light_Load
3.2,0,16.74,100,18.78,Weekend,Sunday,Light_Load
6.55,5.72,0,75.32,100,Weekend,Saturday,Light_Load
31.07,23.58,0,79.66,100,Weekday,Wednesday,Light_Load
75.71,9.58,0.97,99.21,99.99,Weekday,Tuesday,Maximum_Load
6.05,5.18,0,75.96,100,Weekend,Saturday,Light_Load
98.71,62.35,0,84.55,100,Weekday,Friday,Light_Load
4.03,0,11.88,100,32.12,Weekday,Tuesday,Medium_Load
5.18,0,26.64,100,19.09,Weekday,Wednesday,Medium_Load
3.42,4.68,0,59,100,Weekday,Thursday,Light_Load
3.49,0,16.88,100,20.25,Weekday,Friday,Light_Load
3.78,4.1,0,67.78,100,Weekend,Saturday,Light_Load
3.31,3.64,0,67.28,100,Weekend,Sunday,Light_Load
3.82,4.97,0,60.94,100,Weekday,Wednesday,Light_Load
3.2,4.54,0,57.61,100,Weekday,Thursday,Light_Load
51.8,31.61,0,85.36,100,Weekday,Wednesday,Medium_Load
4.46,4.82,0,67.92,100,Weekend,Sunday,Light_Load
3.38,2.52,0,80.17,100,Weekend,Saturday,Light_Load
4.97,4.9,0,71.21,100,Weekday,Friday,Light_Load
50.29,4.28,3.06,99.64,99.82,Weekday,Thursday,Maximum_Load
7.92,0,26.32,100,28.81,Weekday,Friday,Medium_Load
58.9,38.12,0,83.95,100,Weekday,Monday,Medium_Load
4.64,4.25,0,73.74,100,Weekday,Tuesday,Light_Load
101.48,23.36,0,97.45,100,Weekday,Friday,Maximum_Load
79.78,21.02,0,96.7,100,Weekend,Saturday,Maximum_Load
26.89,0,11.02,100,92.53,Weekend,Sunday,Medium_Load
79.34,27.97,0,94.31,100,Weekday,Friday,Medium_Load
2.84,5.18,0,48.07,100,Weekend,Sunday,Light_Load
118.48,52.7,0,91.37,100,Weekday,Thursday,Medium_Load
3.42,5.36,0,53.79,100,Weekday,Thursday,Light_Load
11.27,0.61,8.14,99.85,81.07,Weekday,Wednesday,Medium_Load
77.15,42.88,0,87.41,100,Weekday,Thursday,Maximum_Load
63.9,29.09,0,91.01,100,Weekday,Monday,Maximum_Load
3.6,4,0,66.9,100,Weekend,Saturday,Light_Load
3.85,4.93,0,61.55,100,Weekday,Friday,Light_Load
2.77,5.26,0,46.6,100,Weekday,Thursday,Light_Load
63.76,53.6,0,76.55,100,Weekday,Monday,Maximum_Load
3.17,6.12,0,45.99,100,Weekday,Friday,Medium_Load
79.27,37.76,0,90.28,100,Weekday,Friday,Maximum_Load
53.75,29.88,0,87.4,100,Weekday,Wednesday,Maximum_Load
3.38,6.41,0,46.64,100,Weekday,Friday,Light_Load
26.17,23.29,0,74.7,100,Weekend,Saturday,Light_Load
4.03,6.16,0,54.75,100,Weekend,Saturday,Light_Load
2.88,5.44,0,46.79,100,Weekday,Monday,Light_Load
54.68,18.86,0,94.53,100,Weekday,Tuesday,Medium_Load
40.39,32.26,0,78.14,100,Weekend,Sunday,Light_Load
64.26,28.4,0,91.47,100,Weekday,Monday,Medium_Load
65.66,17.68,0,96.56,100,Weekday,Monday,Medium_Load
62.5,38.02,0,85.43,100,Weekday,Thursday,Maximum_Load
2.99,0.04,10.69,99.99,26.94,Weekend,Sunday,Light_Load
3.1,2.41,0,78.95,100,Weekday,Monday,Light_Load
3.92,3.17,0,77.76,100,Weekday,Wednesday,Maximum_Load
3.56,0,14.04,100,24.58,Weekend,Saturday,Light_Load
3.92,0,21.35,100,18.06,Weekend,Sunday,Light_Load
3.24,2.95,0,73.94,100,Weekday,Friday,Light_Load
66.6,21.46,0,95.18,100,Weekday,Monday,Maximum_Load
3.35,2.88,0,75.83,100,Weekend,Saturday,Light_Load
3.17,5.87,0,47.52,100,Weekday,Wednesday,Light_Load
2.63,4.21,0,52.98,100,Weekday,Wednesday,Light_Load
3.17,3.17,0,70.71,100,Weekday,Wednesday,Light_Load
75.38,39.92,0,88.37,100,Weekday,Tuesday,Light_Load
3.71,0,19.33,100,18.85,Weekday,Wednesday,Medium_Load
3.71,4.86,0,60.68,100,Weekday,Friday,Light_Load
91.76,26.96,0,95.94,100,Weekday,Wednesday,Medium_Load
3.56,4.97,0,58.23,100,Weekday,Thursday,Light_Load
71.32,34.34,0,90.1,100,Weekday,Thursday,Maximum_Load
108.97,40.75,0,93.67,100,Weekday,Tuesday,Maximum_Load
64.48,32.9,0,89.08,100,Weekday,Wednesday,Medium_Load
71.42,40.64,0,86.91,100,Weekday,Tuesday,Maximum_Load
57.82,23.08,0,92.87,100,Weekday,Friday,Maximum_Load
3.35,0,16.45,100,19.96,Weekday,Friday,Light_Load
96.95,39.06,0,92.76,100,Weekday,Thursday,Medium_Load
3.89,3.17,0.14,77.52,99.94,Weekday,Friday,Light_Load
56.95,21.06,0,93.79,100,Weekday,Monday,Maximum_Load
2.81,0,11.7,100,23.35,Weekend,Saturday,Medium_Load
8.57,0,24.8,100,32.66,Weekday,Thursday,Medium_Load
3.49,4.54,0,60.95,100,Weekday,Tuesday,Light_Load
3.96,0,23.08,100,16.91,Weekend,Saturday,Medium_Load
2.84,4.28,0,55.29,100,Weekday,Thursday,Light_Load
2.84,0,10.91,100,25.19,Weekend,Sunday,Light_Load
83.34,44.24,0,88.33,100,Weekday,Wednesday,Maximum_Load
2.77,4.97,0,48.68,100,Weekday,Thursday,Light_Load
5.94,0,23.62,100,24.39,Weekday,Friday,Medium_Load
7.96,0.04,25.67,100,29.62,Weekday,Friday,Medium_Load
3.38,4.57,0,59.46,100,Weekend,Saturday,Light_Load
61.52,18.68,0,95.69,100,Weekday,Tuesday,Medium_Load
63.79,28.33,0,91.39,100,Weekday,Thursday,Maximum_Load
106.06,51.44,0,89.98,100,Weekday,Friday,Medium_Load
54.07,41.18,0,79.55,100,Weekday,Friday,Maximum_Load
84.67,13.1,0.47,98.82,100,Weekday,Wednesday,Medium_Load
5.47,0,20.02,100,26.36,Weekday,Tuesday,Medium_Load
36.58,17.53,0,90.18,100,Weekday,Friday,Medium_Load
3.02,0,14.62,100,20.23,Weekend,Saturday,Medium_Load
19.37,15.66,0,77.76,100,Weekend,Sunday,Light_Load
89.35,38.48,0,91.84,100,Weekday,Friday,Maximum_Load
95.15,26.6,0,96.31,100,Weekend,Sunday,Medium_Load
5.76,4.18,0.36,80.93,99.81,Weekend,Saturday,Maximum_Load
30.56,0,7.63,100,97.02,Weekday,Tuesday,Medium_Load
4.07,0,18.04,100,22.01,Weekday,Friday,Medium_Load
3.24,4.68,0,56.92,100,Weekday,Friday,Light_Load
95.22,54.04,0,86.97,100,Weekday,Monday,Medium_Load
106.09,31.1,0,95.96,100,Weekday,Monday,Medium_Load
49.79,30.17,0,85.52,100,Weekday,Monday,Maximum_Load
11.34,1.19,20.23,99.45,48.9,Weekday,Wednesday,Medium_Load
50.4,16.96,0.32,94.78,100,Weekend,Saturday,Maximum_Load
3.13,3.56,0,66.03,100,Weekday,Monday,Light_Load
5.83,5.22,0,74.5,100,Weekday,Tuesday,Light_Load
3.85,3.13,0,77.59,100,Weekday,Monday,Light_Load
3.6,4.79,0,60.08,100,Weekday,Monday,Medium_Load
3.71,4.54,0,63.28,100,Weekday,Monday,Light_Load
42.3,17.28,0,92.57,100,Weekday,Monday,Medium_Load
5.22,4.9,0,72.91,100,Weekday,Monday,Light_Load
2.63,5.33,0,44.25,100,Weekend,Sunday,Light_Load
2.92,5.98,0,43.88,100,Weekend,Sunday,Light_Load
2.59,4.86,0,47.03,100,Weekday,Tuesday,Light_Load
81.22,34.96,0,91.85,100,Weekday,Wednesday,Medium_Load
3.24,0,5.22,100,52.74,Weekend,Sunday,Light_Load
78.37,21.24,1.19,96.52,99.99,Weekday,Thursday,Medium_Load
48.02,13.21,0,96.42,100,Weekday,Friday,Medium_Load
48.56,21.13,0,91.7,100,Weekday,Wednesday,Maximum_Load
110.56,59.83,0,87.95,100,Weekday,Monday,Maximum_Load
2.92,3.78,0,61.13,100,Weekday,Wednesday,Light_Load
28.3,0.04,8.21,100,96.04,Weekend,Sunday,Medium_Load
3.02,0,17.03,100,17.46,Weekend,Sunday,Light_Load
30.74,0,7.31,100,97.29,Weekday,Thursday,Maximum_Load
3.42,0,13.39,100,24.75,Weekday,Monday,Light_Load
3.17,5.62,0,49.13,100,Weekday,Monday,Light_Load
3.56,6.26,0,49.43,100,Weekend,Sunday,Light_Load
2.88,4.75,0,51.85,100,Weekday,Tuesday,Light_Load
53.6,50.65,0,72.68,100,Weekday,Monday,Light_Load
3.6,0,24.3,100,14.65,Weekend,Sunday,Medium_Load
88.85,36.76,0,92.4,100,Weekday,Friday,Maximum_Load
3.82,3.6,0,72.78,100,Weekday,Monday,Light_Load
4.64,4.32,0,73.19,100,Weekday,Tuesday,Light_Load
104.58,40.79,0,93.16,100,Weekday,Wednesday,Medium_Load
3.13,0,16.78,100,18.34,Weekday,Tuesday,Light_Load
3.24,4.03,0,62.66,100,Weekday,Monday,Light_Load
84.13,64.15,0,79.52,100,Weekday,Thursday,Maximum_Load
57.64,25.2,1.44,91.63,99.97,Weekday,Monday,Medium_Load
2.95,0,4.32,100,56.39,Weekday,Tuesday,Light_Load
2.52,0,4.68,100,47.41,Weekday,Tuesday,Light_Load
3.96,0,22.79,100,17.12,Weekend,Saturday,Medium_Load
46.15,23.58,0,89.05,100,Weekday,Monday,Medium_Load
21.06,2.23,0.58,99.44,99.96,Weekend,Saturday,Maximum_Load
4.68,4.97,0,68.55,100,Weekday,Friday,Light_Load
3.31,0,14.36,100,22.46,Weekend,Sunday,Light_Load
3.1,4.5,0,56.73,100,Weekday,Tuesday,Light_Load
4.39,0,21.71,100,19.82,Weekday,Tuesday,Medium_Load
2.7,5.65,0,43.12,100,Weekend,Sunday,Light_Load
4.25,0,22.36,100,18.67,Weekend,Saturday,Light_Load
60.23,40.57,0,82.94,100,Weekday,Wednesday,Medium_Load
71.93,18.76,0,96.76,100,Weekend,Sunday,Medium_Load
3.28,3.24,0,71.14,100,Weekday,Tuesday,Light_Load
3.78,6.84,0,48.37,100,Weekday,Monday,Light_Load
5.51,0,20.48,100,25.98,Weekday,Wednesday,Medium_Load
5.69,0,21.38,100,25.72,Weekday,Friday,Medium_Load
3.35,0,17.46,100,18.84,Weekend,Saturday,Medium_Load
2.77,5.22,0,46.87,100,Weekend,Sunday,Light_Load
3.74,0,22.46,100,16.43,Weekday,Wednesday,Medium_Load
20.3,1.98,15.59,99.53,79.31,Weekday,Tuesday,Medium_Load
2.88,1.12,2.81,93.2,71.58,Weekday,Wednesday,Medium_Load
3.67,3.78,0,69.66,100,Weekday,Thursday,Medium_Load
126.97,54.36,0,91.93,100,Weekday,Tuesday,Medium_Load
3.17,1.91,0.36,85.65,99.36,Weekday,Friday,Light_Load
44.03,12.6,0,96.14,100,Weekday,Monday,Medium_Load
31.14,0.32,4.9,99.99,98.78,Weekday,Friday,Medium_Load
81.94,35.32,0,91.83,100,Weekday,Monday,Maximum_Load
4.32,5.26,0,63.47,100,Weekday,Monday,Light_Load
64.87,25.88,0,92.88,100,Weekday,Monday,Maximum_Load
65.66,28.44,0,91.76,100,Weekday,Monday,Medium_Load
3.85,3.35,0,75.44,100,Weekday,Tuesday,Light_Load
50.26,27.11,0,88.01,100,Weekday,Tuesday,Light_Load
3.06,3.71,0,63.63,100,Weekday,Thursday,Light_Load
32.72,0.79,8.32,99.97,96.92,Weekday,Thursday,Medium_Load
4.46,6.05,0,59.34,100,Weekday,Friday,Light_Load
2.88,5.62,0,45.61,100,Weekday,Friday,Light_Load
2.63,5.58,0,42.63,100,Weekday,Tuesday,Light_Load
5.9,4.9,0,76.93,100,Weekend,Saturday,Light_Load
3.64,4.46,0,63.23,100,Weekday,Friday,Light_Load
4.14,0,26.5,100,15.44,Weekday,Tuesday,Medium_Load
3.2,3.96,0,62.85,100,Weekday,Monday,Light_Load
3.71,4.72,0,61.8,100,Weekday,Monday,Light_Load
2.7,5.29,0,45.46,100,Weekday,Tuesday,Light_Load
3.35,0,13.5,100,24.08,Weekend,Sunday,Light_Load
3.06,2.84,0,73.3,100,Weekend,Sunday,Light_Load
2.99,0,16.92,100,17.4,Weekend,Sunday,Light_Load
34.02,26.53,0.76,78.86,99.98,Weekday,Monday,Maximum_Load
34.31,0.4,5.26,99.99,98.85,Weekday,Thursday,Medium_Load
3.1,2.48,0,78.09,100,Weekend,Sunday,Light_Load
9.29,0,25.2,100,34.59,Weekday,Tuesday,Medium_Load
3.1,3.1,0,70.71,100,Weekday,Friday,Light_Load
3.02,3.2,0,68.64,100,Weekend,Saturday,Light_Load
6.12,4.25,0,82.14,100,Weekday,Wednesday,Light_Load
4.1,0,21.67,100,18.59,Weekday,Tuesday,Medium_Load
3.89,5.18,0,60.05,100,Weekday,Wednesday,Light_Load
58.54,17.5,0,95.81,100,Weekday,Tuesday,Medium_Load
2.74,4.97,0,48.28,100,Weekday,Monday,Light_Load
28.48,0,8.28,100,96.02,Weekday,Tuesday,Maximum_Load
55.58,25.42,0,90.94,100,Weekday,Thursday,Maximum_Load
51.55,30.71,0,85.91,100,Weekday,Tuesday,Maximum_Load
2.99,5.11,0,50.5,100,Weekday,Monday,Light_Load
67.61,45.54,0,82.94,100,Weekday,Monday,Maximum_Load
2.84,5.36,0,46.82,100,Weekday,Thursday,Light_Load
3.1,4.1,0,60.31,100,Weekday,Wednesday,Light_Load
3.35,0,13.36,100,24.32,Weekday,Monday,Light_Load
51.01,55.73,0,67.52,100,Weekend,Saturday,Light_Load
2.59,4.54,0,49.55,100,Weekday,Tuesday,Light_Load
2.99,0,11.41,100,25.35,Weekend,Sunday,Light_Load
2.74,5.94,0,41.89,100,Weekend,Saturday,Light_Load
6.34,0,21.2,100,28.65,Weekday,Thursday,Medium_Load
3.13,0,16.34,100,18.81,Weekend,Sunday,Light_Load
3.31,0,5.47,100,51.77,Weekday,Friday,Light_Load
46.87,15.34,4.28,95.04,99.59,Weekday,Friday,Maximum_Load
68.69,36.4,0,88.36,100,Weekday,Friday,Maximum_Load
3.56,0,25.09,100,14.05,Weekday,Wednesday,Medium_Load
25.88,17.21,0.36,83.27,99.99,Weekday,Tuesday,Light_Load
4.61,7.7,0,51.37,100,Weekend,Sunday,Light_Load
10.91,0,21.13,100,45.88,Weekend,Saturday,Maximum_Load
7.85,0,11.34,100,56.92,Weekday,Wednesday,Medium_Load
3.06,3.71,0,63.63,100,Weekday,Wednesday,Light_Load
29.92,0,6.73,100,97.56,Weekday,Friday,Maximum_Load
3.17,3.2,0,70.38,100,Weekday,Monday,Light_Load
3.78,4.9,0,61.08,100,Weekday,Wednesday,Medium_Load
59.08,27.32,0,90.77,100,Weekday,Tuesday,Medium_Load
3.56,3.42,0,72.11,100,Weekday,Thursday,Medium_Load
53.32,40,0,79.99,100,Weekday,Tuesday,Maximum_Load
2.99,0,11.59,100,24.98,Weekend,Saturday,Medium_Load
2.59,4.36,0,51.07,100,Weekend,Sunday,Light_Load
2.81,5.22,0,47.4,100,Weekend,Sunday,Light_Load
3.02,0,16.85,100,17.64,Weekend,Sunday,Light_Load
6.88,3.53,0.07,88.97,99.99,Weekday,Tuesday,Light_Load
52.13,37.08,0,81.49,100,Weekday,Monday,Maximum_Load
2.77,0.04,10.69,99.99,25.08,Weekday,Monday,Light_Load
4.14,0,25.7,100,15.9,Weekend,Saturday,Medium_Load
3.06,4.46,0,56.57,100,Weekend,Sunday,Light_Load
57.31,57.42,0,70.64,100,Weekday,Wednesday,Light_Load
94,25.56,0,96.5,100,Weekday,Friday,Maximum_Load
103.03,40.03,0,93.21,100,Weekend,Saturday,Maximum_Load
2.56,5.47,0,42.39,100,Weekday,Wednesday,Light_Load
2.84,3.92,0,58.67,100,Weekday,Tuesday,Light_Load
3.06,0,17.39,100,17.33,Weekend,Saturday,Light_Load
100.84,25.06,0.07,97.05,100,Weekday,Thursday,Medium_Load
4.07,5.15,0,62,100,Weekday,Thursday,Light_Load
58.82,43.13,0,80.64,100,Weekday,Thursday,Maximum_Load
3.1,2.7,0,75.41,100,Weekend,Saturday,Light_Load
2.81,4.64,0,51.8,100,Weekend,Sunday,Light_Load
3.24,5.94,0,47.89,100,Weekday,Friday,Light_Load
32,0,6.34,100,98.09,Weekend,Saturday,Medium_Load
57.28,32.36,0,87.07,100,Weekday,Tuesday,Maximum_Load
2.77,4.79,0,50.06,100,Weekday,Thursday,Light_Load
3.46,0,5.58,100,52.7,Weekend,Saturday,Medium_Load
4.57,4.39,0,72.12,100,Weekday,Wednesday,Light_Load
3.06,2.52,0,77.19,100,Weekday,Thursday,Light_Load
2.92,5.83,0,44.78,100,Weekday,Thursday,Light_Load
76.25,36.9,0,90.01,100,Weekday,Thursday,Maximum_Load
3.82,0,16.78,100,22.2,Weekend,Sunday,Medium_Load
40.61,18.94,0,90.63,100,Weekday,Thursday,Medium_Load
78.84,37.33,0,90.38,100,Weekday,Tuesday,Maximum_Load
95.11,29.81,0,95.42,100,Weekday,Wednesday,Maximum_Load
2.56,4.68,0,47.99,100,Weekend,Sunday,Light_Load
53.96,19.73,0,93.92,100,Weekday,Tuesday,Maximum_Load
31.25,5.76,0.68,98.34,99.98,Weekday,Thursday,Medium_Load
5.44,0,6.01,100,67.11,Weekend,Saturday,Light_Load
95.65,47.84,0,89.44,100,Weekday,Wednesday,Medium_Load
2.74,0,11.41,100,23.35,Weekend,Sunday,Light_Load
79.45,38.27,0,90.09,100,Weekday,Wednesday,Medium_Load
34.6,9.65,0,96.32,100,Weekend,Saturday,Maximum_Load
44.46,18.83,0,92.08,100,Weekend,Saturday,Medium_Load
13.82,0,10.76,100,78.9,Weekend,Sunday,Maximum_Load
7.74,0,18.4,100,38.77,Weekend,Saturday,Medium_Load
69.12,27,0,93.15,100,Weekday,Wednesday,Maximum_Load
5.33,0,22.36,100,23.19,Weekday,Wednesday,Maximum_Load
47.66,13.28,0.29,96.33,100,Weekend,Saturday,Maximum_Load
33.91,4.28,3.74,99.21,99.4,Weekend,Saturday,Light_Load
3.17,1.26,3.17,92.93,70.71,Weekend,Sunday,Light_Load
3.02,3.13,0,69.43,100,Weekday,Wednesday,Light_Load
83.63,38.95,0,90.65,100,Weekday,Monday,Medium_Load
118.19,44.32,0,93.63,100,Weekday,Thursday,Medium_Load
2.66,4.57,0,50.3,100,Weekend,Sunday,Light_Load
74.84,42.8,0,86.81,100,Weekday,Friday,Maximum_Load
30.35,0.07,4.61,100,98.87,Weekday,Wednesday,Medium_Load
76.68,40.64,0,88.36,100,Weekday,Wednesday,Maximum_Load
51.16,16.38,0,95.24,100,Weekend,Sunday,Medium_Load
3.53,2.77,0,78.67,100,Weekday,Monday,Light_Load
3.13,1.98,0.32,84.51,99.48,Weekday,Wednesday,Light_Load
3.46,0,4.93,100,57.45,Weekday,Tuesday,Light_Load
7.49,0,23.15,100,30.78,Weekday,Wednesday,Maximum_Load
60.34,21.96,0,93.97,100,Weekday,Wednesday,Medium_Load
102.17,46.3,0,91.08,100,Weekday,Thursday,Medium_Load
61.85,28.8,0,90.65,100,Weekday,Monday,Medium_Load
3.74,1.22,11.48,95.07,30.98,Weekday,Friday,Medium_Load
2.66,3.2,0,63.92,100,Weekday,Monday,Light_Load
2.88,4.72,0,52.09,100,Weekend,Sunday,Light_Load
4.72,0,17.39,100,26.19,Weekday,Wednesday,Medium_Load
2.95,5.04,0,50.51,100,Weekend,Saturday,Light_Load
35.39,7.38,0.14,97.89,100,Weekday,Wednesday,Medium_Load
50.94,23.26,0,90.97,100,Weekday,Thursday,Maximum_Load
49.39,10.4,6.8,97.85,99.07,Weekend,Saturday,Medium_Load
3.78,0,16.92,100,21.8,Weekday,Thursday,Medium_Load
121.25,55.58,0,90.9,100,Weekday,Tuesday,Medium_Load
81.5,30.02,0,93.84,100,Weekday,Thursday,Medium_Load
40.72,27.9,0.29,82.49,100,Weekday,Tuesday,Maximum_Load
82.98,55.8,0,82.98,100,Weekday,Friday,Medium_Load
2.77,4.68,0,50.93,100,Weekday,Friday,Light_Load
3.82,3.6,0,72.78,100,Weekday,Monday,Light_Load
2.95,0,16.99,100,17.11,Weekend,Sunday,Light_Load
74.09,29.7,0,92.82,100,Weekday,Monday,Medium_Load
2.92,4.5,0,54.43,100,Weekday,Friday,Light_Load
55.91,36.94,0,83.43,100,Weekday,Tuesday,Light_Load
7.88,5.15,0,83.71,100,Weekday,Wednesday,Light_Load
68.36,28.69,0,92.21,100,Weekday,Tuesday,Maximum_Load
29.59,0.32,10.84,99.99,93.9,Weekday,Monday,Medium_Load
101.99,53.75,0,88.47,100,Weekday,Monday,Maximum_Load
3.2,0,14.22,100,21.95,Weekday,Wednesday,Medium_Load
2.88,4.25,0,56.1,100,Weekday,Wednesday,Light_Load
65.56,26.46,0,92.73,100,Weekday,Monday,Maximum_Load
50.36,17.75,0,94.31,100,Weekday,Thursday,Medium_Load
2.7,4.64,0,50.29,100,Weekend,Sunday,Light_Load
4.72,5.94,0,62.21,100,Weekday,Tuesday,Light_Load
2.99,5.26,0,49.42,100,Weekday,Thursday,Light_Load
3.74,0,15.55,100,23.38,Weekend,Sunday,Light_Load
2.77,5.36,0,45.91,100,Weekday,Thursday,Light_Load
2.63,4.79,0,48.13,100,Weekday,Monday,Light_Load
51.59,33.05,1.01,84.2,99.98,Weekday,Thursday,Medium_Load
50.11,27.5,0,87.67,100,Weekday,Thursday,Medium_Load
4.72,3.89,0,77.17,100,Weekday,Tuesday,Light_Load
3.6,0,14.36,100,24.32,Weekday,Friday,Medium_Load
3.6,3.64,0,70.32,100,Weekday,Tuesday,Light_Load
67.97,27.25,0,92.82,100,Weekday,Monday,Medium_Load
3.46,0,17.86,100,19.02,Weekend,Saturday,Medium_Load
2.92,5.62,0,46.11,100,Weekend,Sunday,Light_Load
6.3,5.15,0,77.42,100,Weekday,Tuesday,Light_Load
121.93,43.56,0,94.17,100,Weekday,Thursday,Medium_Load
41.62,1.94,0.14,99.89,100,Weekend,Saturday,Medium_Load
4.61,5.33,0,65.42,100,Weekday,Friday,Light_Load
3.96,0,21.78,100,17.89,Weekend,Saturday,Medium_Load
3.6,0,13.79,100,25.26,Weekend,Saturday,Light_Load
3.35,0,13.28,100,24.46,Weekend,Sunday,Light_Load
2.74,3.85,0,57.98,100,Weekday,Wednesday,Light_Load
4.18,2.92,0.29,81.98,99.76,Weekday,Thursday,Light_Load
2.88,4.39,0,54.85,100,Weekday,Wednesday,Light_Load
41.04,10.94,0.14,96.63,100,Weekday,Thursday,Medium_Load
88.49,54.94,0,84.96,100,Weekday,Monday,Light_Load
25.96,0,12.74,100,89.77,Weekend,Saturday,Maximum_Load
2.99,5.29,0,49.21,100,Weekend,Saturday,Light_Load
64.33,37.76,0,86.24,100,Weekday,Tuesday,Maximum_Load
13.03,4.75,17.39,93.95,59.96,Weekday,Monday,Medium_Load
2.84,5.47,0,46.08,100,Weekday,Friday,Light_Load
8.57,0,15.08,100,49.41,Weekday,Friday,Maximum_Load
2.63,4.18,0,53.25,100,Weekday,Monday,Medium_Load
3.92,0,16.56,100,23.03,Weekday,Friday,Medium_Load
58.9,29.05,0,89.69,100,Weekday,Friday,Maximum_Load
38.84,14.44,0,93.73,100,Weekday,Wednesday,Medium_Load
96.16,37.76,0,93.08,100,Weekday,Wednesday,Maximum_Load
3.53,0,26.17,100,13.37,Weekend,Saturday,Medium_Load
123.19,57.46,0,90.63,100,Weekday,Tuesday,Medium_Load
60.08,32.29,0,88.08,100,Weekday,Thursday,Medium_Load
113.15,33.7,0,95.84,100,Weekday,Monday,Medium_Load
105.19,33.88,0,95.18,100,Weekday,Wednesday,Medium_Load
3.06,4.93,0,52.74,100,Weekday,Tuesday,Light_Load
2.84,4.5,0,53.37,100,Weekend,Sunday,Light_Load
2.88,2.84,0,71.2,100,Weekend,Sunday,Light_Load
5,4.28,0,75.97,100,Weekday,Tuesday,Light_Load
130.18,54.54,0,92.23,100,Weekday,Friday,Medium_Load
45.4,17.93,0,93.01,100,Weekday,Thursday,Medium_Load
3.24,5.54,0,50.48,100,Weekend,Sunday,Light_Load
2.99,5.36,0,48.72,100,Weekday,Friday,Light_Load
3.74,5.65,0.32,55.2,99.64,Weekend,Sunday,Light_Load
3.13,0,16.7,100,18.42,Weekend,Sunday,Light_Load
108.68,69.01,0,84.42,100,Weekday,Tuesday,Maximum_Load
3.46,3.2,0,73.42,100,Weekend,Saturday,Light_Load
41.62,16.78,0,92.75,100,Weekday,Tuesday,Maximum_Load
3.28,0,17.35,100,18.58,Weekday,Tuesday,Light_Load
83.56,21.28,0,96.91,100,Weekday,Monday,Maximum_Load
4.03,3.56,0.04,74.95,100,Weekday,Friday,Light_Load
54.5,34.13,0,84.75,100,Weekday,Thursday,Medium_Load
3.2,0,16.67,100,18.85,Weekend,Sunday,Light_Load
4.64,0,25.02,100,18.23,Weekday,Tuesday,Medium_Load
4.14,3.53,0,76.09,100,Weekend,Saturday,Light_Load
51.44,18.04,0.04,94.37,100,Weekday,Wednesday,Maximum_Load
102.67,55.19,0,88.08,100,Weekday,Tuesday,Maximum_Load
3.06,0,13.93,100,21.46,Weekend,Sunday,Medium_Load
90.25,44.78,0,89.58,100,Weekday,Monday,Maximum_Load
38.45,1.33,1.44,99.94,99.93,Weekday,Thursday,Medium_Load
37.33,27.79,0,80.21,100,Weekday,Tuesday,Maximum_Load
47.16,27,0,86.78,100,Weekday,Friday,Maximum_Load
4.57,5.22,0,65.87,100,Weekday,Tuesday,Light_Load
44.21,24.66,1.73,87.33,99.92,Weekday,Thursday,Maximum_Load
56.77,32.87,0,86.54,100,Weekday,Friday,Maximum_Load
4.28,4.54,0,68.6,100,Weekday,Friday,Light_Load
131.54,49.21,0,93.66,100,Weekday,Monday,Maximum_Load
42.84,16.06,0.11,93.64,100,Weekday,Wednesday,Medium_Load
5.36,0,13.9,100,35.98,Weekday,Wednesday,Maximum_Load
2.52,4,0,53.3,100,Weekday,Friday,Light_Load
76.86,42.12,0,87.7,100,Weekday,Thursday,Medium_Load
2.66,4.93,0,47.48,100,Weekday,Monday,Light_Load
2.81,5.36,0,46.43,100,Weekday,Monday,Light_Load
5.54,4.72,0,76.12,100,Weekday,Monday,Light_Load
76.43,42.91,0,87.2,100,Weekday,Wednesday,Medium_Load
4.68,0,21.38,100,21.38,Weekend,Sunday,Light_Load
14.94,4.46,3.71,95.82,97.05,Weekday,Monday,Medium_Load
2.99,3.2,0,68.27,100,Weekend,Sunday,Light_Load
2.63,3.71,0,57.83,100,Weekday,Tuesday,Light_Load
30.89,3.46,7.52,99.38,97.16,Weekday,Thursday,Maximum_Load
99.94,30.56,0,95.63,100,Weekend,Sunday,Medium_Load
3.24,2.05,0.22,84.51,99.77,Weekend,Sunday,Light_Load
3.78,3.56,0,72.8,100,Weekday,Monday,Light_Load
2.74,3.89,0,57.59,100,Weekday,Wednesday,Light_Load
3.96,0,22.82,100,17.1,Weekend,Saturday,Medium_Load
3.89,3.42,0,75.1,100,Weekend,Saturday,Light_Load
45.65,18.54,0,92.65,100,Weekday,Thursday,Medium_Load
4.25,0,21.82,100,19.12,Weekend,Sunday,Light_Load
2.52,4.68,0,47.41,100,Weekend,Sunday,Light_Load
2.99,5.47,0,47.96,100,Weekend,Saturday,Light_Load
2.74,5.36,0,45.52,100,Weekday,Friday,Light_Load
3.02,3.67,0,63.54,100,Weekend,Sunday,Light_Load
46.62,6.84,0,98.94,100,Weekday,Monday,Maximum_Load
42.84,13.9,0,95.12,100,Weekday,Tuesday,Maximum_Load
82.08,61.38,0,80.08,100,Weekday,Monday,Light_Load
4.43,0,20.05,100,21.57,Weekday,Monday,Medium_Load
3.82,5.08,0,60.1,100,Weekday,Wednesday,Light_Load
4.64,4.21,0,74.06,100,Weekday,Wednesday,Light_Load
5.18,0,14.87,100,32.9,Weekend,Sunday,Maximum_Load
33.3,2.52,0.86,99.71,99.97,Weekend,Sunday,Maximum_Load
113.51,44.32,0,93.15,100,Weekday,Monday,Maximum_Load
64.66,49.28,0,79.53,100,Weekday,Friday,Light_Load
2.95,0,16.99,100,17.11,Weekend,Sunday,Light_Load
2.88,3.24,1.51,66.44,88.57,Weekend,Sunday,Light_Load
3.56,0,17.46,100,19.98,Weekend,Sunday,Light_Load
3.2,0,16.7,100,18.82,Weekend,Sunday,Light_Load
8.46,0,25.92,100,31.03,Weekday,Tuesday,Medium_Load
32.9,15.59,6.12,90.37,98.31,Weekday,Wednesday,Maximum_Load
4.61,7.09,0,54.51,100,Weekday,Thursday,Light_Load
3.13,3.17,0,70.26,100,Weekday,Monday,Light_Load
3.78,5.26,0,58.36,100,Weekday,Friday,Light_Load
20.41,1.76,4.72,99.63,97.43,Weekday,Friday,Medium_Load
2.77,4.75,0,50.38,100,Weekday,Wednesday,Light_Load
2.74,5.36,0,45.52,100,Weekday,Thursday,Light_Load
4.97,0,18.14,100,26.42,Weekend,Saturday,Maximum_Load
85.1,68.44,0,77.93,100,Weekday,Monday,Light_Load
3.02,0,3.71,100,63.13,Weekday,Tuesday,Light_Load
4.82,0,24.84,100,19.05,Weekend,Sunday,Light_Load
2.74,0,11.92,100,22.4,Weekend,Sunday,Light_Load
47.38,23.65,0,89.47,100,Weekday,Thursday,Maximum_Load
2.77,4.68,0,50.93,100,Weekday,Tuesday,Light_Load
71.64,20.59,0,96.11,100,Weekday,Monday,Medium_Load
3.89,0,25.85,100,14.88,Weekend,Saturday,Light_Load
3.02,4.46,0,56.07,100,Weekend,Sunday,Light_Load
4.97,4.07,0,77.37,100,Weekday,Friday,Light_Load
3.64,6.12,0,51.12,100,Weekday,Wednesday,Light_Load
82.8,19.08,0.79,97.45,100,Weekday,Thursday,Medium_Load
3.67,0,25.56,100,14.21,Weekend,Saturday,Light_Load
3.35,4.39,0,60.66,100,Weekday,Friday,Medium_Load
41.94,17.64,0,92.18,100,Weekday,Monday,Maximum_Load
2.81,4.1,0,56.53,100,Weekend,Sunday,Light_Load
2.88,4.82,0,51.29,100,Weekend,Saturday,Light_Load
65.34,28.73,0,91.54,100,Weekday,Monday,Medium_Load
3.74,4.86,0,60.99,100,Weekday,Tuesday,Light_Load
3.56,2.95,0,77,100,Weekday,Tuesday,Light_Load
103.43,54.68,0,88.41,100,Weekday,Monday,Medium_Load
3.2,0,16.88,100,18.63,Weekend,Sunday,Light_Load
50.94,17.82,0,94.39,100,Weekend,Saturday,Maximum_Load
4.07,5,0,63.13,100,Weekday,Monday,Light_Load
3.31,0,14.4,100,22.4,Weekend,Sunday,Light_Load
87.95,52.45,0,85.89,100,Weekday,Thursday,Light_Load
3.02,0,5.62,100,47.34,Weekend,Sunday,Light_Load
2.92,4.43,0,55.03,100,Weekday,Tuesday,Light_Load
56.74,40.61,0,81.32,100,Weekday,Tuesday,Maximum_Load
49.9,16.67,0,94.85,100,Weekday,Friday,Medium_Load
62.14,24.59,0,92.98,100,Weekday,Monday,Medium_Load
6.16,0,25.78,100,23.24,Weekday,Wednesday,Medium_Load
39.71,27.79,0,81.93,100,Weekday,Friday,Medium_Load
3.13,0.86,3.53,96.43,66.34,Weekend,Saturday,Medium_Load
2.88,4.5,0,53.91,100,Weekday,Wednesday,Light_Load
2.45,4.36,0,48.99,100,Weekday,Monday,Light_Load
5.62,0,24.34,100,22.5,Weekday,Thursday,Medium_Load
63.43,33.91,0,88.19,100,Weekend,Saturday,Medium_Load
3.02,0,16.24,100,18.28,Weekend,Sunday,Medium_Load
44.64,23.94,0,88.13,100,Weekend,Saturday,Maximum_Load
44.5,36.43,0,77.38,100,Weekday,Monday,Maximum_Load
80.96,38.7,0,90.22,100,Weekend,Saturday,Medium_Load
3.35,0,17.21,100,19.11,Weekday,Thursday,Light_Load
4.07,0,25.96,100,15.49,Weekday,Tuesday,Medium_Load
6.52,5.18,0,78.3,100,Weekend,Saturday,Light_Load
92.41,33.73,0,93.94,100,Weekday,Friday,Maximum_Load
3.96,4.14,0,69.12,100,Weekend,Sunday,Light_Load
4.14,0,20.74,100,19.58,Weekend,Saturday,Light_Load
3.13,0,5.11,100,52.23,Weekend,Sunday,Light_Load
83.7,31.28,0,93.67,100,Weekday,Tuesday,Maximum_Load
3.74,0,13.64,100,26.44,Weekend,Saturday,Light_Load
3.06,3.42,0,66.68,100,Weekend,Sunday,Light_Load
23.36,19.87,0,76.17,100,Weekend,Sunday,Light_Load
3.56,0,22.07,100,15.92,Weekend,Sunday,Light_Load
42.26,22.72,0.68,88.08,99.99,Weekday,Wednesday,Medium_Load
59.94,44.03,0,80.59,100,Weekday,Monday,Maximum_Load
3.2,3.78,0,64.61,100,Weekend,Saturday,Light_Load
2.92,5,0,50.43,100,Weekday,Monday,Light_Load
3.49,3.53,0,70.31,100,Weekday,Friday,Light_Load
50.11,23.15,0,90.78,100,Weekday,Friday,Medium_Load
56.05,21.17,0,93.55,100,Weekday,Monday,Medium_Load
2.92,5,0,50.43,100,Weekend,Saturday,Light_Load
3.53,0.83,5.44,97.35,54.43,Weekend,Sunday,Light_Load
49.86,20.92,0,92.21,100,Weekday,Tuesday,Maximum_Load
6.62,0,20.34,100,30.95,Weekday,Tuesday,Medium_Load
4.5,0,12.71,100,33.38,Weekend,Saturday,Maximum_Load
2.74,5.62,0,43.82,100,Weekday,Thursday,Light_Load
65.27,38.48,0,86.14,100,Weekday,Wednesday,Medium_Load
4.32,5.87,0,59.27,100,Weekday,Thursday,Light_Load
59.8,27.18,0,91.04,100,Weekday,Monday,Medium_Load
5.76,4.86,0,76.43,100,Weekday,Monday,Maximum_Load
2.77,4,0,56.93,100,Weekend,Sunday,Light_Load
69.41,36,0,88.77,100,Weekday,Monday,Maximum_Load
4.25,0,26.21,100,16.01,Weekend,Saturday,Light_Load
95.58,31.68,0,94.92,100,Weekday,Monday,Medium_Load
115.78,46.8,0,92.71,100,Weekday,Wednesday,Medium_Load
112.43,51.37,0,90.96,100,Weekday,Monday,Medium_Load
2.88,5.33,0,47.54,100,Weekend,Sunday,Light_Load
53.24,17.35,0,95.08,100,Weekday,Tuesday,Maximum_Load
78.7,40.43,0,88.95,100,Weekday,Friday,Light_Load
47.02,25.34,0,88.03,100,Weekday,Tuesday,Maximum_Load
88.09,37.08,3.6,92.17,99.92,Weekday,Thursday,Maximum_Load
5.4,0,20.63,100,25.32,Weekday,Wednesday,Medium_Load
4.57,4.68,0,69.86,100,Weekday,Thursday,Light_Load
53.75,35.68,0,83.31,100,Weekday,Friday,Medium_Load
4.21,0,25.88,100,16.06,Weekday,Friday,Light_Load
58.61,25.81,0,91.52,100,Weekday,Thursday,Maximum_Load
4.07,0,21.06,100,18.97,Weekday,Wednesday,Medium_Load
3.13,4.03,0,61.34,100,Weekend,Saturday,Light_Load
2.88,2.38,0,77.08,100,Weekend,Sunday,Light_Load
49.93,14.36,0,96.1,100,Weekday,Wednesday,Maximum_Load
4.46,0,15.91,100,26.99,Weekday,Friday,Medium_Load
3.24,0,13.86,100,22.76,Weekend,Saturday,Medium_Load
3.49,5.08,0,56.63,100,Weekday,Monday,Medium_Load
38.3,7.02,0,98.36,100,Weekday,Thursday,Maximum_Load
45.18,17.21,0,93.45,100,Weekday,Wednesday,Medium_Load
3.1,0,17.28,100,17.66,Weekend,Sunday,Light_Load
3.35,0,16.6,100,19.78,Weekday,Tuesday,Medium_Load
112.68,55.62,0,89.67,100,Weekday,Friday,Medium_Load
2.95,0,11.45,100,24.95,Weekend,Sunday,Light_Load
7.52,1.26,17.14,98.63,40.18,Weekday,Friday,Medium_Load
3.71,0,17.35,100,20.91,Weekend,Saturday,Medium_Load
3.89,3.42,0,75.1,100,Weekday,Tuesday,Light_Load
5.04,5.54,0,67.29,100,Weekday,Monday,Light_Load
2.7,4.18,0,54.26,100,Weekday,Thursday,Light_Load
26.89,3.71,16.78,99.06,84.84,Weekday,Thursday,Medium_Load
35.93,10.55,0,95.95,100,Weekend,Saturday,Maximum_Load
52.6,32.94,0,84.75,100,Weekday,Monday,Medium_Load
3.17,3.67,0,65.37,100,Weekend,Saturday,Light_Load
3.71,3.06,0,77.14,100,Weekday,Monday,Light_Load
4.75,4.79,0,70.41,100,Weekday,Friday,Light_Load
4.14,0,27,100,15.16,Weekday,Wednesday,Medium_Load
3.2,0,17.71,100,17.78,Weekend,Sunday,Light_Load
23.72,15.34,8.89,83.97,93.64,Weekday,Tuesday,Medium_Load
7.24,0,25.42,100,27.39,Weekday,Monday,Medium_Load
72.25,33.23,0,90.85,100,Weekday,Tuesday,Medium_Load
2.88,0,5.04,100,49.61,Weekday,Monday,Light_Load
3.64,5.26,0,56.9,100,Weekday,Wednesday,Light_Load
2.81,4.68,0,51.48,100,Weekday,Friday,Light_Load
77.69,44.46,0,86.79,100,Weekday,Tuesday,Maximum_Load
3.35,0,18.47,100,17.85,Weekday,Friday,Maximum_Load
39.67,10.19,0,96.86,100,Weekday,Wednesday,Maximum_Load
2.77,4.43,0,53.02,100,Weekday,Tuesday,Light_Load
78.01,25.92,0,94.9,100,Weekend,Saturday,Maximum_Load
6.91,0,19.37,100,33.6,Weekday,Tuesday,Medium_Load
70.49,27.9,0,92.98,100,Weekday,Thursday,Medium_Load
87.3,53.57,0,85.23,100,Weekend,Sunday,Maximum_Load
64.37,40.28,0,84.77,100,Weekday,Thursday,Light_Load
48.2,21.64,0,91.23,100,Weekday,Monday,Maximum_Load
3.17,0,13.32,100,23.15,Weekend,Saturday,Light_Load
84.2,38.45,0,90.96,100,Weekday,Thursday,Medium_Load
3.53,0,14.8,100,23.2,Weekend,Sunday,Light_Load
2.95,4.21,0,57.39,100,Weekend,Sunday,Light_Load
3.53,4,0,66.17,100,Weekday,Thursday,Light_Load
53.32,30.31,0,86.94,100,Weekday,Monday,Medium_Load
2.63,5,0,46.55,100,Weekend,Sunday,Light_Load
4.61,4.32,0,72.97,100,Weekday,Monday,Light_Load
44.14,11.59,0,96.72,100,Weekend,Saturday,Maximum_Load
41,12.56,0,95.61,100,Weekday,Monday,Medium_Load
82.76,37.08,0,91.26,100,Weekday,Thursday,Maximum_Load
89.86,36.76,0,92.56,100,Weekday,Wednesday,Medium_Load
3.17,2.74,0,75.66,100,Weekend,Saturday,Light_Load
3.17,5.29,0,51.4,100,Weekend,Saturday,Light_Load
4.57,4.9,0,68.21,100,Weekend,Sunday,Light_Load
2.92,5.87,0,44.54,100,Weekend,Sunday,Light_Load
4.18,6.3,0,55.29,100,Weekday,Thursday,Light_Load
3.06,5.26,0,50.28,100,Weekend,Sunday,Light_Load
56.05,36.18,0,84.02,100,Weekday,Friday,Maximum_Load
41.26,18.25,0,91.45,100,Weekday,Monday,Maximum_Load
47.05,18.32,0,93.19,100,Weekday,Thursday,Maximum_Load
55.55,26.96,0,89.96,100,Weekday,Friday,Maximum_Load
4.68,4.68,0,70.71,100,Weekday,Friday,Light_Load
4.21,2.84,0.4,82.9,99.55,Weekday,Wednesday,Light_Load
2.95,0,17.32,100,16.79,Weekend,Saturday,Light_Load
2.84,4.21,0,55.92,100,Weekend,Sunday,Light_Load
10.76,0,19.73,100,47.88,Weekday,Friday,Medium_Load
40.43,14.51,0,94.12,100,Weekend,Saturday,Medium_Load
77.47,34.99,0,91.14,100,Weekday,Tuesday,Medium_Load
63.22,16.2,7.52,96.87,99.3,Weekday,Wednesday,Medium_Load
81.86,65.52,0,78.07,100,Weekday,Tuesday,Light_Load
6.95,5.76,0,76.99,100,Weekend,Saturday,Light_Load
2.81,0,6.73,100,38.53,Weekend,Saturday,Light_Load
2.77,4.68,0,50.93,100,Weekday,Friday,Light_Load
87.98,13,0.32,98.93,100,Weekday,Thursday,Medium_Load
75.1,44.5,0,86.03,100,Weekday,Tuesday,Maximum_Load
50.08,30.6,0.04,85.33,100,Weekday,Thursday,Medium_Load
3.49,0,16.09,100,21.2,Weekend,Sunday,Medium_Load
68.18,30.1,0,91.48,100,Weekday,Friday,Maximum_Load
2.88,5.83,0,44.29,100,Weekday,Friday,Light_Load
64.62,36.22,0,87.23,100,Weekday,Monday,Maximum_Load
3.02,0,11.34,100,25.73,Weekend,Sunday,Light_Load
58.97,34.63,0,86.23,100,Weekday,Friday,Maximum_Load
4.79,7.45,0,54.08,100,Weekend,Saturday,Light_Load
2.74,4.9,0,48.81,100,Weekend,Saturday,Light_Load
2.81,4.82,0,50.36,100,Weekend,Sunday,Light_Load
53.42,13.46,0.07,96.97,100,Weekday,Monday,Medium_Load
3.78,4.43,0,64.91,100,Weekday,Monday,Light_Load
3.53,0,16.45,100,20.98,Weekend,Saturday,Light_Load
2.7,0,11.48,100,22.89,Weekday,Tuesday,Light_Load
31.72,0.47,5.76,99.99,98.39,Weekday,Monday,Medium_Load
48.42,21.1,0,91.67,100,Weekday,Friday,Maximum_Load
52.45,11.84,0,97.55,100,Weekday,Monday,Maximum_Load
3.46,7.31,0.07,42.78,99.98,Weekday,Tuesday,Medium_Load
4.93,5.76,0,65.02,100,Weekend,Sunday,Light_Load
35.86,13.43,0,93.65,100,Weekend,Saturday,Maximum_Load
31.21,0.11,7.7,100,97.09,Weekday,Monday,Medium_Load
2.95,0,17.53,100,16.59,Weekend,Sunday,Light_Load
4.93,6.62,0,59.73,100,Weekday,Friday,Medium_Load
83.88,29.81,0.61,94.23,100,Weekday,Monday,Medium_Load
14.33,0,18,100,62.28,Weekday,Tuesday,Medium_Load
63.72,40.1,0,84.64,100,Weekday,Tuesday,Maximum_Load
72.36,29.41,0,92.64,100,Weekend,Saturday,Maximum_Load
3.35,2.38,0.11,81.52,99.95,Weekend,Saturday,Light_Load
3.78,4.75,0,62.27,100,Weekday,Wednesday,Light_Load
5.33,0,26.78,100,19.52,Weekday,Tuesday,Medium_Load
45.72,26.82,0.68,86.25,99.99,Weekday,Monday,Medium_Load
35.06,26.64,0,79.62,100,Weekend,Sunday,Maximum_Load
3.35,5.18,0,54.3,100,Weekday,Monday,Light_Load
4.32,3.67,0,76.21,100,Weekday,Thursday,Light_Load
3.64,0,17.93,100,19.9,Weekend,Saturday,Medium_Load
93.78,38.99,0,92.34,100,Weekday,Monday,Maximum_Load
2.92,4.97,0,50.66,100,Weekend,Sunday,Light_Load
13.54,0.68,13.21,99.87,71.58,Weekday,Monday,Medium_Load
3.28,6.62,0,44.4,100,Weekend,Saturday,Light_Load
15.01,2.09,18.36,99.04,63.29,Weekday,Friday,Medium_Load
3.78,4.32,0,65.85,100,Weekday,Friday,Light_Load
2.99,0,13.97,100,20.93,Weekend,Sunday,Light_Load
3.28,4.54,0,58.56,100,Weekday,Friday,Light_Load
2.56,5.4,0,42.84,100,Weekday,Wednesday,Light_Load
47.05,33.55,0,81.42,100,Weekday,Monday,Maximum_Load
50.36,21.31,0,92.09,100,Weekend,Saturday,Medium_Load
5,5.44,0,67.67,100,Weekend,Sunday,Light_Load
58.46,24.01,0,92.5,100,Weekday,Thursday,Maximum_Load
3.49,0,15.08,100,22.55,Weekday,Tuesday,Light_Load
3.13,0,14.65,100,20.89,Weekend,Sunday,Light_Load
6.55,5.04,0,79.25,100,Weekday,Tuesday,Light_Load
50.15,26.68,0,88.28,100,Weekday,Tuesday,Maximum_Load
55.44,36.5,0,83.52,100,Weekday,Tuesday,Maximum_Load
3.28,5.11,0,54.02,100,Weekday,Thursday,Light_Load
3.17,3.82,0,63.86,100,Weekday,Tuesday,Light_Load
92.38,28.58,0,95.53,100,Weekday,Monday,Maximum_Load
44.71,17.6,0,93.05,100,Weekday,Friday,Medium_Load
4.36,4.46,0,69.9,100,Weekday,Friday,Medium_Load
100.37,34.88,0,94.46,100,Weekday,Wednesday,Medium_Load
6.34,0,21.49,100,28.3,Weekday,Monday,Medium_Load
3.89,0,16.02,100,23.6,Weekday,Monday,Medium_Load
3.85,7.78,0,44.35,100,Weekday,Monday,Medium_Load
2.74,0,14.18,100,18.97,Weekend,Sunday,Light_Load
3.42,3.82,0,66.7,100,Weekday,Tuesday,Light_Load
4.75,0,21.67,100,21.41,Weekday,Monday,Maximum_Load
3.46,0,16.6,100,20.4,Weekend,Sunday,Light_Load
2.95,0,3.56,100,63.81,Weekday,Tuesday,Light_Load
2.99,0,16.85,100,17.47,Weekend,Saturday,Light_Load
59.83,21.28,0.36,94.22,100,Weekday,Monday,Medium_Load
4.5,0,22.14,100,19.92,Weekday,Thursday,Medium_Load
24.77,0,11.27,100,91.02,Weekday,Tuesday,Medium_Load
3.67,0,14.44,100,24.63,Weekend,Sunday,Light_Load
2.88,5.54,0,46.13,100,Weekday,Monday,Light_Load
144.07,54.11,0,93.62,100,Weekday,Friday,Maximum_Load
2.81,5.9,0,43,100,Weekend,Sunday,Light_Load
2.59,4.25,0,52.04,100,Weekend,Saturday,Light_Load
3.17,0,10.58,100,28.7,Weekend,Sunday,Light_Load
54.04,29.38,0,87.86,100,Weekday,Thursday,Maximum_Load
81.72,44.71,0,87.73,100,Weekday,Thursday,Maximum_Load
5.87,0.47,19.69,99.68,28.57,Weekday,Friday,Medium_Load
2.59,3.31,0,61.62,100,Weekday,Monday,Light_Load
4.46,8.1,0,48.23,100,Weekday,Thursday,Medium_Load
3.74,4.9,0,60.67,100,Weekday,Thursday,Light_Load
2.59,4.28,0,51.77,100,Weekend,Sunday,Light_Load
59.26,34.45,0,86.45,100,Weekday,Friday,Medium_Load
40.36,15.66,0,93.23,100,Weekend,Saturday,Maximum_Load
2.88,3.85,0,59.9,100,Weekend,Sunday,Light_Load
2.92,5.51,0,46.83,100,Weekday,Tuesday,Light_Load
50.08,31.97,0,84.29,100,Weekday,Wednesday,Light_Load
6.16,0,23.62,100,25.24,Weekend,Saturday,Maximum_Load
4.25,0,22.21,100,18.79,Weekend,Sunday,Medium_Load
52.49,25.2,0,90.15,100,Weekday,Wednesday,Maximum_Load
3.74,0,19.55,100,18.79,Weekday,Monday,Light_Load
52.99,32.15,0,85.49,100,Weekday,Wednesday,Maximum_Load
2.52,4.9,0,45.73,100,Weekend,Saturday,Light_Load
5.15,0,21.71,100,23.08,Weekday,Friday,Maximum_Load
3.1,5.18,0,51.35,100,Weekend,Saturday,Light_Load
84.02,46.48,0,87.5,100,Weekday,Thursday,Maximum_Load
95.29,41.8,0.18,91.58,100,Weekday,Friday,Maximum_Load
50.8,14.36,0,96.23,100,Weekday,Wednesday,Maximum_Load
45.29,39.42,0,75.43,100,Weekday,Wednesday,Maximum_Load
3.67,0,15.7,100,22.76,Weekend,Sunday,Light_Load
71.42,21.06,1.44,95.92,99.98,Weekday,Wednesday,Maximum_Load
2.92,4.82,0,51.81,100,Weekday,Monday,Light_Load
3.13,4.32,0,58.67,100,Weekday,Thursday,Light_Load
2.99,4.39,0,56.29,100,Weekday,Thursday,Light_Load
68.51,32.98,0,90.1,100,Weekday,Monday,Medium_Load
38.84,8.75,0,97.56,100,Weekday,Thursday,Medium_Load
72.68,53.35,0,80.61,100,Weekday,Monday,Maximum_Load
50.15,18.18,0.43,94.01,100,Weekday,Wednesday,Medium_Load
118.66,69.26,0,86.36,100,Weekday,Friday,Light_Load
151.67,69.73,0,90.86,100,Weekday,Tuesday,Maximum_Load
3.02,0,16.56,100,17.94,Weekend,Sunday,Light_Load
32.29,14.9,4.18,90.8,99.17,Weekday,Tuesday,Maximum_Load
3.56,5.08,0,57.39,100,Weekday,Wednesday,Light_Load
26.24,0.14,8.03,100,95.62,Weekday,Monday,Medium_Load
72.5,21.31,0,95.94,100,Weekday,Monday,Maximum_Load
3.02,3.71,0,63.13,100,Weekend,Saturday,Light_Load
98.03,51.37,0,88.58,100,Weekday,Wednesday,Medium_Load
5.04,0,26.1,100,18.96,Weekend,Saturday,Medium_Load
3.64,4.07,0,66.66,100,Weekday,Thursday,Light_Load
116.21,55.91,0,90.11,100,Weekday,Friday,Medium_Load
2.92,6.52,0,40.87,100,Weekday,Tuesday,Light_Load
4.18,0,27.11,100,15.24,Weekday,Wednesday,Light_Load
2.84,5.51,0,45.81,100,Weekday,Friday,Light_Load
3.64,6.44,0,49.21,100,Weekday,Thursday,Light_Load
45.97,13.5,0,95.95,100,Weekday,Friday,Maximum_Load
2.52,5.29,0,43.01,100,Weekday,Thursday,Light_Load
4.18,3.46,0.07,77.03,99.99,Weekday,Wednesday,Light_Load
3.2,5.72,0,48.82,100,Weekday,Friday,Light_Load
2.59,4,0,54.35,100,Weekday,Tuesday,Light_Load
3.06,5.8,0,46.66,100,Weekday,Tuesday,Light_Load
7.96,0,25.34,100,29.97,Weekday,Wednesday,Medium_Load
76.82,36.61,0,90.27,100,Weekday,Tuesday,Medium_Load
39.31,32.33,0,77.23,100,Weekend,Saturday,Light_Load
2.95,0,16.56,100,17.54,Weekday,Thursday,Light_Load
2.63,0,11.63,100,22.06,Weekday,Tuesday,Light_Load
66.82,38.81,0,86.47,100,Weekend,Saturday,Maximum_Load
4.64,0,23.51,100,19.36,Weekday,Wednesday,Medium_Load
3.53,0,18.14,100,19.1,Weekend,Saturday,Light_Load
32.36,2.74,3.02,99.64,99.57,Weekday,Tuesday,Medium_Load
4,0,19.22,100,20.38,Weekday,Tuesday,Light_Load
44.82,9.72,0.04,97.73,100,Weekday,Monday,Medium_Load
72.79,19.04,0.83,96.75,99.99,Weekday,Friday,Maximum_Load
91.8,34.2,0,93.71,100,Weekday,Thursday,Maximum_Load
88.74,37.33,0,92.18,100,Weekday,Tuesday,Medium_Load
3.28,3.49,0,68.48,100,Weekday,Monday,Light_Load
3.49,2.59,0.29,80.3,99.66,Weekend,Saturday,Light_Load
2.77,4.5,0,52.42,100,Weekend,Sunday,Light_Load
3.1,2.88,0,73.26,100,Weekend,Sunday,Light_Load
2.92,5.29,0,48.33,100,Weekday,Friday,Light_Load
55.15,24.08,0,91.65,100,Weekday,Wednesday,Maximum_Load
3.89,5.76,0,55.97,100,Weekday,Thursday,Light_Load
3.38,7.06,0,43.18,100,Weekday,Monday,Light_Load
64.8,23.26,3.24,94.12,99.88,Weekday,Friday,Medium_Load
3.67,3.92,0,68.34,100,Weekend,Saturday,Light_Load
4.82,4.82,0,70.71,100,Weekend,Saturday,Light_Load
72.9,43.52,0,85.86,100,Weekday,Friday,Maximum_Load
87.3,41.76,0,90.21,100,Weekday,Thursday,Light_Load
3.64,6.01,0,51.8,100,Weekend,Saturday,Light_Load
5.44,0,26.57,100,20.06,Weekday,Wednesday,Medium_Load
69.8,11.16,0.68,98.75,100,Weekday,Thursday,Medium_Load
3.1,0,14.69,100,20.65,Weekend,Sunday,Light_Load
3.64,3.74,0,69.75,100,Weekday,Friday,Light_Load
64.84,49.14,0,79.7,100,Weekday,Tuesday,Maximum_Load
4.75,5.72,0,63.89,100,Weekday,Monday,Light_Load
3.85,1.37,15.34,94.21,24.34,Weekday,Monday,Medium_Load
3.13,0,14.36,100,21.3,Weekday,Wednesday,Medium_Load
55.94,29.59,2.41,88.4,99.91,Weekday,Monday,Maximum_Load
113.72,72.9,0,84.19,100,Weekday,Friday,Maximum_Load
64.62,39.46,0,85.35,100,Weekday,Monday,Maximum_Load
114.48,47.02,0,92.5,100,Weekday,Thursday,Medium_Load
3.24,5.36,0,51.73,100,Weekday,Wednesday,Light_Load
2.88,0,16.92,100,16.78,Weekday,Thursday,Light_Load
3.06,3.78,0,62.92,100,Weekend,Sunday,Light_Load
51.34,23.29,0,91.07,100,Weekday,Wednesday,Medium_Load
29.95,5.51,2.84,98.35,99.55,Weekday,Monday,Medium_Load
3.67,0,17.35,100,20.69,Weekend,Saturday,Medium_Load
8.42,2.84,12.28,94.76,56.55,Weekday,Wednesday,Medium_Load
3.42,0,17.89,100,18.78,Weekend,Sunday,Light_Load
3.38,0,14.51,100,22.69,Weekend,Sunday,Light_Load
6.26,5.22,0,76.8,100,Weekday,Thursday,Light_Load
2.7,4.57,0,50.87,100,Weekday,Wednesday,Light_Load
66.02,30.31,0,90.88,100,Weekday,Friday,Maximum_Load
3.89,0,15.66,100,24.11,Weekday,Monday,Light_Load
4.43,0,24.44,100,17.84,Weekday,Wednesday,Medium_Load
58.64,25.56,0.54,91.67,100,Weekday,Tuesday,Medium_Load
28.8,0,8.32,100,96.07,Weekend,Saturday,Medium_Load
3.53,0,14.58,100,23.53,Weekend,Sunday,Light_Load
2.95,0,16.99,100,17.11,Weekend,Sunday,Light_Load
3.1,3.53,0,65.99,100,Weekday,Monday,Light_Load
2.99,3.82,0,61.64,100,Weekday,Wednesday,Light_Load
3.35,4.86,0,56.75,100,Weekday,Tuesday,Light_Load
3.71,0,25.06,100,14.64,Weekday,Friday,Medium_Load
4.61,4.72,0,69.87,100,Weekday,Thursday,Light_Load
36.22,12.74,0.54,94.33,99.99,Weekday,Wednesday,Maximum_Load
5.33,0,18.94,100,27.09,Weekend,Sunday,Maximum_Load
3.46,3.67,0,68.6,100,Weekend,Saturday,Light_Load
3.46,0,16.96,100,19.99,Weekend,Saturday,Medium_Load
5.15,5.18,0,70.51,100,Weekend,Sunday,Light_Load
24.88,0.83,2.56,99.94,99.47,Weekend,Sunday,Light_Load
2.99,3.53,0,64.63,100,Weekday,Friday,Light_Load
2.88,0,13.28,100,21.19,Weekend,Saturday,Light_Load
3.6,5.65,0,53.74,100,Weekday,Thursday,Light_Load
2.92,4.82,0,51.81,100,Weekday,Wednesday,Light_Load
37.91,27.07,0,81.38,100,Weekday,Thursday,Light_Load
3.1,3.64,0,64.84,100,Weekday,Tuesday,Light_Load
3.35,2.52,0.04,79.91,99.99,Weekday,Tuesday,Light_Load
97.7,47.7,0,89.86,100,Weekday,Wednesday,Maximum_Load
91.69,33.91,0,93.79,100,Weekday,Friday,Maximum_Load
3.56,7.52,0,42.79,100,Weekday,Wednesday,Light_Load
3.82,3.46,0,74.12,100,Weekend,Sunday,Light_Load
3.82,3.56,0,73.16,100,Weekday,Monday,Light_Load
3.6,3.28,0,73.92,100,Weekday,Tuesday,Medium_Load
3.6,0,6.7,100,47.33,Weekend,Sunday,Light_Load
3.02,0,10.76,100,27.02,Weekend,Sunday,Light_Load
3.38,4.03,0,64.26,100,Weekday,Friday,Light_Load
3.82,0,24.19,100,15.6,Weekday,Friday,Light_Load
46.3,11.84,0,96.88,100,Weekday,Friday,Maximum_Load
2.52,4.1,0,52.36,100,Weekend,Saturday,Light_Load
43.27,29.05,0,83.02,100,Weekday,Friday,Maximum_Load
2.66,4.97,0,47.19,100,Weekend,Saturday,Light_Load
60.23,33.52,0,87.38,100,Weekday,Friday,Maximum_Load
3.89,0,23.4,100,16.4,Weekday,Thursday,Light_Load
2.84,5.15,0,48.29,100,Weekday,Tuesday,Light_Load
10.69,0,16.85,100,53.57,Weekday,Wednesday,Medium_Load
3.38,0,4.28,100,61.98,Weekend,Sunday,Light_Load
76.9,57.64,0,80.02,100,Weekday,Wednesday,Light_Load
2.84,4.03,0,57.6,100,Weekend,Sunday,Light_Load
2.92,5,0,50.43,100,Weekday,Thursday,Light_Load
5.44,0,26.82,100,19.88,Weekday,Wednesday,Medium_Load
6.73,7.85,0,65.09,100,Weekend,Saturday,Light_Load
4.75,0,21.1,100,21.96,Weekend,Saturday,Maximum_Load
3.82,3.31,0,75.58,100,Weekday,Monday,Light_Load
2.99,5.87,0,45.39,100,Weekday,Thursday,Light_Load
3.74,0,23.04,100,16.02,Weekday,Monday,Medium_Load
90.79,46.69,0,88.93,100,Weekday,Tuesday,Maximum_Load
90.43,26.21,0,96.05,100,Weekday,Wednesday,Medium_Load
3.2,0,16.85,100,18.66,Weekday,Friday,Light_Load
116.64,65.66,0,87.14,100,Weekday,Thursday,Medium_Load
91.19,36.36,0,92.89,100,Weekday,Wednesday,Medium_Load
2.7,3.6,0,60,100,Weekend,Saturday,Light_Load
5,0,25.34,100,19.36,Weekday,Monday,Medium_Load
2.66,4.79,0,48.55,100,Weekday,Monday,Light_Load
66.06,59.36,0,74.38,100,Weekday,Thursday,Light_Load
2.92,5.04,0,50.13,100,Weekday,Friday,Light_Load
3.53,0,15.34,100,22.43,Weekend,Sunday,Light_Load
3.2,4.82,0,55.31,100,Weekday,Friday,Light_Load
59.22,17.64,0,95.84,100,Weekday,Tuesday,Medium_Load
3.82,6.62,0,49.98,100,Weekend,Saturday,Light_Load
4.72,5.76,0,63.38,100,Weekend,Sunday,Light_Load
3.85,0,21.6,100,17.55,Weekend,Saturday,Light_Load
3.67,0,12.96,100,27.25,Weekday,Friday,Medium_Load
4,4.14,0,69.48,100,Weekday,Monday,Light_Load
3.64,5.98,0,51.99,100,Weekend,Saturday,Light_Load
3.02,5.22,0,50.08,100,Weekday,Friday,Light_Load
5.54,0,21.56,100,24.89,Weekday,Monday,Medium_Load
3.13,4.21,0,59.66,100,Weekday,Monday,Light_Load
2.99,0,14.47,100,20.24,Weekend,Sunday,Light_Load
2.99,0,16.63,100,17.7,Weekend,Sunday,Light_Load
113.9,71.5,0,84.7,100,Weekday,Wednesday,Light_Load
2.84,5.4,0,46.55,100,Weekday,Friday,Light_Load
4.18,0,23.69,100,17.38,Weekend,Saturday,Light_Load
49.57,12.24,0.04,97.08,100,Weekday,Monday,Maximum_Load
5.87,0,23.87,100,23.88,Weekday,Thursday,Medium_Load
4.18,0,21.31,100,19.25,Weekday,Tuesday,Light_Load
97.7,49.39,0,89.24,100,Weekday,Monday,Maximum_Load
41.58,5.83,1.3,99.03,99.95,Weekday,Monday,Maximum_Load
2.95,0,17.53,100,16.59,Weekend,Sunday,Medium_Load
58.39,25.52,0,91.63,100,Weekday,Monday,Medium_Load
57.89,24.01,0,92.37,100,Weekday,Tuesday,Medium_Load
2.66,4.82,0,48.32,100,Weekday,Tuesday,Light_Load
55.62,17.78,0,95.25,100,Weekday,Friday,Medium_Load
3.71,5.22,0,57.93,100,Weekend,Sunday,Light_Load
2.81,0,11.16,100,24.42,Weekend,Sunday,Light_Load
3.17,5.72,0,48.47,100,Weekend,Sunday,Light_Load
53.28,23.8,0,91.3,100,Weekday,Friday,Maximum_Load
4.54,4.5,0,71.02,100,Weekday,Wednesday,Light_Load
125.35,64.87,0,88.81,100,Weekday,Wednesday,Medium_Load
3.71,7.24,0,45.6,100,Weekday,Wednesday,Light_Load
35.21,3.67,3.24,99.46,99.58,Weekday,Monday,Medium_Load
3.71,7.38,0,44.91,100,Weekday,Friday,Medium_Load
3.67,2.56,0.36,82.02,99.52,Weekday,Wednesday,Light_Load
3.85,5.22,0,59.36,100,Weekday,Monday,Light_Load
39.82,11.12,2.12,96.31,99.86,Weekday,Tuesday,Medium_Load
2.88,5.94,0,43.63,100,Weekday,Friday,Light_Load
2.77,0.72,10.76,96.78,24.93,Weekend,Saturday,Medium_Load
3.1,2.56,0,77.11,100,Weekend,Sunday,Light_Load
2.81,4.79,0,50.6,100,Weekday,Thursday,Light_Load
64.12,35.1,0,87.72,100,Weekday,Monday,Medium_Load
10.91,0,17.93,100,51.98,Weekday,Thursday,Medium_Load
107.21,48.31,0,91.17,100,Weekday,Thursday,Maximum_Load
77.87,22.93,0,95.93,100,Weekday,Friday,Medium_Load
2.84,0,12.56,100,22.05,Weekday,Tuesday,Light_Load
74.92,19.76,0,96.69,100,Weekend,Saturday,Maximum_Load
3.2,6.52,0,44.06,100,Weekday,Friday,Medium_Load
68.98,27.9,0,92.7,100,Weekday,Thursday,Medium_Load
95.8,40.46,0,92.12,100,Weekday,Friday,Maximum_Load
3.67,1.12,12.31,95.65,28.57,Weekday,Monday,Medium_Load
3.82,0,25.88,100,14.6,Weekend,Saturday,Medium_Load
71.06,48.1,0,82.81,100,Weekday,Thursday,Maximum_Load
3.24,4.1,0,62,100,Weekend,Saturday,Light_Load
4.1,0,16.2,100,24.54,Weekday,Wednesday,Medium_Load
99.18,41.87,0,92.13,100,Weekday,Monday,Medium_Load
2.95,0,16.88,100,17.22,Weekend,Sunday,Light_Load
38.59,27.25,0,81.69,100,Weekday,Thursday,Light_Load
3.1,4.61,0,55.8,100,Weekend,Saturday,Light_Load
59,51.52,0,75.32,100,Weekday,Wednesday,Light_Load
4.64,5.04,0,67.73,100,Weekday,Friday,Light_Load
3.49,4.39,0,62.23,100,Weekday,Friday,Light_Load
55.37,22.9,0,92.41,100,Weekday,Thursday,Maximum_Load
3.02,3.67,0,63.54,100,Weekday,Thursday,Light_Load
3.96,6.01,0,55.02,100,Weekday,Thursday,Light_Load
2.95,4.25,0,57.02,100,Weekend,Sunday,Light_Load
2.99,0,11.48,100,25.2,Weekend,Sunday,Light_Load
2.92,0,11.7,100,24.21,Weekend,Sunday,Light_Load
2.56,3.89,0,54.97,100,Weekend,Saturday,Light_Load
107.1,34.85,0,95.09,100,Weekday,Thursday,Maximum_Load
3.2,0,16.92,100,18.58,Weekend,Saturday,Light_Load
99.32,55.98,0,87.12,100,Weekday,Friday,Maximum_Load
2.59,3.96,0,54.74,100,Weekday,Wednesday,Light_Load
5.29,5.76,0,67.64,100,Weekday,Wednesday,Light_Load
4.07,3.38,0.11,76.93,99.96,Weekend,Saturday,Light_Load
3.02,0,12.78,100,23,Weekend,Sunday,Light_Load
82.37,39.17,0,90.31,100,Weekday,Thursday,Maximum_Load
3.53,6.55,0,47.44,100,Weekday,Thursday,Medium_Load
40.21,1.15,1.98,99.96,99.88,Weekday,Thursday,Medium_Load
3.42,0,18.18,100,18.49,Weekend,Saturday,Light_Load
60.3,57.85,0,72.16,100,Weekday,Friday,Maximum_Load
32.15,22.9,0,81.45,100,Weekday,Wednesday,Light_Load
69.8,27.79,0,92.91,100,Weekday,Friday,Medium_Load
2.88,0,5.22,100,48.31,Weekend,Saturday,Light_Load
114.7,55.76,0,89.94,100,Weekday,Thursday,Maximum_Load
28.12,0,10.26,100,93.94,Weekend,Sunday,Medium_Load
2.92,0,12.24,100,23.21,Weekend,Sunday,Light_Load
5.15,0,25.7,100,19.65,Weekend,Sunday,Light_Load
7.6,0,20.38,100,34.94,Weekday,Tuesday,Maximum_Load
57.78,29.05,0,89.34,100,Weekday,Thursday,Medium_Load
87.12,15.73,0,98.41,100,Weekday,Wednesday,Medium_Load
68.22,36.86,0,87.98,100,Weekday,Thursday,Medium_Load
4.79,0,26.53,100,17.77,Weekend,Sunday,Medium_Load
3.2,0,16.13,100,19.46,Weekday,Friday,Light_Load
3.02,5.83,0,46,100,Weekend,Saturday,Light_Load
3.46,4.36,0,62.16,100,Weekday,Thursday,Light_Load
3.67,0,17.06,100,21.03,Weekday,Wednesday,Medium_Load
3.74,0,25.24,100,14.66,Weekday,Tuesday,Medium_Load
51.59,23.54,0,90.98,100,Weekday,Friday,Maximum_Load
29.02,10.04,3.85,94.5,99.13,Weekday,Tuesday,Maximum_Load
3.38,5.04,0,55.7,100,Weekday,Friday,Light_Load
18.68,0.04,12.53,100,83.05,Weekend,Saturday,Medium_Load
54.11,27.5,0,89.15,100,Weekday,Tuesday,Maximum_Load
3.06,4.18,0,59.07,100,Weekday,Tuesday,Light_Load
4.1,0,17.14,100,23.26,Weekday,Tuesday,Medium_Load
2.7,4.79,0,49.1,100,Weekday,Monday,Light_Load
5.9,5.4,0,73.77,100,Weekday,Thursday,Light_Load
71.21,33.62,0,90.43,100,Weekday,Thursday,Medium_Load
9.43,0,24.95,100,35.35,Weekday,Monday,Medium_Load
44.6,2.81,0,99.8,100,Weekday,Monday,Medium_Load
4.03,3.74,0,73.3,100,Weekend,Saturday,Light_Load
4.14,0,25.6,100,15.96,Weekend,Sunday,Medium_Load
2.81,4.72,0,51.15,100,Weekend,Sunday,Light_Load
27.76,21.31,0,79.32,100,Weekend,Sunday,Light_Load
3.6,0,17.42,100,20.24,Weekday,Wednesday,Medium_Load
39.56,34.92,0,74.97,100,Weekday,Friday,Light_Load
2.81,4.39,0,53.91,100,Weekday,Tuesday,Light_Load
3.64,0,16.67,100,21.33,Weekend,Sunday,Medium_Load
47.59,21.71,0,90.98,100,Weekday,Monday,Light_Load
2.77,4.9,0,49.21,100,Weekday,Friday,Light_Load
2.95,0,10.01,100,28.27,Weekend,Sunday,Light_Load
2.99,2.23,0.04,80.16,99.99,Weekend,Sunday,Light_Load
68.04,53.5,0,78.61,100,Weekday,Friday,Medium_Load
73.55,31.46,0,91.94,100,Weekday,Friday,Medium_Load
60.8,52.85,0,75.47,100,Weekday,Tuesday,Maximum_Load
4.93,0,15.59,100,30.15,Weekday,Wednesday,Medium_Load
68.51,26.89,0,93.09,100,Weekday,Tuesday,Medium_Load
13.5,0,19.12,100,57.68,Weekday,Monday,Medium_Load
41.29,30.71,0,80.24,100,Weekday,Monday,Maximum_Load
5.51,6.7,0,63.52,100,Weekday,Wednesday,Light_Load
2.99,5,0,51.32,100,Weekday,Friday,Light_Load
103.5,39.35,0,93.47,100,Weekday,Thursday,Maximum_Load
3.67,7.34,0,44.72,100,Weekday,Tuesday,Medium_Load
96.3,38.95,0,92.7,100,Weekday,Friday,Maximum_Load
4.03,2.99,0.32,80.31,99.69,Weekday,Wednesday,Maximum_Load
31.5,0.04,6.98,100,97.63,Weekend,Sunday,Maximum_Load
114.26,49.07,0,91.88,100,Weekday,Tuesday,Maximum_Load
73.4,46.26,0,84.6,100,Weekday,Monday,Medium_Load
3.31,5.18,0,53.85,100,Weekday,Tuesday,Light_Load
80.03,29.88,0,93.68,100,Weekday,Friday,Medium_Load
65.3,41.44,0.32,84.43,100,Weekday,Monday,Medium_Load
2.66,3.96,0,55.76,100,Weekend,Saturday,Light_Load
55.08,26.46,0.04,90.14,100,Weekday,Friday,Medium_Load
108.79,37.55,0,94.53,100,Weekday,Friday,Maximum_Load
55.19,25.34,0,90.88,100,Weekday,Monday,Maximum_Load
60.52,29.02,0,90.17,100,Weekday,Thursday,Medium_Load
2.66,5.11,0,46.17,100,Weekday,Tuesday,Light_Load
93.6,45.07,0,90.1,100,Weekday,Monday,Maximum_Load
3.49,0,18,100,19.03,Weekday,Monday,Medium_Load
4.54,3.67,0,77.77,100,Weekday,Thursday,Medium_Load
5.18,0,9,100,49.88,Weekend,Saturday,Light_Load
7.02,4.97,0,81.62,100,Weekday,Friday,Light_Load
57.24,23.54,0,92.48,100,Weekday,Thursday,Maximum_Load
3.92,3.17,0.11,77.76,99.96,Weekday,Friday,Light_Load
50.4,28.62,0,86.96,100,Weekday,Tuesday,Maximum_Load
36.22,3.1,2.77,99.64,99.71,Weekday,Thursday,Medium_Load
3.96,1.3,9.94,95.01,37.01,Weekend,Sunday,Light_Load
39.13,7.49,0,98.22,100,Weekday,Tuesday,Maximum_Load
89.35,39.42,0,91.49,100,Weekday,Friday,Medium_Load
2.74,3.64,0,60.14,100,Weekend,Sunday,Light_Load
5.51,0,26.06,100,20.69,Weekday,Thursday,Medium_Load
27.86,5.8,8.75,97.9,95.41,Weekday,Tuesday,Maximum_Load
2.56,5.47,0,42.39,100,Weekday,Tuesday,Light_Load
28.37,7.27,0.4,96.87,99.99,Weekday,Monday,Medium_Load
2.7,5.22,0,45.94,100,Weekday,Tuesday,Light_Load
66.1,50.87,0,79.25,100,Weekday,Friday,Maximum_Load
5.72,4.79,0,76.67,100,Weekday,Monday,Light_Load
3.67,3.74,0,70.04,100,Weekday,Monday,Medium_Load
7.99,3.92,0,89.78,100,Weekday,Tuesday,Light_Load
4.46,8.03,0.11,48.56,99.97,Weekday,Thursday,Medium_Load
3.24,0,12.92,100,24.32,Weekday,Monday,Light_Load
2.95,4.5,0,54.83,100,Weekday,Friday,Light_Load
31.25,0,8.42,100,96.56,Weekday,Monday,Medium_Load
3.17,5.18,0,52.2,100,Weekend,Saturday,Light_Load
57.46,30.2,0,88.52,100,Weekday,Tuesday,Maximum_Load
6.48,5.47,0,76.41,100,Weekend,Saturday,Light_Load
3.35,4.82,0,57.07,100,Weekday,Friday,Light_Load
3.31,6.26,0,46.74,100,Weekend,Sunday,Light_Load
4.68,4.75,0,70.18,100,Weekday,Thursday,Light_Load
103.21,67,0,83.88,100,Weekday,Wednesday,Light_Load
33.05,22.75,3.6,82.37,99.41,Weekday,Wednesday,Maximum_Load
3.06,0,16.45,100,18.29,Weekend,Sunday,Light_Load
52.09,28.51,0,87.72,100,Weekday,Tuesday,Medium_Load
36.07,5,0.14,99.05,100,Weekday,Thursday,Medium_Load
83.66,42.05,0,89.35,100,Weekday,Monday,Maximum_Load
2.77,0,6.12,100,41.23,Weekend,Saturday,Light_Load
3.06,5.4,0,49.3,100,Weekend,Saturday,Light_Load
55.01,18.9,0,94.57,100,Weekday,Monday,Medium_Load
4.18,3.2,0.14,79.4,99.94,Weekday,Thursday,Light_Load
6.95,5,0,81.18,100,Weekend,Saturday,Light_Load
32.9,29.12,0,74.88,100,Weekday,Tuesday,Light_Load
4.97,2.27,0.07,90.96,99.99,Weekday,Friday,Light_Load
22.9,23.36,0,70,100,Weekend,Sunday,Light_Load
4.28,0,20.52,100,20.42,Weekend,Saturday,Light_Load
83.88,23.51,0,96.29,100,Weekday,Friday,Maximum_Load
4.28,0,20.99,100,19.98,Weekend,Saturday,Light_Load
3.42,6.95,0,44.15,100,Weekend,Sunday,Light_Load
46.33,26.82,0,86.54,100,Weekday,Friday,Maximum_Load
5.72,4.54,0,78.33,100,Weekday,Monday,Light_Load
3.17,0,12.96,100,23.76,Weekend,Sunday,Light_Load
4.14,3.06,0.29,80.42,99.76,Weekday,Tuesday,Light_Load
3.13,3.89,0,62.69,100,Weekday,Thursday,Light_Load
2.88,5.11,0,49.1,100,Weekday,Friday,Light_Load
4.1,3.2,0.22,78.83,99.86,Weekday,Thursday,Light_Load
4.18,0,22.14,100,18.55,Weekend,Saturday,Light_Load
3.78,0,24.73,100,15.11,Weekend,Sunday,Medium_Load
2.74,4.86,0,49.11,100,Weekend,Sunday,Light_Load
68.36,36.97,0,87.96,100,Weekday,Tuesday,Medium_Load
113.29,50.76,0,91.26,100,Weekday,Friday,Light_Load
3.67,4.64,0,62.04,100,Weekday,Monday,Light_Load
3.42,0,17.89,100,18.78,Weekday,Monday,Medium_Load
36.36,4.5,1.08,99.24,99.96,Weekend,Saturday,Maximum_Load
3.56,0,17.75,100,19.66,Weekday,Monday,Light_Load
4.64,5.65,0,63.47,100,Weekday,Tuesday,Light_Load
2.74,4.36,0,53.21,100,Weekend,Sunday,Light_Load
25.56,12.02,7.2,90.49,96.25,Weekday,Monday,Maximum_Load
4.61,4.86,0,68.82,100,Weekday,Friday,Light_Load
29.92,10.98,0,93.88,100,Weekend,Sunday,Maximum_Load
80.96,36.97,0,90.96,100,Weekday,Tuesday,Medium_Load
2.88,5.51,0,46.32,100,Weekday,Monday,Light_Load
3.31,4.43,0,59.86,100,Weekend,Saturday,Light_Load
56.09,19.69,0.04,94.36,100,Weekday,Friday,Medium_Load
4.21,5.83,0,58.54,100,Weekend,Sunday,Light_Load
3.42,0,14.87,100,22.41,Weekend,Saturday,Light_Load
3.92,4.36,0,66.86,100,Weekend,Saturday,Light_Load
5.15,0,17.78,100,27.82,Weekday,Wednesday,Medium_Load
3.67,0,17.35,100,20.69,Weekend,Saturday,Light_Load
103.82,45.5,0,91.59,100,Weekend,Saturday,Maximum_Load
4.68,3.74,0,78.12,100,Weekend,Saturday,Light_Load
3.96,0,24.05,100,16.25,Weekend,Sunday,Medium_Load
2.59,4.43,0,50.47,100,Weekday,Tuesday,Light_Load
4.25,7.99,0,46.96,100,Weekday,Thursday,Light_Load
25.02,0.83,1.3,99.95,99.87,Weekend,Saturday,Medium_Load
3.53,0,17.82,100,19.43,Weekday,Monday,Medium_Load
3.02,0,14.72,100,20.1,Weekend,Sunday,Light_Load
3.53,4.25,0,63.89,100,Weekday,Thursday,Light_Load
3.24,0,17.75,100,17.96,Weekend,Sunday,Light_Load
25.31,0,12.31,100,89.93,Weekday,Friday,Medium_Load
29.38,0,11.99,100,92.59,Weekday,Monday,Medium_Load
3.02,4.9,0,52.47,100,Weekday,Wednesday,Light_Load
60.12,39.96,0,83.28,100,Weekday,Friday,Medium_Load
25.31,1.51,1.98,99.82,99.7,Weekday,Monday,Medium_Load
3.06,3.71,0,63.63,100,Weekday,Friday,Light_Load
101.41,39.35,0,93.23,100,Weekday,Tuesday,Maximum_Load
3.42,6.88,0,44.51,100,Weekday,Tuesday,Medium_Load
28.91,0,8.46,100,95.98,Weekend,Saturday,Medium_Load
2.84,0,4.79,100,51,Weekend,Sunday,Light_Load
2.99,3.92,0,60.65,100,Weekday,Tuesday,Light_Load
5.54,0,10.15,100,47.91,Weekend,Saturday,Light_Load
56.02,57.28,0,69.92,100,Weekday,Thursday,Light_Load
2.77,0,13.97,100,19.45,Weekend,Saturday,Medium_Load
3.13,0,11.84,100,25.56,Weekend,Sunday,Medium_Load
53.57,32.18,0,85.72,100,Weekday,Thursday,Light_Load
3.46,3.24,0,72.99,100,Weekend,Saturday,Light_Load
3.35,3.85,0,65.64,100,Weekend,Sunday,Light_Load
40.14,24.34,1.66,85.51,99.91,Weekday,Tuesday,Maximum_Load
2.66,3.53,0,60.18,100,Weekday,Tuesday,Light_Load
69.48,30.78,0,91.43,100,Weekday,Tuesday,Medium_Load
79.6,43.13,0,87.92,100,Weekday,Thursday,Medium_Load
103.1,38.56,0,93.66,100,Weekday,Thursday,Medium_Load
9.61,0,25.6,100,35.14,Weekday,Wednesday,Medium_Load
46.55,43.31,0,73.21,100,Weekend,Saturday,Light_Load
31.07,15.62,0.5,89.34,99.99,Weekday,Friday,Medium_Load
110.23,56.52,0,88.98,100,Weekday,Tuesday,Maximum_Load
62.78,37.76,0,85.69,100,Weekend,Saturday,Light_Load
2.59,4.5,0,49.88,100,Weekend,Saturday,Light_Load
122.8,58.9,0,90.16,100,Weekday,Tuesday,Light_Load
3.78,4.03,0,68.41,100,Weekday,Tuesday,Light_Load
3.71,0,14.69,100,24.49,Weekend,Sunday,Light_Load
81.9,55.22,0,82.91,100,Weekday,Tuesday,Maximum_Load
3.89,0,26.39,100,14.58,Weekend,Sunday,Medium_Load
4,0,18.04,100,21.65,Weekday,Tuesday,Medium_Load
114.01,41.15,0,94.06,100,Weekday,Wednesday,Maximum_Load
3.46,1.62,14.33,90.56,23.47,Weekend,Sunday,Light_Load
6.44,0,7.88,100,63.28,Weekend,Saturday,Maximum_Load
5.87,0,25.85,100,22.14,Weekday,Tuesday,Medium_Load
57.42,30.2,0,88.51,100,Weekday,Thursday,Maximum_Load
2.59,0,12.13,100,20.88,Weekday,Tuesday,Light_Load
4.07,0,26.24,100,15.33,Weekend,Saturday,Medium_Load
56.12,26.75,0,90.27,100,Weekday,Monday,Maximum_Load
2.74,0,17.53,100,15.44,Weekday,Wednesday,Light_Load
5.18,0,26.17,100,19.42,Weekend,Saturday,Medium_Load
56.92,57.92,0,70.09,100,Weekday,Friday,Light_Load
3.17,0,17.06,100,18.27,Weekend,Sunday,Light_Load
2.81,0,5.36,100,46.43,Weekend,Saturday,Light_Load
82.33,26.03,0,95.35,100,Weekday,Monday,Medium_Load
3.35,0,18.18,100,18.12,Weekday,Friday,Medium_Load
3.13,0,12.96,100,23.48,Weekend,Saturday,Light_Load
66.24,29.52,0,91.34,100,Weekday,Thursday,Maximum_Load
3.1,5.15,0,51.57,100,Weekend,Saturday,Light_Load
29.3,29.02,0,71.05,100,Weekend,Sunday,Light_Load
4.39,0,21.38,100,20.11,Weekday,Wednesday,Medium_Load
114.12,58.86,0,88.87,100,Weekday,Monday,Maximum_Load
24.12,5.33,5.44,97.64,97.55,Weekend,Saturday,Maximum_Load
33.84,0.36,3.38,99.99,99.5,Weekend,Sunday,Maximum_Load
83.7,23.72,0,96.21,100,Weekday,Wednesday,Medium_Load
4.54,4.32,0,72.44,100,Weekday,Wednesday,Light_Load
3.92,4.54,0,65.35,100,Weekday,Thursday,Light_Load
3.13,5.51,0,49.39,100,Weekend,Sunday,Light_Load
4.72,4.46,0,72.68,100,Weekday,Tuesday,Light_Load
6.8,0,25.88,100,25.41,Weekday,Wednesday,Medium_Load
45.22,10.62,0.14,97.35,100,Weekday,Wednesday,Medium_Load
2.56,3.74,0,56.48,100,Weekend,Sunday,Light_Load
2.74,4.79,0,49.65,100,Weekday,Monday,Light_Load
3.06,0,10.98,100,26.85,Weekend,Sunday,Light_Load
4.03,0,14.51,100,26.76,Weekend,Saturday,Light_Load
42.34,15.55,0,93.87,100,Weekend,Saturday,Maximum_Load
3.42,2.38,0.04,82.08,99.99,Weekday,Wednesday,Light_Load
3.82,3.31,0.07,75.58,99.98,Weekend,Saturday,Light_Load
6.34,0,19.37,100,31.11,Weekday,Wednesday,Medium_Load
3.49,0,4.57,100,60.69,Weekday,Monday,Light_Load
3.35,6.48,0,45.92,100,Weekday,Monday,Light_Load
4.61,2.23,0.25,90.02,99.85,Weekday,Wednesday,Light_Load
69.77,36.58,0,88.57,100,Weekday,Wednesday,Maximum_Load
3.92,3.49,0,74.69,100,Weekend,Sunday,Light_Load
4.03,7.27,0,48.48,100,Weekend,Sunday,Medium_Load
4,3.85,0,72.05,100,Weekday,Thursday,Light_Load
3.06,3.6,0,64.76,100,Weekend,Sunday,Light_Load
114.59,57.02,0,89.53,100,Weekday,Monday,Maximum_Load
3.28,2.27,0.11,82.23,99.94,Weekend,Sunday,Light_Load
3.31,0,16.7,100,19.44,Weekend,Saturday,Medium_Load
3.24,4.36,0,59.65,100,Weekday,Friday,Light_Load
3.17,4.82,0,54.95,100,Weekday,Thursday,Light_Load
3.06,3.78,0,62.92,100,Weekend,Sunday,Light_Load
3.2,2.7,0.04,76.43,99.99,Weekend,Sunday,Light_Load
5.15,0,25.56,100,19.75,Weekend,Sunday,Light_Load
3.49,0,17.53,100,19.53,Weekend,Sunday,Light_Load
3.85,0,17.35,100,21.66,Weekday,Friday,Medium_Load
4.61,0,17.46,100,25.53,Weekday,Friday,Medium_Load
68.62,38.92,0.14,86.98,100,Weekday,Thursday,Maximum_Load
4.64,5.33,0,65.66,100,Weekday,Monday,Light_Load
2.95,0,12.02,100,23.84,Weekend,Sunday,Light_Load
3.85,4.43,0,65.6,100,Weekday,Wednesday,Light_Load
3.13,5.11,0,52.23,100,Weekend,Saturday,Light_Load
43.56,21.85,0,89.39,100,Weekday,Tuesday,Maximum_Load
55.48,21.74,0,93.11,100,Weekday,Wednesday,Medium_Load
3.24,3.85,0,64.39,100,Weekday,Monday,Light_Load
2.52,4.28,0,50.74,100,Weekday,Tuesday,Light_Load
60.23,34.38,0,86.85,100,Weekday,Friday,Medium_Load
3.02,3.82,0,62.02,100,Weekday,Tuesday,Light_Load
3.46,3.13,0,74.16,100,Weekend,Sunday,Light_Load
4.25,3.96,0,73.16,100,Weekday,Monday,Light_Load
52.63,31.97,0,85.47,100,Weekday,Monday,Light_Load
2.74,4.39,0,52.95,100,Weekday,Wednesday,Light_Load
51.37,10.37,0,98.02,100,Weekday,Friday,Medium_Load
4.36,0,16.42,100,25.66,Weekday,Friday,Medium_Load
3.64,0,21.24,100,16.89,Weekday,Thursday,Light_Load
6.84,0.76,12.71,99.39,47.39,Weekday,Monday,Medium_Load
4.1,0,18.86,100,21.24,Weekend,Saturday,Light_Load
99.11,33.41,0,94.76,100,Weekday,Tuesday,Maximum_Load
101.38,37.22,2.3,93.87,99.97,Weekday,Friday,Medium_Load
2.92,0,5.04,100,50.13,Weekend,Sunday,Light_Load
55.44,25.09,0,91.1,100,Weekday,Friday,Medium_Load
3.38,0,14.9,100,22.12,Weekend,Saturday,Light_Load
59,38.48,0,83.76,100,Weekday,Tuesday,Maximum_Load
3.2,4.64,0,56.77,100,Weekday,Wednesday,Light_Load
2.88,3.02,0,69.01,100,Weekday,Monday,Light_Load
3.92,0,24.41,100,15.86,Weekday,Wednesday,Light_Load
41.47,4.64,0.72,99.38,99.98,Weekday,Thursday,Medium_Load
51.73,27.76,0,88.11,100,Weekday,Tuesday,Maximum_Load
2.74,3.6,0,60.56,100,Weekend,Saturday,Light_Load
37.3,10.15,0,96.49,100,Weekday,Thursday,Maximum_Load
4.1,3.89,0,72.54,100,Weekend,Saturday,Light_Load
61.74,25.85,0,92.24,100,Weekday,Monday,Medium_Load
38.12,41.11,0,67.99,100,Weekday,Monday,Light_Load
2.95,4.25,0,57.02,100,Weekday,Tuesday,Light_Load
2.52,4.1,0,52.36,100,Weekday,Tuesday,Light_Load
3.78,6.91,0,47.99,100,Weekday,Thursday,Medium_Load
3.38,6.26,0,47.51,100,Weekend,Sunday,Light_Load
31.1,29.7,0,72.32,100,Weekend,Sunday,Light_Load
64.87,31.5,0,89.96,100,Weekday,Thursday,Maximum_Load
4.54,0,16.24,100,26.92,Weekday,Monday,Medium_Load
58.86,33.37,0,86.99,100,Weekday,Tuesday,Medium_Load
52.02,7.06,0.72,99.09,99.99,Weekday,Wednesday,Medium_Load
113.44,60.52,0,88.23,100,Weekday,Friday,Maximum_Load
2.92,4.5,0,54.43,100,Weekday,Monday,Light_Load
3.13,2.99,0,72.31,100,Weekend,Sunday,Light_Load
48.02,5.9,0,99.25,100,Weekday,Friday,Maximum_Load
2.66,5.76,0,41.93,100,Weekday,Monday,Light_Load
4.07,0,17.17,100,23.06,Weekday,Thursday,Medium_Load
75.28,31,0,92.47,100,Weekday,Thursday,Maximum_Load
5.94,5.44,0,73.75,100,Weekday,Wednesday,Light_Load
29.09,24.37,0,76.66,100,Weekday,Friday,Light_Load
6.66,5.26,0,78.48,100,Weekday,Tuesday,Light_Load
4.75,4.75,0,70.71,100,Weekday,Monday,Light_Load
63.86,25.49,0,92.87,100,Weekday,Wednesday,Medium_Load
2.92,5.33,0,48.05,100,Weekend,Saturday,Light_Load
3.02,3.06,0,70.24,100,Weekday,Wednesday,Light_Load
3.71,0,6.08,100,52.09,Weekend,Saturday,Medium_Load
3.74,3.53,0,72.72,100,Weekend,Sunday,Light_Load
22.46,3.2,6.37,99,96.21,Weekend,Saturday,Maximum_Load
3.42,4.57,0,59.92,100,Weekday,Thursday,Light_Load
2.88,2.81,0,71.58,100,Weekday,Monday,Light_Load
3.49,6.48,0,47.42,100,Weekday,Thursday,Medium_Load
28.37,2.16,7.52,99.71,96.66,Weekday,Monday,Medium_Load
2.88,5.62,0,45.61,100,Weekday,Monday,Light_Load
3.06,3.67,0,64.04,100,Weekday,Monday,Light_Load
2.92,5.94,0,44.12,100,Weekday,Friday,Light_Load
29.23,19.91,0.07,82.65,100,Weekend,Saturday,Light_Load
3.71,7.49,0,44.39,100,Weekday,Thursday,Light_Load
3.71,3.31,0,74.62,100,Weekend,Saturday,Light_Load
49.43,2.95,1.91,99.82,99.93,Weekday,Wednesday,Medium_Load
3.35,0,13.57,100,23.97,Weekday,Monday,Light_Load
58.9,37.87,0,84.11,100,Weekday,Wednesday,Maximum_Load
5.18,8.32,0,52.85,100,Weekday,Thursday,Light_Load
4.93,3.71,0,79.9,100,Weekend,Sunday,Light_Load
2.81,4.86,0,50.05,100,Weekday,Wednesday,Light_Load
6.26,0,18.22,100,32.49,Weekday,Wednesday,Medium_Load
3.06,0,13.93,100,21.46,Weekend,Sunday,Medium_Load
3.31,3.78,0,65.88,100,Weekday,Wednesday,Medium_Load
4.75,0,9.47,100,44.83,Weekend,Sunday,Maximum_Load
117.18,49.5,0,92.12,100,Weekday,Thursday,Medium_Load
3.28,4.36,0,60.12,100,Weekend,Saturday,Light_Load
62.5,20.99,0,94.8,100,Weekend,Saturday,Medium_Load
3.49,0,16.78,100,20.36,Weekend,Sunday,Medium_Load
4.14,3.96,0,72.26,100,Weekend,Saturday,Light_Load
30.06,0,4.93,100,98.68,Weekend,Saturday,Maximum_Load
28.69,0.22,2.77,100,99.54,Weekday,Friday,Medium_Load
55.87,26.89,0,90.11,100,Weekday,Monday,Medium_Load
81.79,32.51,0,92.93,100,Weekday,Wednesday,Maximum_Load
3.56,5.26,0,56.05,100,Weekday,Wednesday,Light_Load
3.2,4.07,0,61.81,100,Weekday,Monday,Light_Load
51.73,13.82,0,96.61,100,Weekday,Wednesday,Maximum_Load
2.66,4.93,0,47.48,100,Weekday,Monday,Light_Load
4.07,6.37,0,53.84,100,Weekday,Friday,Light_Load
3.67,0,26.39,100,13.77,Weekday,Friday,Medium_Load
2.59,4.97,0.04,46.21,99.99,Weekend,Sunday,Light_Load
3.24,3.38,0.22,69.2,99.77,Weekday,Monday,Light_Load
136.3,56.99,0,92.26,100,Weekday,Thursday,Medium_Load
3.71,3.2,0.04,75.72,99.99,Weekday,Wednesday,Light_Load
3.64,5.15,0,57.72,100,Weekend,Saturday,Light_Load
56.95,35.17,0,85.08,100,Weekday,Friday,Maximum_Load
39.74,43.02,0,67.85,100,Weekday,Monday,Light_Load
3.35,0,14.08,100,23.15,Weekday,Monday,Light_Load
52.78,58.28,0,67.13,100,Weekday,Thursday,Light_Load
3.49,0,13.1,100,25.74,Weekend,Saturday,Medium_Load
3.13,4.18,0,59.94,100,Weekday,Tuesday,Light_Load
8.86,3.67,0.04,92.39,100,Weekday,Friday,Light_Load
71.03,33.37,0,90.51,100,Weekday,Monday,Medium_Load
4.82,0,24.59,100,19.24,Weekend,Sunday,Light_Load
52.06,30.82,0,86.05,100,Weekday,Tuesday,Medium_Load
3.13,2.09,0.18,83.16,99.84,Weekend,Sunday,Light_Load
3.92,0,20.74,100,18.57,Weekend,Saturday,Light_Load
4.1,0,16.78,100,23.74,Weekend,Sunday,Light_Load
4.61,4.68,0,70.18,100,Weekday,Friday,Light_Load
4.25,3.82,0,74.37,100,Weekday,Monday,Light_Load
101.48,50.36,0,89.58,100,Weekday,Thursday,Maximum_Load
2.84,0,10.51,100,26.09,Weekday,Monday,Light_Load
4,0,26.6,100,14.87,Weekend,Saturday,Medium_Load
4.72,4.93,0,69.16,100,Weekday,Tuesday,Light_Load
45.58,4.39,0.04,99.54,100,Weekday,Friday,Maximum_Load
2.66,4.64,0,49.73,100,Weekday,Tuesday,Light_Load
31.68,0.36,7.09,99.99,97.59,Weekday,Thursday,Medium_Load
3.64,3.96,0,67.67,100,Weekday,Tuesday,Light_Load
3.17,5.98,0,46.84,100,Weekday,Thursday,Light_Load
2.81,5.83,0,43.42,100,Weekend,Saturday,Light_Load
3.96,6.62,0,51.34,100,Weekend,Saturday,Light_Load
2.77,5.04,0,48.17,100,Weekday,Thursday,Light_Load
102.46,34.09,0,94.89,100,Weekday,Monday,Medium_Load
3.78,0,8.35,100,41.24,Weekday,Wednesday,Medium_Load
2.88,0,4.64,100,52.74,Weekday,Friday,Light_Load
68.04,48.38,0,81.5,100,Weekday,Friday,Light_Load
3.74,7.49,0,44.67,100,Weekend,Saturday,Light_Load
7.31,0,22.68,100,30.68,Weekday,Friday,Medium_Load
87.8,32.51,0,93.78,100,Weekday,Friday,Medium_Load
139.39,58.9,0,92.11,100,Weekday,Monday,Maximum_Load
37.08,27.29,0,80.54,100,Weekday,Tuesday,Light_Load
48.06,24.23,0,89.29,100,Weekday,Friday,Maximum_Load
2.92,4.43,0,55.03,100,Weekday,Monday,Light_Load
89.39,56.88,0,84.37,100,Weekday,Thursday,Maximum_Load
51.12,50.8,0,70.93,100,Weekday,Friday,Light_Load
2.77,5.58,0,44.46,100,Weekday,Thursday,Light_Load
36.4,26.06,0,81.31,100,Weekday,Tuesday,Light_Load
93.85,34.45,0,93.88,100,Weekday,Thursday,Medium_Load
24.44,25.42,0,69.31,100,Weekday,Monday,Maximum_Load
3.06,5.83,0,46.47,100,Weekday,Wednesday,Light_Load
3.67,6.23,0,50.76,100,Weekday,Thursday,Light_Load
2.81,5.62,0,44.72,100,Weekday,Thursday,Light_Load
3.35,3.82,0,65.93,100,Weekday,Tuesday,Light_Load
4.32,0,21.71,100,19.52,Weekend,Sunday,Light_Load
3.24,2.34,0.11,81.07,99.94,Weekday,Friday,Light_Load
37.01,7.24,0,98.14,100,Weekend,Sunday,Medium_Load
105.73,74.16,0,81.87,100,Weekday,Thursday,Light_Load
35.75,27.94,0,78.79,100,Weekday,Thursday,Light_Load
41.58,31.39,0,79.81,100,Weekday,Tuesday,Light_Load
70.02,38.05,0,87.86,100,Weekday,Monday,Maximum_Load
92.81,39.02,0,92.18,100,Weekday,Wednesday,Medium_Load
56.77,19.73,0,94.46,100,Weekday,Monday,Medium_Load
112.93,52.81,0,90.58,100,Weekday,Monday,Maximum_Load
3.31,6.52,0,45.27,100,Weekday,Wednesday,Light_Load
65.66,35.32,0,88.07,100,Weekday,Tuesday,Medium_Load
3.28,0,13.79,100,23.14,Weekend,Sunday,Light_Load
4.68,4.79,0,69.88,100,Weekday,Thursday,Light_Load
56.74,20.77,0,93.91,100,Weekday,Friday,Light_Load
2.66,4.21,0,53.41,100,Weekday,Wednesday,Light_Load
34.27,3.71,1.84,99.42,99.86,Weekend,Saturday,Maximum_Load
5.29,5.58,0,68.8,100,Weekday,Wednesday,Light_Load
3.2,0,16.92,100,18.58,Weekday,Tuesday,Light_Load
3.38,5.58,0,51.81,100,Weekday,Thursday,Light_Load
3.74,6.08,0,52.39,100,Weekday,Wednesday,Light_Load
21.28,0.76,16.78,99.94,78.52,Weekday,Monday,Medium_Load
3.6,0,15.37,100,22.81,Weekend,Sunday,Light_Load
4.9,0,16.2,100,28.95,Weekday,Friday,Medium_Load
3.02,5.76,0,46.44,100,Weekend,Saturday,Light_Load
61.56,22.14,5.4,94.1,99.62,Weekday,Monday,Maximum_Load
98.35,20.84,0.36,97.83,100,Weekday,Tuesday,Maximum_Load
90.07,39.89,0,91.43,100,Weekday,Friday,Maximum_Load
3.06,1.87,0.4,85.33,99.16,Weekday,Wednesday,Light_Load
80.1,65.7,0,77.32,100,Weekday,Tuesday,Light_Load
50.36,20.88,0,92.37,100,Weekday,Monday,Maximum_Load
3.38,0,17.5,100,18.96,Weekend,Sunday,Medium_Load
3.46,5.47,0,53.46,100,Weekday,Thursday,Medium_Load
3.89,3.06,0.22,78.6,99.84,Weekday,Friday,Light_Load
3.06,5.83,0,46.47,100,Weekday,Wednesday,Light_Load
64.51,33.59,0,88.7,100,Weekday,Monday,Maximum_Load
4,6.19,0,54.27,100,Weekday,Monday,Light_Load
2.77,3.85,0,58.4,100,Weekend,Saturday,Light_Load
60.19,39.67,0,83.5,100,Weekday,Friday,Light_Load
4.97,0,27.07,100,18.06,Weekend,Sunday,Light_Load
90.79,46.73,0,88.91,100,Weekday,Tuesday,Maximum_Load
94.97,44.64,0,90.5,100,Weekday,Friday,Maximum_Load
34.7,0.58,5.94,99.99,98.57,Weekday,Friday,Medium_Load
4,5.15,0,61.34,100,Weekday,Thursday,Light_Load
2.95,4.61,0,53.9,100,Weekday,Thursday,Light_Load
3.1,2.59,0,76.74,100,Weekend,Saturday,Light_Load
64.91,67.97,0,69.06,100,Weekday,Wednesday,Light_Load
4.46,5.18,0,65.25,100,Weekday,Monday,Light_Load
2.56,4.46,0,49.78,100,Weekend,Sunday,Light_Load
37.62,25.99,0,82.28,100,Weekday,Friday,Maximum_Load
3.74,4.64,0,62.76,100,Weekday,Tuesday,Light_Load
2.77,5.94,0,42.26,100,Weekend,Saturday,Light_Load
32.04,10.94,0,94.64,100,Weekday,Monday,Medium_Load
4.18,3.46,0.07,77.03,99.99,Weekday,Friday,Light_Load
3.02,5.51,0,48.06,100,Weekend,Saturday,Light_Load
3.64,0,16.7,100,21.3,Weekend,Sunday,Light_Load
45.83,11.09,0,97.19,100,Weekday,Friday,Maximum_Load
2.92,0,10.91,100,25.85,Weekday,Monday,Light_Load
25.31,9.86,0,93.18,100,Weekend,Saturday,Maximum_Load
98.28,41.98,0,91.96,100,Weekday,Thursday,Maximum_Load
3.1,0,16.6,100,18.36,Weekday,Wednesday,Medium_Load
106.74,42.41,0,92.93,100,Weekday,Thursday,Medium_Load
2.77,0,10.55,100,25.4,Weekday,Monday,Light_Load
41.18,15.19,0,93.82,100,Weekday,Friday,Maximum_Load
47.77,1.84,4,99.93,99.65,Weekend,Saturday,Maximum_Load
7.88,0,12.35,100,53.79,Weekday,Thursday,Medium_Load
43.67,13.18,0,95.73,100,Weekday,Monday,Maximum_Load
53.75,39.89,0,80.3,100,Weekday,Thursday,Maximum_Load
92.38,25.16,0.14,96.49,100,Weekday,Friday,Medium_Load
3.1,0,17.1,100,17.84,Weekend,Sunday,Light_Load
3.31,3.71,0,66.57,100,Weekday,Tuesday,Light_Load
39.53,5.94,1.37,98.89,99.94,Weekend,Saturday,Medium_Load
5,0,26.71,100,18.4,Weekday,Tuesday,Medium_Load
39.82,3.92,0.58,99.52,99.99,Weekday,Thursday,Medium_Load
3.38,2.48,0.04,80.63,99.99,Weekend,Sunday,Light_Load
39.53,16.31,0.72,92.44,99.98,Weekday,Friday,Medium_Load
4.57,4.46,0,71.57,100,Weekday,Thursday,Light_Load
47.66,35.53,0,80.17,100,Weekday,Friday,Maximum_Load
68.04,46.08,0,82.8,100,Weekday,Thursday,Medium_Load
2.81,0,7.2,100,36.36,Weekend,Sunday,Light_Load
27.72,0,9.18,100,94.93,Weekday,Friday,Medium_Load
39.28,30.1,0,79.37,100,Weekend,Saturday,Light_Load
40.64,6.44,0.04,98.77,100,Weekday,Wednesday,Medium_Load
3.28,5.15,0,53.72,100,Weekday,Monday,Light_Load
6.88,0,23.76,100,27.81,Weekend,Saturday,Medium_Load
3.71,3.49,0,72.84,100,Weekday,Thursday,Light_Load
36.47,17.64,0.76,90.02,99.98,Weekday,Wednesday,Medium_Load
46.44,46.91,0,70.35,100,Weekday,Thursday,Light_Load
70.81,29.34,0,92.38,100,Weekday,Wednesday,Maximum_Load
71.68,25.88,0,94.06,100,Weekend,Saturday,Maximum_Load
5.83,5.98,0,69.81,100,Weekend,Sunday,Light_Load
88.16,23.51,0,96.62,100,Weekday,Monday,Maximum_Load
2.74,5.4,0,45.25,100,Weekday,Monday,Light_Load
3.28,4.72,0,57.07,100,Weekend,Saturday,Light_Load
2.77,3.96,0,57.32,100,Weekend,Sunday,Light_Load
2.84,4.25,0,55.56,100,Weekday,Monday,Light_Load
104.47,41.83,0,92.83,100,Weekend,Saturday,Maximum_Load
2.99,5.76,0,46.07,100,Weekday,Friday,Light_Load
5.54,8.14,0,56.26,100,Weekend,Saturday,Light_Load
29.48,8.42,0,96.15,100,Weekend,Sunday,Maximum_Load
51.55,31.93,0,85.01,100,Weekend,Saturday,Light_Load
47.7,29.34,0,85.18,100,Weekday,Tuesday,Medium_Load
5.44,0,21.2,100,24.86,Weekday,Tuesday,Medium_Load
4.21,0,26.6,100,15.63,Weekday,Friday,Medium_Load
5.69,3.64,4,84.24,81.81,Weekday,Monday,Medium_Load
5.44,3.6,0,83.39,100,Weekend,Sunday,Maximum_Load
3.1,5.9,0,46.51,100,Weekend,Sunday,Light_Load
3.31,0,19.62,100,16.64,Weekend,Sunday,Light_Load
2.92,4.28,0,56.36,100,Weekday,Wednesday,Light_Load
3.1,5.15,0,51.57,100,Weekday,Friday,Light_Load
2.95,0,11.34,100,25.18,Weekend,Sunday,Light_Load
3.35,0,5.87,100,49.57,Weekday,Monday,Light_Load
3.56,4.54,0,61.71,100,Weekday,Thursday,Light_Load
3.24,2.63,0,77.64,100,Weekday,Friday,Light_Load
28.33,0,13.07,100,90.8,Weekday,Thursday,Medium_Load
3.46,4.54,0,60.61,100,Weekend,Sunday,Light_Load
41,15.19,3.42,93.77,99.65,Weekday,Thursday,Maximum_Load
2.92,5.76,0,45.22,100,Weekday,Wednesday,Light_Load
2.77,5.62,0,44.21,100,Weekend,Sunday,Medium_Load
5.04,3.2,0.47,84.42,99.57,Weekday,Wednesday,Maximum_Load
113.18,67.18,0,85.99,100,Weekday,Thursday,Maximum_Load
66.24,33.73,0,89.11,100,Weekday,Thursday,Medium_Load
2.95,0,14.44,100,20.02,Weekend,Saturday,Medium_Load
110.77,40.79,0,93.84,100,Weekday,Wednesday,Medium_Load
2.77,4.64,0,51.26,100,Weekday,Wednesday,Light_Load
2.59,4.25,0,52.04,100,Weekday,Tuesday,Light_Load
2.88,4.25,0,56.1,100,Weekday,Tuesday,Light_Load
59.54,28.66,0,90.1,100,Weekday,Tuesday,Maximum_Load
34.88,14.83,1.22,92.03,99.94,Weekday,Friday,Medium_Load
67.61,38.05,0,87.15,100,Weekday,Thursday,Medium_Load
3.85,0,16.85,100,22.27,Weekend,Sunday,Light_Load
3.28,5.18,0,53.5,100,Weekday,Thursday,Light_Load
41.15,6.91,0.47,98.62,99.99,Weekday,Tuesday,Maximum_Load
4.61,5.22,0,66.2,100,Weekday,Tuesday,Light_Load
43.88,20.66,0,90.47,100,Weekend,Saturday,Maximum_Load
55.58,35.1,0,84.55,100,Weekday,Thursday,Maximum_Load
4,3.13,0.22,78.75,99.85,Weekend,Saturday,Light_Load
2.74,3.85,0,57.98,100,Weekday,Monday,Light_Load
3.02,4.57,0,55.13,100,Weekday,Thursday,Light_Load
59.4,44.71,0,79.9,100,Weekday,Monday,Maximum_Load
3.38,0.86,10.55,96.91,30.51,Weekday,Thursday,Medium_Load
2.99,0,16.99,100,17.33,Weekend,Sunday,Light_Load
4.61,4.39,0,72.42,100,Weekend,Saturday,Maximum_Load
39.2,1.66,0.04,99.91,100,Weekday,Wednesday,Maximum_Load
88.45,42.16,0,90.27,100,Weekend,Saturday,Light_Load
58.75,20.74,0,94.3,100,Weekday,Wednesday,Medium_Load
59.9,25.06,0,92.25,100,Weekday,Wednesday,Light_Load
67.46,36.43,0,87.99,100,Weekday,Friday,Maximum_Load
3.56,0,17.17,100,20.3,Weekend,Sunday,Light_Load
45.68,17.28,0,93.53,100,Weekday,Friday,Maximum_Load
3.2,4.57,0,57.36,100,Weekday,Wednesday,Light_Load
4.79,0,20.52,100,22.73,Weekend,Saturday,Maximum_Load
3.2,4.5,0,57.95,100,Weekday,Tuesday,Light_Load
3.78,7.74,0,43.88,100,Weekend,Saturday,Light_Load
2.95,0,14.36,100,20.12,Weekend,Sunday,Light_Load
4.07,0,9.04,100,41.05,Weekend,Saturday,Medium_Load
3.49,7.85,0,40.62,100,Weekday,Wednesday,Light_Load
3.42,0,17.17,100,19.53,Weekday,Wednesday,Light_Load
3.31,3.42,0,69.55,100,Weekday,Friday,Light_Load
3.49,0,14.22,100,23.84,Weekend,Saturday,Light_Load
84.71,14.15,1.01,98.63,99.99,Weekday,Friday,Maximum_Load
3.71,0,15.3,100,23.57,Weekend,Sunday,Light_Load
4.28,0,17.82,100,23.35,Weekday,Monday,Medium_Load
3.1,6.05,0,45.6,100,Weekday,Tuesday,Light_Load
58.75,55.84,0,72.48,100,Weekday,Wednesday,Light_Load
89.57,15.84,0,98.47,100,Weekend,Saturday,Maximum_Load
4.79,6.16,0,61.39,100,Weekend,Sunday,Light_Load
116.24,65.95,0,86.98,100,Weekday,Monday,Maximum_Load
3.82,0,18.22,100,20.52,Weekend,Saturday,Light_Load
2.77,5.72,0,43.58,100,Weekday,Friday,Light_Load
7.24,0,20.92,100,32.7,Weekday,Monday,Medium_Load
6.01,8.1,0,59.59,100,Weekend,Saturday,Light_Load
3.2,4.32,0,59.52,100,Weekend,Sunday,Light_Load
2.52,4.75,0,46.87,100,Weekend,Saturday,Light_Load
43.52,2.05,0.14,99.89,100,Weekday,Wednesday,Medium_Load
100.58,27.36,0,96.49,100,Weekday,Thursday,Light_Load
50.15,17.78,0,94.25,100,Weekday,Friday,Maximum_Load
3.02,0,11.41,100,25.59,Weekend,Sunday,Light_Load
3.24,0,17.21,100,18.5,Weekend,Saturday,Light_Load
41.54,16.38,0.79,93.03,99.98,Weekday,Thursday,Maximum_Load
5.29,0,26.42,100,19.63,Weekday,Tuesday,Medium_Load
52.78,37.44,0,81.56,100,Weekday,Wednesday,Maximum_Load
3.82,0,11.84,100,30.7,Weekend,Sunday,Medium_Load
2.74,4.97,0,48.28,100,Weekday,Wednesday,Light_Load
3.46,0,14.98,100,22.5,Weekend,Sunday,Light_Load
2.81,0,4.72,100,51.15,Weekday,Friday,Light_Load
4.82,0,7.78,100,52.67,Weekend,Sunday,Light_Load
5.22,0,25.78,100,19.85,Weekday,Wednesday,Medium_Load
3.56,4,0,66.48,100,Weekend,Saturday,Light_Load
2.99,3.53,0,64.63,100,Weekend,Saturday,Light_Load
3.38,0,16.96,100,19.54,Weekday,Friday,Light_Load
3.24,0,14.11,100,22.38,Weekend,Sunday,Light_Load
3.64,6.62,0,48.18,100,Weekday,Friday,Light_Load
40.57,8.28,0,97.98,100,Weekday,Thursday,Maximum_Load
2.95,4.9,0,51.58,100,Weekday,Wednesday,Light_Load
2.84,5.47,0,46.08,100,Weekday,Friday,Light_Load
3.74,5.51,0,56.16,100,Weekday,Tuesday,Light_Load
2.95,5.65,0,46.28,100,Weekend,Saturday,Light_Load
115.45,61.42,0,88.28,100,Weekday,Friday,Maximum_Load
2.99,3.71,0,62.75,100,Weekday,Thursday,Light_Load
81.43,34.56,0,92.05,100,Weekday,Thursday,Maximum_Load
56.74,33.44,0,86.15,100,Weekday,Thursday,Medium_Load
38.02,4.03,0.29,99.44,100,Weekday,Wednesday,Medium_Load
3.42,0,14.04,100,23.67,Weekend,Saturday,Light_Load
58.1,37.15,0,84.25,100,Weekday,Wednesday,Maximum_Load
32.29,30.46,0,72.74,100,Weekday,Wednesday,Light_Load
34.16,19.08,0,87.3,100,Weekend,Sunday,Maximum_Load
3.24,0,17.1,100,18.62,Weekday,Wednesday,Light_Load
98.96,34.02,0,94.57,100,Weekday,Wednesday,Medium_Load
3.06,3.1,0,70.25,100,Weekend,Sunday,Light_Load
2.66,5.08,0,46.39,100,Weekday,Thursday,Light_Load
3.06,0,4.72,100,54.4,Weekend,Saturday,Light_Load
3.42,6.16,0,48.54,100,Weekend,Saturday,Light_Load
5.33,0,27.65,100,18.93,Weekday,Thursday,Medium_Load
3.02,3.6,0,64.27,100,Weekday,Thursday,Light_Load
3.35,0,17.21,100,19.11,Weekend,Sunday,Light_Load
3.28,0,11.12,100,28.29,Weekend,Saturday,Medium_Load
2.92,5.29,0,48.33,100,Weekday,Friday,Light_Load
5.08,0,23.76,100,20.91,Weekday,Wednesday,Medium_Load
95.44,44.21,0,90.74,100,Weekday,Tuesday,Maximum_Load
26.57,0,12.78,100,90.12,Weekday,Friday,Maximum_Load
57.85,31.86,0,87.59,100,Weekday,Thursday,Medium_Load
4.1,0,22.1,100,18.24,Weekday,Monday,Light_Load
4.86,0,22.32,100,21.28,Weekday,Tuesday,Medium_Load
50.18,25.38,0,89.24,100,Weekday,Tuesday,Maximum_Load
34.27,4.07,1.94,99.3,99.84,Weekday,Friday,Maximum_Load
4.28,0,10.87,100,36.64,Weekend,Sunday,Medium_Load
60.62,27.47,0,91.08,100,Weekday,Monday,Maximum_Load
44.53,20.27,0,91.01,100,Weekday,Thursday,Medium_Load
2.81,5,0,48.99,100,Weekday,Friday,Light_Load
57.13,18.86,0,94.96,100,Weekday,Friday,Maximum_Load
4.79,5.08,0,68.6,100,Weekday,Friday,Light_Load
3.38,4.39,0,61.01,100,Weekend,Sunday,Light_Load
63.4,33.01,0,88.7,100,Weekday,Wednesday,Maximum_Load
69.52,36.97,0,88.29,100,Weekday,Thursday,Maximum_Load
2.95,0,12.2,100,23.5,Weekend,Sunday,Light_Load
3.42,0,13.97,100,23.78,Weekday,Tuesday,Light_Load
48.92,15.19,0,95.5,100,Weekend,Saturday,Maximum_Load
93.78,21.71,0.25,97.42,100,Weekend,Saturday,Medium_Load
5.54,6.7,0,63.72,100,Weekday,Tuesday,Light_Load
2.77,4.72,0,50.61,100,Weekday,Friday,Light_Load
8.78,0,26.53,100,31.42,Weekday,Monday,Medium_Load
59.62,32.94,0,87.53,100,Weekday,Friday,Maximum_Load
67.86,47.81,0,81.75,100,Weekday,Tuesday,Light_Load
3.6,4.21,0,64.99,100,Weekend,Sunday,Light_Load
3.82,4.36,0,65.9,100,Weekday,Tuesday,Light_Load
59.33,36.47,0,85.19,100,Weekday,Wednesday,Medium_Load
27.9,0,10.12,100,94.01,Weekend,Saturday,Medium_Load
3.67,4.64,0,62.04,100,Weekday,Friday,Light_Load
3.06,0,17.35,100,17.37,Weekend,Sunday,Light_Load
3.56,3.67,0,69.63,100,Weekday,Friday,Light_Load
51.41,14.54,0.07,96.23,100,Weekday,Wednesday,Medium_Load
2.74,4.86,0,49.11,100,Weekday,Monday,Light_Load
3.56,5.58,0,53.79,100,Weekday,Tuesday,Light_Load
4.07,4.18,0,69.76,100,Weekday,Wednesday,Light_Load
2.95,0,14.47,100,19.98,Weekend,Sunday,Light_Load
2.74,4.86,0,49.11,100,Weekday,Thursday,Light_Load
118.76,65.56,0,87.55,100,Weekday,Friday,Maximum_Load
30.67,3.78,2.84,99.25,99.57,Weekday,Tuesday,Medium_Load
42.8,7.06,0,98.67,100,Weekday,Friday,Medium_Load
57.78,31.82,0,87.6,100,Weekday,Tuesday,Maximum_Load
72.4,37.94,0,88.58,100,Weekday,Wednesday,Maximum_Load
4.43,0,19.58,100,22.07,Weekend,Saturday,Light_Load
6.08,0,25.56,100,23.14,Weekday,Thursday,Medium_Load
3.1,0,16.56,100,18.4,Weekend,Sunday,Light_Load
106.7,46.26,0,91.75,100,Weekday,Tuesday,Maximum_Load
3.17,3.85,0,63.56,100,Weekday,Tuesday,Light_Load
5.51,0,18.4,100,28.69,Weekend,Saturday,Light_Load
48.13,35.1,0,80.8,100,Weekday,Wednesday,Light_Load
61.81,33.84,0,87.71,100,Weekday,Monday,Maximum_Load
4.14,3.46,0.07,76.73,99.99,Weekend,Saturday,Light_Load
2.77,0,13.61,100,19.94,Weekday,Wednesday,Light_Load
42.3,0.54,1.15,99.99,99.96,Weekday,Tuesday,Medium_Load
3.67,0,17.32,100,20.73,Weekday,Monday,Medium_Load
3.71,0,18,100,20.19,Weekday,Monday,Light_Load
56.16,11.52,0,97.96,100,Weekday,Wednesday,Maximum_Load
3.71,0,24.91,100,14.73,Weekend,Saturday,Medium_Load
45.4,10.98,0.07,97.2,100,Weekday,Wednesday,Maximum_Load
3.06,5.22,0,50.57,100,Weekend,Saturday,Light_Load
2.95,5.22,0,49.2,100,Weekday,Thursday,Light_Load
32.29,24.19,0,80.03,100,Weekday,Thursday,Light_Load
3.64,5.87,0.14,52.7,99.93,Weekday,Monday,Medium_Load
3.56,3.71,0,69.24,100,Weekday,Tuesday,Light_Load
3.46,4.93,0,57.45,100,Weekday,Monday,Light_Load
2.74,4.75,0,49.97,100,Weekend,Sunday,Light_Load
3.1,4.1,0,60.31,100,Weekday,Thursday,Light_Load
3.78,0,25.52,100,14.65,Weekday,Monday,Medium_Load
86.4,30.24,0,94.39,100,Weekday,Friday,Medium_Load
3.13,4.43,0,57.7,100,Weekday,Wednesday,Light_Load
4.68,0,22.25,100,20.58,Weekend,Sunday,Light_Load
11.38,0.18,11.92,99.99,69.05,Weekday,Wednesday,Medium_Load
3.6,0,21.02,100,16.88,Weekday,Wednesday,Maximum_Load
2.56,4.9,0,46.31,100,Weekday,Thursday,Light_Load
3.64,2.63,0.07,81.06,99.98,Weekday,Monday,Light_Load
3.17,6.01,0,46.65,100,Weekday,Tuesday,Light_Load
2.81,5.76,0,43.85,100,Weekend,Saturday,Light_Load
62.21,28.98,0,90.65,100,Weekday,Wednesday,Maximum_Load
38.88,11.63,1.04,95.81,99.96,Weekday,Thursday,Maximum_Load
3.28,3.92,0,64.17,100,Weekend,Sunday,Light_Load
4.28,0,16.34,100,25.34,Weekend,Sunday,Light_Load
2.95,5.22,0,49.2,100,Weekday,Monday,Light_Load
39.56,29.56,0,80.11,100,Weekday,Friday,Light_Load
2.95,0,13.97,100,20.66,Weekend,Sunday,Light_Load
59.26,41.58,0,81.86,100,Weekday,Tuesday,Maximum_Load
98.78,33.26,0,94.77,100,Weekday,Friday,Medium_Load
52.92,23.69,0,91.27,100,Weekday,Wednesday,Maximum_Load
3.74,0,18.68,100,19.63,Weekend,Sunday,Light_Load
40.39,2.81,0.58,99.76,99.99,Weekday,Thursday,Medium_Load
2.77,3.71,0,59.83,100,Weekend,Saturday,Light_Load
95.65,37.55,0,93.08,100,Weekday,Wednesday,Medium_Load
3.42,2.23,0.14,83.77,99.92,Weekday,Tuesday,Light_Load
36.47,26.86,0,80.52,100,Weekday,Friday,Light_Load
116.28,51.62,0,91.4,100,Weekday,Friday,Maximum_Load
5.98,5.87,0,71.36,100,Weekday,Wednesday,Light_Load
4.07,5.69,0,58.18,100,Weekday,Wednesday,Light_Load
3.13,4.43,0,57.7,100,Weekday,Wednesday,Light_Load
88.88,25.81,0.14,96.03,100,Weekend,Saturday,Maximum_Load
91.33,34.27,0,93.63,100,Weekday,Friday,Medium_Load
3.13,0,16.6,100,18.53,Weekend,Sunday,Light_Load
69.62,23.58,0.29,94.71,100,Weekday,Friday,Medium_Load
36,6.34,0,98.48,100,Weekend,Sunday,Maximum_Load
91.55,24.62,0,96.57,100,Weekend,Saturday,Medium_Load
4.75,0,20.27,100,22.82,Weekend,Sunday,Light_Load
128.05,96.91,0,79.74,100,Weekday,Thursday,Light_Load
2.88,0,4.36,100,55.12,Weekend,Sunday,Light_Load
35.39,2.77,0.11,99.7,100,Weekend,Sunday,Maximum_Load
3.92,0,17.14,100,22.29,Weekday,Thursday,Medium_Load
78.7,54.68,0,82.12,100,Weekday,Thursday,Medium_Load
59.29,45.61,0,79.26,100,Weekday,Wednesday,Maximum_Load
106.7,37.51,0,94.34,100,Weekday,Thursday,Medium_Load
4.14,3.2,0.22,79.12,99.86,Weekend,Sunday,Light_Load
34.02,4.97,0.29,98.95,100,Weekend,Sunday,Medium_Load
3.06,5.22,0,50.57,100,Weekend,Sunday,Light_Load
6.84,4.46,0,83.77,100,Weekday,Monday,Light_Load
2.95,5.8,0,45.34,100,Weekday,Friday,Light_Load
73.51,39.38,0,88.15,100,Weekday,Wednesday,Maximum_Load
3.02,5.11,0,50.88,100,Weekday,Tuesday,Light_Load
64.76,30.64,0,90.39,100,Weekday,Friday,Medium_Load
67.86,35.89,0,88.4,100,Weekday,Friday,Light_Load
4.97,0,26.17,100,18.66,Weekend,Sunday,Light_Load
3.82,4.25,0,66.85,100,Weekday,Tuesday,Light_Load
3.17,3.64,0,65.67,100,Weekday,Monday,Light_Load
62.39,24.3,0,93.18,100,Weekday,Tuesday,Medium_Load
6.26,0,22.46,100,26.85,Weekend,Sunday,Maximum_Load
3.02,4.5,0,55.73,100,Weekend,Sunday,Light_Load
2.77,3.78,0,59.11,100,Weekday,Monday,Light_Load
105.95,50.22,0,90.36,100,Weekday,Tuesday,Maximum_Load
4.97,8.68,0,49.69,100,Weekday,Monday,Maximum_Load
102.82,30.46,0,95.88,100,Weekday,Thursday,Medium_Load
93.85,64.73,0,82.32,100,Weekday,Wednesday,Light_Load
3.1,0,16.81,100,18.14,Weekend,Sunday,Light_Load
64.8,33.3,0,88.94,100,Weekday,Wednesday,Medium_Load
5.54,0,21.1,100,25.4,Weekday,Friday,Maximum_Load
5.44,0,24.66,100,21.54,Weekday,Thursday,Medium_Load
3.85,5.47,0,57.56,100,Weekday,Friday,Light_Load
91.69,14.98,0,98.69,100,Weekday,Friday,Maximum_Load
34.85,25.74,0,80.44,100,Weekday,Wednesday,Maximum_Load
2.88,4,0,58.43,100,Weekday,Tuesday,Light_Load
2.84,5.18,0,48.07,100,Weekend,Sunday,Light_Load
96.01,31.32,0,95.07,100,Weekend,Saturday,Maximum_Load
2.92,0,11.27,100,25.08,Weekend,Sunday,Light_Load
3.56,0,17.68,100,19.74,Weekend,Sunday,Light_Load
123.3,51.34,0,92.32,100,Weekday,Thursday,Maximum_Load
100.26,33.44,0,94.86,100,Weekday,Friday,Medium_Load
4.03,2.99,0.58,80.31,98.98,Weekday,Wednesday,Maximum_Load
6.3,4.57,0,80.95,100,Weekday,Tuesday,Light_Load
2.81,4.64,0,51.8,100,Weekend,Saturday,Medium_Load
68.54,9.36,0.83,99.08,99.99,Weekday,Tuesday,Medium_Load
4.36,0,16.96,100,24.9,Weekday,Wednesday,Medium_Load
3.35,5.51,0,51.95,100,Weekday,Tuesday,Light_Load
2.74,4.72,0,50.2,100,Weekday,Tuesday,Light_Load
2.59,3.92,0.47,55.13,98.39,Weekday,Thursday,Light_Load
29.16,0,6.19,100,97.82,Weekday,Tuesday,Medium_Load
3.42,4.72,0,58.67,100,Weekday,Wednesday,Medium_Load
3.13,2.74,0,75.24,100,Weekend,Saturday,Light_Load
6.01,5.04,0,76.62,100,Weekend,Saturday,Light_Load
114.8,40.25,0,94.37,100,Weekday,Tuesday,Maximum_Load
3.35,2.48,0,80.37,100,Weekday,Monday,Light_Load
5.47,5.51,0,70.45,100,Weekday,Wednesday,Light_Load
91.73,40.5,0,91.48,100,Weekday,Monday,Medium_Load
58.97,21.24,0,94.08,100,Weekday,Tuesday,Maximum_Load
4.07,3.28,0,77.86,100,Weekend,Sunday,Light_Load
40.43,14.33,0,94.25,100,Weekday,Monday,Maximum_Load
3.85,0,18.47,100,20.41,Weekend,Saturday,Light_Load
80.82,35.89,0,91.39,100,Weekday,Friday,Maximum_Load
3.02,3.6,0,64.27,100,Weekday,Monday,Light_Load
2.77,0,12.06,100,22.39,Weekday,Tuesday,Light_Load
95.08,40.14,0,92.13,100,Weekday,Wednesday,Maximum_Load
3.06,0,16.31,100,18.44,Weekend,Sunday,Light_Load
2.95,5.51,0,47.2,100,Weekend,Saturday,Medium_Load
62.06,29.52,0,90.3,100,Weekday,Friday,Maximum_Load
95.08,35.39,0,93.72,100,Weekday,Tuesday,Maximum_Load
88.63,48.24,0,87.83,100,Weekday,Monday,Medium_Load
6.19,5.69,0,73.62,100,Weekday,Thursday,Light_Load
3.2,6.08,0,46.57,100,Weekday,Wednesday,Light_Load
55.19,22,0.32,92.89,100,Weekday,Thursday,Medium_Load
2.95,4.61,0,53.9,100,Weekend,Sunday,Light_Load
3.02,3.78,0,62.42,100,Weekday,Monday,Light_Load
119.34,50.4,0,92.12,100,Weekday,Monday,Maximum_Load
2.88,3.71,0,61.32,100,Weekday,Tuesday,Light_Load
3.2,4.39,0,58.9,100,Weekday,Friday,Light_Load
3.1,4.36,0,57.95,100,Weekday,Monday,Light_Load
61.09,20.81,0,94.66,100,Weekday,Monday,Maximum_Load
4.03,4,0,70.97,100,Weekday,Thursday,Light_Load
4.61,5.54,0,63.96,100,Weekday,Tuesday,Light_Load
2.99,0,17.42,100,16.92,Weekend,Saturday,Light_Load
2.95,5.51,0,47.2,100,Weekday,Thursday,Light_Load
28.94,0,7.56,100,96.75,Weekday,Friday,Medium_Load
3.02,0,17.32,100,17.18,Weekend,Saturday,Light_Load
3.06,3.53,0,65.5,100,Weekday,Monday,Light_Load
4.43,0,18,100,23.9,Weekend,Saturday,Medium_Load
4.82,2.81,0,86.39,100,Weekday,Friday,Light_Load
67.07,29.95,0,91.31,100,Weekday,Thursday,Maximum_Load
3.89,3.06,0,78.6,100,Weekday,Monday,Light_Load
73.66,30.56,0,92.37,100,Weekday,Wednesday,Medium_Load
29.05,14.08,0,89.99,100,Weekday,Friday,Medium_Load
4.57,0,19.19,100,23.17,Weekend,Sunday,Medium_Load
47.45,25.49,0,88.09,100,Weekday,Thursday,Medium_Load
36.54,24.84,0,82.7,100,Weekend,Saturday,Light_Load
4.72,5.29,0,66.58,100,Weekday,Tuesday,Light_Load
2.77,5.47,0,45.18,100,Weekday,Friday,Light_Load
34.45,30.38,0,75,100,Weekend,Saturday,Light_Load
3.6,0,17.35,100,20.32,Weekday,Wednesday,Medium_Load
35.96,3.89,0.25,99.42,100,Weekday,Wednesday,Medium_Load
2.95,4.14,0,58.03,100,Weekday,Tuesday,Light_Load
2.74,5,0,48.06,100,Weekend,Sunday,Light_Load
3.28,5.69,0,49.94,100,Weekend,Saturday,Light_Load
65.77,32.08,0,89.88,100,Weekday,Monday,Maximum_Load
2.74,3.13,0,65.87,100,Weekend,Sunday,Light_Load
2.92,3.02,0,69.51,100,Weekend,Sunday,Light_Load
2.77,4.97,0,48.68,100,Weekend,Sunday,Light_Load
2.95,4.46,0,55.17,100,Weekend,Sunday,Light_Load
2.48,4.9,0,45.16,100,Weekend,Sunday,Light_Load
36.79,11.38,0.14,95.53,100,Weekday,Thursday,Light_Load
5.26,0,24.37,100,21.1,Weekday,Wednesday,Medium_Load
35.96,3.35,0.04,99.57,100,Weekday,Monday,Medium_Load
29.23,1.44,2.92,99.88,99.5,Weekday,Thursday,Medium_Load
29.88,7.45,0,97.03,100,Weekday,Tuesday,Medium_Load
96.19,49.68,0,88.85,100,Weekday,Friday,Medium_Load
3.1,5.51,0,49.03,100,Weekday,Tuesday,Light_Load
36.61,7.49,1.22,97.97,99.94,Weekday,Monday,Maximum_Load
2.77,5.18,0,47.16,100,Weekend,Sunday,Light_Load
60.01,23.22,0,93.26,100,Weekday,Thursday,Maximum_Load
50.69,13.9,0,96.44,100,Weekday,Tuesday,Maximum_Load
5.58,2.74,0.25,89.76,99.9,Weekday,Monday,Light_Load
4.9,5.65,0,65.52,100,Weekend,Saturday,Maximum_Load
64.15,37.94,0.4,86.07,100,Weekday,Tuesday,Medium_Load
2.92,4.46,0,54.78,100,Weekday,Monday,Light_Load
52.38,29.34,0,87.25,100,Weekday,Friday,Maximum_Load
3.31,0,14.83,100,21.78,Weekend,Saturday,Medium_Load
117.29,48.02,0,92.54,100,Weekday,Friday,Medium_Load
61.74,30.89,0,89.43,100,Weekday,Thursday,Medium_Load
2.81,0,5.33,100,46.64,Weekend,Saturday,Light_Load
33.73,23.18,0,82.41,100,Weekend,Sunday,Light_Load
45.94,17.57,0,93.4,100,Weekday,Tuesday,Medium_Load
3.46,6.3,0,48.14,100,Weekday,Monday,Light_Load
5.26,2.41,0.07,90.91,99.99,Weekday,Thursday,Light_Load
2.63,4.93,0,47.07,100,Weekday,Monday,Light_Load
4.21,0,18.9,100,21.74,Weekday,Tuesday,Medium_Load
6.84,4.64,0,82.76,100,Weekday,Tuesday,Light_Load
3.67,3.38,0,73.56,100,Weekend,Sunday,Light_Load
2.92,0,11.59,100,24.43,Weekend,Sunday,Light_Load
2.95,6.26,0,42.63,100,Weekend,Sunday,Light_Load
5.22,5.58,0,68.32,100,Weekday,Thursday,Light_Load
5.8,4.75,0,77.37,100,Weekday,Tuesday,Light_Load
4.39,6.41,0,56.51,100,Weekday,Wednesday,Light_Load
2.77,5.33,0,46.11,100,Weekday,Wednesday,Medium_Load
6.23,0,26.96,100,22.51,Weekday,Wednesday,Medium_Load
19.37,17.21,0,74.76,100,Weekday,Tuesday,Light_Load
153.14,70.45,0,90.85,100,Weekday,Monday,Medium_Load
4.82,0,19.84,100,23.61,Weekday,Friday,Medium_Load
6.44,0,25.56,100,24.43,Weekend,Saturday,Maximum_Load
2.63,4.32,0,52,100,Weekday,Wednesday,Light_Load
45.04,12.64,0,96.28,100,Weekday,Tuesday,Maximum_Load
3.31,1.15,10.08,94.46,31.2,Weekend,Saturday,Medium_Load
53.82,37.33,0,82.17,100,Weekday,Monday,Medium_Load
3.42,0,13.39,100,24.75,Weekend,Saturday,Light_Load
120.6,51.88,0,91.86,100,Weekday,Tuesday,Maximum_Load
57.78,36.68,0,84.43,100,Weekday,Friday,Medium_Load
2.92,0,4.5,100,54.43,Weekday,Monday,Light_Load
4.68,3.24,0.04,82.22,100,Weekday,Tuesday,Light_Load
3.06,3.6,0,64.76,100,Weekday,Friday,Light_Load
4.1,0,17.82,100,22.42,Weekday,Wednesday,Medium_Load
3.02,5.98,0,45.08,100,Weekday,Thursday,Light_Load
3.38,5.4,0,53.06,100,Weekday,Friday,Light_Load
49.39,28.04,0,86.96,100,Weekday,Wednesday,Maximum_Load
42.44,2.63,3.35,99.81,99.69,Weekday,Tuesday,Medium_Load
76.64,33.62,0,91.58,100,Weekday,Tuesday,Medium_Load
2.99,0,4.97,100,51.55,Weekend,Sunday,Light_Load
3.82,0,19.8,100,18.94,Weekday,Monday,Medium_Load
64.15,47.92,0,80.12,100,Weekday,Wednesday,Maximum_Load
79.78,24.08,0,95.73,100,Weekend,Sunday,Maximum_Load
3.1,4.36,0,57.95,100,Weekend,Sunday,Light_Load
48.1,22.79,0,90.37,100,Weekend,Saturday,Medium_Load
3.02,3.96,0,60.64,100,Weekday,Thursday,Light_Load
60.12,28.19,0,90.54,100,Weekday,Wednesday,Medium_Load
90.61,42.08,0,90.7,100,Weekday,Wednesday,Medium_Load
4.97,7.38,0,55.86,100,Weekend,Saturday,Light_Load
4.75,0,21.71,100,21.37,Weekday,Monday,Medium_Load
4.64,4.93,0,68.54,100,Weekday,Friday,Light_Load
3.2,0,18.36,100,17.17,Weekday,Wednesday,Light_Load
2.59,4.21,0,52.4,100,Weekday,Tuesday,Light_Load
2.84,0,19.08,100,14.72,Weekday,Wednesday,Light_Load
61.34,46.94,0,79.42,100,Weekday,Friday,Maximum_Load
2.84,1.98,0.25,82.03,99.61,Weekday,Wednesday,Light_Load
4.43,0,16.92,100,25.33,Weekday,Monday,Light_Load
2.99,4.97,0,51.55,100,Weekday,Thursday,Light_Load
59.33,13.21,0,97.61,100,Weekday,Thursday,Medium_Load
61.56,22.46,0.18,93.94,100,Weekday,Tuesday,Maximum_Load
5.51,0,20.84,100,25.56,Weekend,Saturday,Light_Load
119.09,36.58,0,95.59,100,Weekday,Tuesday,Medium_Load
65.52,37.66,0,86.7,100,Weekday,Friday,Medium_Load
5.76,3.02,0,88.57,100,Weekday,Monday,Light_Load
2.88,0,16.99,100,16.71,Weekday,Wednesday,Medium_Load
2.92,0,11.56,100,24.49,Weekend,Sunday,Light_Load
5,0,16.85,100,28.45,Weekend,Saturday,Maximum_Load
5.83,5.58,0,72.24,100,Weekend,Sunday,Light_Load
86.83,43.45,0,89.43,100,Weekday,Monday,Maximum_Load
5.11,4.5,0,75.05,100,Weekday,Tuesday,Light_Load
5.26,2.74,0,88.69,100,Weekday,Friday,Light_Load
2.66,5.62,0,42.78,100,Weekday,Monday,Light_Load
4.07,0,5.15,100,62,Weekend,Sunday,Light_Load
2.56,5.33,0,43.3,100,Weekday,Wednesday,Light_Load
26.78,0,11.05,100,92.44,Weekend,Sunday,Maximum_Load
3.78,6.52,0,50.16,100,Weekday,Wednesday,Light_Load
45.43,10.44,0.04,97.46,100,Weekday,Monday,Medium_Load
3.06,0,10.62,100,27.69,Weekend,Sunday,Light_Load
60.48,6.98,1.01,99.34,99.99,Weekend,Saturday,Light_Load
53.89,25.42,0,90.44,100,Weekend,Saturday,Maximum_Load
2.99,4.79,0,52.95,100,Weekday,Monday,Light_Load
2.81,4,0,57.48,100,Weekend,Sunday,Light_Load
28.58,0,10.04,100,94.35,Weekday,Friday,Medium_Load
2.88,0,9.5,100,29.01,Weekend,Sunday,Light_Load
32.87,0,5.29,100,98.73,Weekday,Friday,Medium_Load
2.81,5.18,0,47.68,100,Weekend,Sunday,Light_Load
48.13,16.63,0.25,94.52,100,Weekday,Friday,Medium_Load
133.85,81.18,0,85.5,100,Weekday,Monday,Maximum_Load
4.97,0,26.82,100,18.22,Weekend,Saturday,Maximum_Load
78.26,27.32,0,94.41,100,Weekday,Wednesday,Maximum_Load
3.64,4.72,0,61.07,100,Weekday,Thursday,Light_Load
58.57,27.94,1.12,90.26,99.98,Weekday,Friday,Maximum_Load
3.56,5.87,0,51.86,100,Weekday,Monday,Light_Load
3.42,4.1,0,64.06,100,Weekday,Tuesday,Light_Load
29.52,11.23,2.2,93.47,99.72,Weekday,Friday,Medium_Load
58.43,36.25,0,84.98,100,Weekday,Tuesday,Medium_Load
3.46,0,4.54,100,60.61,Weekend,Saturday,Light_Load
3.2,5.36,0,51.26,100,Weekday,Friday,Light_Load
70.99,34.49,0,89.95,100,Weekday,Wednesday,Medium_Load
3.92,5.22,0,60.05,100,Weekday,Wednesday,Light_Load
61.16,38.3,0,84.75,100,Weekday,Wednesday,Maximum_Load
2.95,5.15,0,49.7,100,Weekend,Sunday,Light_Load
3.2,4.36,0,59.17,100,Weekday,Tuesday,Light_Load
54.11,24.73,0,90.95,100,Weekday,Friday,Maximum_Load
3.89,5.54,0,57.47,100,Weekday,Friday,Light_Load
38.12,0.5,2.81,99.99,99.73,Weekday,Wednesday,Maximum_Load
38.23,19.76,2.45,88.84,99.8,Weekday,Wednesday,Maximum_Load
3.13,5.65,0,48.46,100,Weekday,Tuesday,Light_Load
2.81,4.5,0,52.97,100,Weekend,Sunday,Light_Load
96.26,40.79,0,92.07,100,Weekday,Wednesday,Maximum_Load
3.85,6.77,0,49.43,100,Weekend,Saturday,Light_Load
3.02,3.89,0,61.32,100,Weekday,Tuesday,Light_Load
3.67,0,16.88,100,21.25,Weekend,Sunday,Light_Load
16.88,15.37,0,73.94,100,Weekday,Thursday,Light_Load
2.88,5.36,0,47.33,100,Weekend,Sunday,Light_Load
3.6,0,16.96,100,20.76,Weekday,Friday,Medium_Load
36.72,0.65,2.23,99.98,99.82,Weekend,Saturday,Maximum_Load
3.31,0,13.5,100,23.81,Weekday,Monday,Light_Load
3.46,0,13.79,100,24.34,Weekend,Saturday,Light_Load
108.32,56.38,0,88.7,100,Weekday,Monday,Maximum_Load
2.95,0,17.14,100,16.96,Weekend,Sunday,Light_Load
4.03,2.56,0.5,84.41,99.24,Weekday,Wednesday,Light_Load
6.12,0,15.3,100,37.14,Weekend,Sunday,Maximum_Load
3.92,0,7.13,100,48.18,Weekday,Wednesday,Medium_Load
6.41,0,25.45,100,24.42,Weekend,Saturday,Medium_Load
5.54,2.3,4.5,92.36,77.62,Weekend,Sunday,Light_Load
48.1,15.12,0,95.4,100,Weekday,Monday,Medium_Load
4.18,0,26.5,100,15.58,Weekday,Thursday,Light_Load
62.68,24.23,0,93.27,100,Weekday,Friday,Maximum_Load
34.02,12.28,0.18,94.06,100,Weekday,Tuesday,Medium_Load
41.51,5.08,0,99.26,100,Weekday,Thursday,Maximum_Load
2.59,4.93,0,46.51,100,Weekend,Saturday,Light_Load
3.67,0,18.11,100,19.86,Weekday,Tuesday,Medium_Load
5.22,0,25.45,100,20.09,Weekday,Friday,Medium_Load
4.75,5.04,0,68.59,100,Weekday,Monday,Light_Load
58.82,39.74,0,82.86,100,Weekday,Thursday,Medium_Load
3.02,5.08,0,51.1,100,Weekday,Wednesday,Light_Load
49.28,34.13,0,82.21,100,Weekday,Thursday,Maximum_Load
98.32,76.07,0,79.09,100,Weekday,Thursday,Light_Load
135.22,70.7,0,88.62,100,Weekday,Wednesday,Maximum_Load
4.64,5.76,0,62.73,100,Weekday,Tuesday,Light_Load
3.67,0,16.88,100,21.25,Weekday,Thursday,Medium_Load
3.28,4.93,0,55.39,100,Weekday,Wednesday,Light_Load
74.3,33.41,0,91.2,100,Weekday,Thursday,Maximum_Load
2.56,4.64,0,48.31,100,Weekday,Tuesday,Light_Load
5.26,0,21.28,100,24,Weekday,Friday,Medium_Load
4.64,0,16.38,100,27.25,Weekday,Monday,Medium_Load
48.1,52.7,0,67.41,100,Weekday,Friday,Light_Load
2.63,5.26,0,44.72,100,Weekday,Monday,Light_Load
2.59,3.6,0,58.4,100,Weekday,Tuesday,Light_Load
4.86,7.92,0,52.3,100,Weekday,Wednesday,Light_Load
54.47,29.09,0,88.21,100,Weekday,Tuesday,Maximum_Load
2.56,5.15,0,44.51,100,Weekday,Monday,Light_Load
60.37,33.01,0,87.74,100,Weekend,Saturday,Light_Load
4.07,0,26.17,100,15.37,Weekday,Monday,Medium_Load
2.88,5.44,0,46.79,100,Weekday,Friday,Light_Load
4.64,0,21.1,100,21.48,Weekend,Saturday,Medium_Load
65.38,22.72,0,94.46,100,Weekday,Tuesday,Medium_Load
3.64,3.89,0,68.33,100,Weekday,Tuesday,Light_Load
2.77,5.54,0,44.72,100,Weekday,Friday,Light_Load
3.42,4.86,0,57.55,100,Weekday,Friday,Light_Load
58.46,26.53,0,91.06,100,Weekday,Friday,Maximum_Load
3.82,4.39,0,65.64,100,Weekday,Friday,Light_Load
3.24,0,14.87,100,21.29,Weekday,Monday,Light_Load
90.43,50.26,0,87.41,100,Weekday,Thursday,Maximum_Load
3.56,4.28,0,63.95,100,Weekday,Thursday,Medium_Load
2.88,5.36,0,47.33,100,Weekend,Sunday,Light_Load
3.85,2.52,0.47,83.67,99.26,Weekday,Monday,Light_Load
5.08,0,26.53,100,18.81,Weekday,Wednesday,Medium_Load
3.6,4.46,0,62.81,100,Weekday,Thursday,Light_Load
6.01,0,26.96,100,21.76,Weekday,Wednesday,Medium_Load
62.53,36.79,0,86.19,100,Weekday,Friday,Medium_Load
3.31,5.72,0,50.09,100,Weekday,Friday,Light_Load
3.31,2.12,0.29,84.21,99.62,Weekend,Saturday,Light_Load
24.08,3.46,5.4,98.98,97.58,Weekend,Saturday,Maximum_Load
49.18,9.9,0,98.03,100,Weekend,Saturday,Medium_Load
3.1,3.71,0,64.12,100,Weekday,Tuesday,Light_Load
4.72,4.82,0,69.97,100,Weekday,Friday,Light_Load
95.65,44.32,0,90.73,100,Weekday,Tuesday,Medium_Load
36.65,27.72,0,79.76,100,Weekday,Thursday,Light_Load
55.51,40.54,0,80.76,100,Weekend,Saturday,Light_Load
3.64,3.56,0,71.49,100,Weekday,Friday,Light_Load
3.67,2.84,0.04,79.09,99.99,Weekend,Saturday,Light_Load
3.74,3.56,0,72.43,100,Weekday,Friday,Light_Load
4.86,0,26.78,100,17.86,Weekday,Wednesday,Medium_Load
3.2,0,16.85,100,18.66,Weekend,Sunday,Light_Load
2.66,4.57,0,50.3,100,Weekday,Tuesday,Light_Load
54.83,27.54,0,89.36,100,Weekday,Friday,Maximum_Load
51.98,26.53,0,89.07,100,Weekday,Friday,Medium_Load
117.18,66.85,0,86.86,100,Weekday,Wednesday,Maximum_Load
3.13,0,16.24,100,18.93,Weekend,Sunday,Light_Load
2.84,4.18,0,56.2,100,Weekday,Monday,Light_Load
4.28,5.04,0,64.73,100,Weekday,Monday,Light_Load
4.14,0,9.86,100,38.71,Weekday,Tuesday,Medium_Load
107.75,43.92,0,92.6,100,Weekday,Thursday,Maximum_Load
34.34,1.55,1.69,99.9,99.88,Weekend,Saturday,Maximum_Load
3.67,3.67,0.29,70.71,99.69,Weekday,Monday,Maximum_Load
4.1,0,20.16,100,19.93,Weekend,Saturday,Medium_Load
139.61,55.51,0,92.92,100,Weekday,Thursday,Medium_Load
2.92,5.94,0,44.12,100,Weekend,Saturday,Light_Load
85.97,13.28,0.25,98.83,100,Weekday,Friday,Maximum_Load
3.17,6.23,0,45.35,100,Weekday,Thursday,Light_Load
3.67,5.11,0,58.33,100,Weekday,Monday,Light_Load
3.24,4.32,0,60,100,Weekday,Friday,Light_Load
3.42,4.61,0,59.58,100,Weekend,Sunday,Light_Load
84.96,47.12,0,87.45,100,Weekday,Monday,Medium_Load
3.74,0,13.5,100,26.7,Weekend,Saturday,Medium_Load
4.1,0,17.64,100,22.64,Weekend,Sunday,Light_Load
3.49,6.59,0.18,46.8,99.87,Weekend,Saturday,Medium_Load
5,7.16,0,57.25,100,Weekday,Friday,Light_Load
2.92,3.78,0,61.13,100,Weekday,Friday,Light_Load
99.72,50.29,0,89.29,100,Weekday,Thursday,Maximum_Load
73.08,36.83,0,89.3,100,Weekday,Tuesday,Maximum_Load
3.13,5.87,0,47.05,100,Weekday,Friday,Light_Load
66.2,7.88,1.26,99.3,99.98,Weekday,Wednesday,Medium_Load
3.2,5.04,0,53.6,100,Weekend,Sunday,Light_Load
124.31,50.26,0,92.71,100,Weekday,Wednesday,Light_Load
2.92,4.21,0,56.99,100,Weekend,Saturday,Medium_Load
3.85,3.2,0,76.9,100,Weekday,Thursday,Light_Load
5,0,25.74,100,19.07,Weekend,Sunday,Light_Load
50.94,28.98,0,86.92,100,Weekday,Friday,Maximum_Load
8.86,9.36,0,68.74,100,Weekend,Sunday,Light_Load
2.74,5.9,0,42.12,100,Weekday,Monday,Light_Load
3.42,5.8,0,50.79,100,Weekday,Thursday,Light_Load
62.96,25.92,0,92.47,100,Weekend,Saturday,Maximum_Load
27.86,0.29,7.49,99.99,96.57,Weekend,Saturday,Maximum_Load
2.63,4.28,0,52.35,100,Weekday,Thursday,Light_Load
3.28,0,17.5,100,18.42,Weekend,Sunday,Light_Load
3.38,5.62,0,51.54,100,Weekday,Monday,Light_Load
78.55,18.32,0,97.39,100,Weekday,Monday,Maximum_Load
92.63,23.33,0,96.97,100,Weekday,Monday,Medium_Load
110.59,40.9,0,93.79,100,Weekend,Saturday,Medium_Load
3.92,0,12.49,100,29.94,Weekend,Sunday,Medium_Load
2.88,4.64,0,52.74,100,Weekday,Monday,Light_Load
93.67,54.07,0,86.61,100,Weekday,Thursday,Medium_Load
3.38,6.01,0,49.02,100,Weekday,Tuesday,Light_Load
2.59,6.05,0,39.36,100,Weekday,Monday,Light_Load
2.66,4.64,0,49.73,100,Weekday,Wednesday,Light_Load
57.31,32.15,0,87.21,100,Weekday,Tuesday,Medium_Load
4.61,4.79,0,69.34,100,Weekday,Thursday,Light_Load
111.53,51.59,0,90.76,100,Weekday,Monday,Medium_Load
3.06,5.08,0,51.6,100,Weekday,Thursday,Light_Load
3.28,4.68,0,57.39,100,Weekday,Thursday,Light_Load
3.96,0,17.5,100,22.07,Weekend,Sunday,Maximum_Load
3.82,5.08,0,60.1,100,Weekday,Thursday,Light_Load
3.2,4.39,0,58.9,100,Weekday,Wednesday,Light_Load
46.12,38.84,0,76.49,100,Weekday,Monday,Light_Load
5.18,3.17,0,85.3,100,Weekday,Friday,Maximum_Load
3.17,0,17.96,100,17.38,Weekend,Sunday,Light_Load
63.07,27.43,0,91.7,100,Weekday,Thursday,Medium_Load
54.65,18.22,0,94.87,100,Weekday,Friday,Maximum_Load
128.12,86.94,0,82.75,100,Weekday,Tuesday,Medium_Load
3.06,3.71,0,63.63,100,Weekend,Sunday,Light_Load
3.24,5.65,0,49.75,100,Weekend,Saturday,Light_Load
2.81,5.29,0,46.91,100,Weekday,Friday,Light_Load
56.38,27.4,0,89.94,100,Weekday,Wednesday,Medium_Load
3.74,0,18.11,100,20.22,Weekend,Saturday,Light_Load
60.77,39.2,0,84.03,100,Weekday,Friday,Maximum_Load
3.78,3.38,0.07,74.54,99.98,Weekend,Sunday,Light_Load
74.59,37.98,0,89.11,100,Weekday,Tuesday,Medium_Load
90.22,53.64,0,85.96,100,Weekday,Thursday,Maximum_Load
2.92,4.57,0,53.84,100,Weekday,Monday,Light_Load
50.4,27.32,0,87.91,100,Weekday,Wednesday,Maximum_Load
3.64,4.5,0,62.89,100,Weekday,Wednesday,Light_Load
97.13,56.16,0,86.57,100,Weekday,Friday,Maximum_Load
2.88,5.69,0,45.16,100,Weekend,Saturday,Light_Load
3.06,3.96,0,61.14,100,Weekend,Saturday,Light_Load
2.66,4.9,0,47.71,100,Weekday,Monday,Light_Load
49.03,16.92,0.04,94.53,100,Weekday,Wednesday,Medium_Load
57.89,30.71,0,88.34,100,Weekday,Tuesday,Light_Load
2.92,0,16.99,100,16.94,Weekday,Wednesday,Light_Load
109.76,49.64,0,91.11,100,Weekday,Wednesday,Maximum_Load
7.06,2.88,3.96,92.59,87.22,Weekday,Thursday,Medium_Load
6.16,0,21.1,100,28.02,Weekday,Thursday,Medium_Load
11.27,0.5,20.45,99.9,48.27,Weekday,Wednesday,Medium_Load
28.01,0.4,1.51,99.99,99.86,Weekend,Sunday,Maximum_Load
2.95,3.92,0,60.13,100,Weekday,Wednesday,Light_Load
58.25,34.31,0,86.16,100,Weekday,Monday,Medium_Load
3.13,0,10.62,100,28.27,Weekend,Sunday,Light_Load
31.14,0.07,8.6,100,96.39,Weekday,Tuesday,Medium_Load
38.84,3.31,0.4,99.64,99.99,Weekday,Wednesday,Maximum_Load
2.66,4.36,0,52.08,100,Weekday,Thursday,Light_Load
2.99,0,16.96,100,17.36,Weekend,Sunday,Light_Load
4.36,0,17.78,100,23.82,Weekday,Friday,Medium_Load
68,25.92,0,93.44,100,Weekend,Saturday,Maximum_Load
5.94,0,25.67,100,22.54,Weekday,Thursday,Medium_Load
60.7,35.14,0,86.54,100,Weekday,Wednesday,Maximum_Load
40,0.54,2.92,99.99,99.73,Weekday,Tuesday,Medium_Load
3.24,0,14.15,100,22.32,Weekend,Sunday,Light_Load
65.63,29.38,0,91.27,100,Weekday,Monday,Maximum_Load
86.51,21.53,0.25,97.04,100,Weekday,Wednesday,Medium_Load
77.51,46.19,0,85.9,100,Weekday,Thursday,Light_Load
56.84,33.23,0,86.33,100,Weekday,Tuesday,Maximum_Load
3.38,4.03,0,64.26,100,Weekend,Saturday,Light_Load
2.84,5.47,0,46.08,100,Weekday,Monday,Light_Load
17.71,7.74,12.31,91.63,82.11,Weekday,Thursday,Medium_Load
2.74,3.6,0,60.56,100,Weekend,Saturday,Light_Load
3.28,5.47,0,51.43,100,Weekend,Sunday,Light_Load
43.92,12.2,0.9,96.35,99.98,Weekday,Friday,Medium_Load
113.9,53.96,0,90.37,100,Weekday,Thursday,Medium_Load
109.84,41.9,0,93.43,100,Weekend,Saturday,Light_Load
4.07,5.87,0,56.98,100,Weekday,Thursday,Light_Load
6.26,4.79,0,79.42,100,Weekday,Tuesday,Light_Load
4,3.74,0,73.04,100,Weekday,Wednesday,Light_Load
57.06,27.83,0,89.88,100,Weekday,Tuesday,Maximum_Load
2.66,5.04,0,46.68,100,Weekday,Wednesday,Light_Load
3.64,4.43,0,63.49,100,Weekend,Saturday,Light_Load
3.13,5.51,0,49.39,100,Weekend,Sunday,Light_Load
47.05,2.48,0.86,99.86,99.98,Weekend,Saturday,Medium_Load
3.35,2.59,0,79.11,100,Weekday,Monday,Light_Load
104.51,48.64,0,90.66,100,Weekend,Saturday,Maximum_Load
10.58,0.14,12.1,99.99,65.82,Weekday,Monday,Medium_Load
60.77,48.02,0,78.46,100,Weekday,Thursday,Maximum_Load
6.34,0,21.02,100,28.88,Weekday,Friday,Medium_Load
3.67,4.9,0,59.95,100,Weekday,Friday,Medium_Load
3.56,2.45,0.14,82.38,99.92,Weekday,Monday,Light_Load
3.2,3.74,0,65.01,100,Weekday,Friday,Light_Load
49.79,34.96,0,81.84,100,Weekday,Tuesday,Light_Load
3.85,2.7,0.36,81.87,99.57,Weekday,Thursday,Maximum_Load
2.66,4.61,0,49.98,100,Weekday,Tuesday,Light_Load
105.84,34.52,0,95.07,100,Weekday,Tuesday,Medium_Load
3.02,0,14.69,100,20.14,Weekend,Sunday,Light_Load
54.43,43.88,0,77.85,100,Weekday,Tuesday,Medium_Load
5.22,0,26.68,100,19.2,Weekday,Wednesday,Medium_Load
49.21,18.76,0.61,93.44,99.99,Weekday,Friday,Maximum_Load
53.03,32.58,0,85.2,100,Weekday,Tuesday,Medium_Load
14.47,0.68,15.8,99.89,67.54,Weekday,Wednesday,Medium_Load
3.06,5.15,0,51.08,100,Weekend,Saturday,Light_Load
3.28,0,16.63,100,19.35,Weekend,Sunday,Light_Load
25.78,2.05,1.26,99.69,99.88,Weekend,Sunday,Maximum_Load
4.64,3.89,0,76.63,100,Weekend,Saturday,Light_Load
2.99,0,4.82,100,52.71,Weekday,Thursday,Light_Load
48.56,23.26,0,90.19,100,Weekday,Thursday,Maximum_Load
2.88,2.12,0.14,80.53,99.88,Weekday,Tuesday,Light_Load
24.23,0.76,2.09,99.95,99.63,Weekend,Saturday,Medium_Load
59.33,22.43,0,93.54,100,Weekday,Tuesday,Medium_Load
3.28,3.06,0,73.12,100,Weekend,Saturday,Light_Load
2.81,5.36,0,46.43,100,Weekday,Wednesday,Light_Load
2.92,2.74,0,72.92,100,Weekend,Sunday,Light_Load
4.18,3.74,0,74.52,100,Weekend,Sunday,Maximum_Load
3.17,5.98,0,46.84,100,Weekday,Thursday,Light_Load
70.7,61.38,0,75.51,100,Weekday,Monday,Maximum_Load
8.17,0,20.95,100,36.33,Weekday,Monday,Medium_Load
3.46,0,16.67,100,20.32,Weekday,Tuesday,Light_Load
59.29,29.99,0,89.23,100,Weekday,Tuesday,Medium_Load
56.52,31.1,0,87.61,100,Weekday,Tuesday,Maximum_Load
26.93,24.01,0,74.64,100,Weekend,Saturday,Light_Load
92.56,35.5,0,93.37,100,Weekday,Thursday,Light_Load
54.36,19.91,0,93.9,100,Weekend,Sunday,Medium_Load
56.23,31.82,0,87.03,100,Weekday,Friday,Maximum_Load
54.83,33.05,0,85.64,100,Weekday,Tuesday,Maximum_Load
6.05,6.08,0,70.54,100,Weekday,Wednesday,Light_Load
2.81,5.4,0,46.16,100,Weekend,Sunday,Light_Load
59.87,23.8,0,92.93,100,Weekday,Thursday,Light_Load
3.17,6.16,0,45.76,100,Weekend,Saturday,Light_Load
3.38,2.2,0.36,83.81,99.44,Weekday,Friday,Light_Load
3.38,0,21.67,100,15.41,Weekend,Saturday,Medium_Load
3.28,5.18,0,53.5,100,Weekday,Wednesday,Light_Load
64.91,30.35,0,90.59,100,Weekday,Wednesday,Medium_Load
3.71,0,18.14,100,20.04,Weekend,Sunday,Light_Load
75.64,18.36,0,97.18,100,Weekday,Tuesday,Medium_Load
4.1,0,17.17,100,23.23,Weekday,Monday,Medium_Load
3.13,0,11.77,100,25.7,Weekend,Sunday,Medium_Load
5.44,0,16.38,100,31.52,Weekday,Wednesday,Medium_Load
2.92,0,10.91,100,25.85,Weekday,Wednesday,Medium_Load
78.91,25.24,0,95.25,100,Weekday,Tuesday,Medium_Load
59.8,34.2,0,86.81,100,Weekday,Tuesday,Medium_Load
7.31,0,13.9,100,46.55,Weekday,Thursday,Medium_Load
32.51,13.39,6.77,92.46,97.9,Weekday,Tuesday,Medium_Load
2.52,3.6,0,57.35,100,Weekday,Tuesday,Light_Load
4.86,3.28,0.07,82.89,99.99,Weekday,Friday,Light_Load
53.64,18.83,0,94.36,100,Weekday,Wednesday,Maximum_Load
3.06,0,14.69,100,20.39,Weekend,Sunday,Light_Load
121.28,53.06,0,91.62,100,Weekday,Wednesday,Maximum_Load
4.03,0,26.6,100,14.98,Weekend,Saturday,Medium_Load
3.46,4.97,0,57.14,100,Weekday,Wednesday,Light_Load
3.02,3.17,0,68.98,100,Weekend,Sunday,Light_Load
2.92,5.08,0,49.83,100,Weekday,Wednesday,Light_Load
67.43,44.5,0,83.46,100,Weekday,Thursday,Maximum_Load
3.31,0,17.64,100,18.44,Weekend,Sunday,Light_Load
4.64,0,16.74,100,26.71,Weekday,Thursday,Medium_Load
2.48,4.9,0,45.16,100,Weekday,Thursday,Light_Load
61.52,25.74,0,92.25,100,Weekday,Tuesday,Medium_Load
3.64,4.64,0,61.72,100,Weekday,Tuesday,Light_Load
79.38,20.41,1.84,96.85,99.97,Weekday,Monday,Medium_Load
3.46,5.36,0,54.23,100,Weekday,Friday,Medium_Load
47.66,17.39,0.54,93.94,99.99,Weekday,Thursday,Medium_Load
52.78,28.01,0,88.33,100,Weekday,Wednesday,Light_Load
3.35,6.01,0,48.69,100,Weekday,Friday,Light_Load
33.01,16.13,4.07,89.85,99.25,Weekday,Thursday,Maximum_Load
6.55,5.54,0,76.35,100,Weekend,Saturday,Light_Load
3.1,0,16.2,100,18.79,Weekend,Sunday,Light_Load
82.48,39.89,0,90.02,100,Weekday,Friday,Light_Load
51.44,29.52,0,86.73,100,Weekday,Tuesday,Medium_Load
2.92,0,16.24,100,17.7,Weekend,Sunday,Light_Load
2.99,4.9,0,52.09,100,Weekday,Thursday,Light_Load
3.24,0,5,100,54.38,Weekday,Wednesday,Light_Load
2.95,0,16.78,100,17.31,Weekday,Tuesday,Medium_Load
42.73,30.06,0,81.79,100,Weekday,Thursday,Light_Load
3.89,3.49,0,74.43,100,Weekday,Friday,Light_Load
112.25,60.73,0,87.95,100,Weekday,Wednesday,Maximum_Load
110.77,43.02,0,93.22,100,Weekday,Thursday,Medium_Load
4,4.21,0,68.88,100,Weekday,Wednesday,Maximum_Load
86.98,42.37,3.67,89.9,99.91,Weekday,Friday,Medium_Load
3.78,7.16,0,46.69,100,Weekday,Wednesday,Light_Load
69.77,67.07,0,72.09,100,Weekday,Tuesday,Light_Load
3.06,4.5,0,56.23,100,Weekday,Friday,Light_Load
3.24,0,16.56,100,19.2,Weekend,Saturday,Medium_Load
35.96,1.12,1.69,99.95,99.89,Weekday,Thursday,Medium_Load
3.02,4.18,0,58.56,100,Weekday,Tuesday,Light_Load
118.69,45.83,0,93.29,100,Weekday,Friday,Maximum_Load
3.35,6.59,0,45.32,100,Weekday,Thursday,Light_Load
49.1,32.8,0,83.15,100,Weekday,Friday,Maximum_Load
4.36,0,20.88,100,20.44,Weekend,Saturday,Light_Load
3.71,0,22.54,100,16.24,Weekday,Friday,Light_Load
27,1.37,6.8,99.87,96.97,Weekend,Saturday,Light_Load
3.28,3.2,0,71.58,100,Weekday,Friday,Light_Load
11.34,0,11.45,100,70.37,Weekend,Sunday,Maximum_Load
38.63,33.08,0,75.96,100,Weekend,Saturday,Light_Load
16.31,4.46,3.74,96.46,97.47,Weekday,Thursday,Maximum_Load
85.75,45.18,0,88.47,100,Weekday,Tuesday,Maximum_Load
3.92,4.68,0,64.21,100,Weekday,Tuesday,Maximum_Load
3.96,0,19.94,100,19.48,Weekend,Sunday,Light_Load
3.53,3.28,0,73.26,100,Weekday,Wednesday,Light_Load
48.35,38.02,0,78.61,100,Weekday,Monday,Light_Load
2.56,4.39,0,50.37,100,Weekend,Sunday,Light_Load
39.28,6.77,1.01,98.55,99.97,Weekend,Saturday,Maximum_Load
3.89,0,22,100,17.41,Weekday,Wednesday,Medium_Load
30.49,0.86,2.74,99.96,99.6,Weekend,Sunday,Medium_Load
22.9,0.07,7.85,100,94.6,Weekend,Saturday,Maximum_Load
3.24,0,9,100,33.87,Weekend,Saturday,Light_Load
2.81,0,17.1,100,16.22,Weekend,Saturday,Light_Load
87.52,49.9,0,86.87,100,Weekday,Friday,Light_Load
5.29,2.63,0,89.54,100,Weekday,Friday,Light_Load
3.06,0,16.24,100,18.52,Weekend,Sunday,Light_Load
34.6,0.22,7.24,100,97.88,Weekend,Saturday,Maximum_Load
82.08,27.58,0,94.79,100,Weekday,Tuesday,Medium_Load
2.95,5.44,0,47.67,100,Weekday,Monday,Light_Load
66.02,66.89,0,70.25,100,Weekday,Wednesday,Light_Load
75.35,49,0,83.83,100,Weekday,Tuesday,Maximum_Load
54.29,32.18,0,86.02,100,Weekday,Monday,Medium_Load
2.56,4.46,0,49.78,100,Weekend,Saturday,Light_Load
49.72,14.08,0.97,96.22,99.98,Weekday,Tuesday,Medium_Load
67.07,35.03,0,88.64,100,Weekday,Monday,Maximum_Load
3.35,7.34,0,41.52,100,Weekday,Tuesday,Medium_Load
6.08,4.75,0,78.8,100,Weekend,Saturday,Light_Load
2.77,3.89,0,58,100,Weekend,Sunday,Light_Load
2.66,5.47,0,43.73,100,Weekday,Wednesday,Light_Load
42.62,21.46,0,89.32,100,Weekday,Tuesday,Maximum_Load
2.63,5.87,0,40.89,100,Weekday,Monday,Light_Load
100.08,48.17,0,90.11,100,Weekday,Wednesday,Light_Load
5.15,5.04,0,71.47,100,Weekday,Wednesday,Light_Load
55.66,27.97,0,89.35,100,Weekday,Tuesday,Medium_Load
3.06,5.18,0,50.86,100,Weekday,Tuesday,Light_Load
2.81,6.19,0,41.34,100,Weekend,Sunday,Light_Load
51.19,15.26,0,95.83,100,Weekday,Friday,Medium_Load
72.18,38.74,0,88.11,100,Weekday,Monday,Medium_Load
3.42,0,17.28,100,19.42,Weekend,Sunday,Light_Load
3.49,4.46,0,61.63,100,Weekday,Tuesday,Medium_Load
34.7,1.44,0.94,99.91,99.96,Weekday,Friday,Medium_Load
123.12,55.26,0,91.23,100,Weekday,Tuesday,Medium_Load
5,0,26.75,100,18.37,Weekend,Saturday,Medium_Load
2.88,4.28,0,55.83,100,Weekday,Monday,Light_Load
3.38,2.52,0.04,80.17,99.99,Weekend,Saturday,Light_Load
103.9,38.74,0,93.7,100,Weekday,Friday,Medium_Load
48.28,44.35,0,73.64,100,Weekday,Tuesday,Light_Load
57.28,20.92,0,93.93,100,Weekday,Friday,Maximum_Load
102.6,54.22,0,88.41,100,Weekday,Thursday,Maximum_Load
3.56,3.17,0,74.68,100,Weekday,Friday,Light_Load
2.59,4.68,0,48.42,100,Weekend,Sunday,Light_Load
62.82,41.4,0,83.5,100,Weekday,Friday,Medium_Load
2.77,3.74,0,59.52,100,Weekend,Sunday,Light_Load
3.17,3.24,0,69.93,100,Weekday,Wednesday,Light_Load
3.35,3.17,0,72.64,100,Weekend,Sunday,Light_Load
3.71,2.56,0.11,82.31,99.96,Weekday,Tuesday,Light_Load
52.81,7.06,0.54,99.12,99.99,Weekday,Tuesday,Medium_Load
3.42,0,15.01,100,22.22,Weekday,Thursday,Light_Load
47.81,18.94,0,92.97,100,Weekend,Saturday,Medium_Load
4.93,6.05,0,63.17,100,Weekday,Monday,Medium_Load
3.06,3.49,0,65.93,100,Weekday,Monday,Light_Load
3.53,0,14.18,100,24.16,Weekend,Saturday,Light_Load
23.65,15.12,0,84.25,100,Weekday,Wednesday,Light_Load
4.07,0,17.39,100,22.79,Weekend,Saturday,Medium_Load
5.47,0,22.21,100,23.91,Weekday,Tuesday,Medium_Load
36.58,26.82,0,80.65,100,Weekday,Wednesday,Light_Load
76.36,35.1,0,90.86,100,Weekday,Thursday,Light_Load
3.78,1.4,14.04,93.77,26,Weekday,Friday,Medium_Load
50.04,21.31,0,92,100,Weekday,Thursday,Medium_Load
3.78,0,4.03,100,68.41,Weekday,Friday,Medium_Load
3.17,0,5.62,100,49.13,Weekend,Sunday,Light_Load
5.76,4.72,0,77.35,100,Weekday,Tuesday,Light_Load
6.91,0,21.56,100,30.52,Weekday,Monday,Medium_Load
2.99,5.62,0,46.97,100,Weekday,Tuesday,Light_Load
88.78,44.46,0,89.41,100,Weekday,Tuesday,Medium_Load
37.58,1.84,0.43,99.88,99.99,Weekday,Thursday,Medium_Load
2.92,3.13,0,68.22,100,Weekday,Tuesday,Light_Load
104.94,43.2,0,92.47,100,Weekday,Tuesday,Maximum_Load
58.46,34.7,0,85.99,100,Weekday,Thursday,Maximum_Load
55.94,29.41,0,88.51,100,Weekday,Wednesday,Maximum_Load
66.53,49.57,0,80.19,100,Weekday,Monday,Maximum_Load
3.92,0,18.32,100,20.92,Weekday,Thursday,Medium_Load
4.28,5,0,65.03,100,Weekday,Thursday,Light_Load
3.06,5.18,0,50.86,100,Weekday,Tuesday,Light_Load
3.64,5.8,0,53.16,100,Weekday,Wednesday,Light_Load
68.26,40.54,0,85.98,100,Weekday,Thursday,Maximum_Load
4.28,0,23.33,100,18.04,Weekday,Thursday,Light_Load
3.24,3.02,0,73.15,100,Weekday,Friday,Light_Load
93.89,26.1,0,96.35,100,Weekend,Sunday,Medium_Load
2.74,4.32,0,53.56,100,Weekend,Sunday,Light_Load
113.11,47.66,0,92.15,100,Weekday,Thursday,Maximum_Load
3.6,0,16.78,100,20.98,Weekend,Sunday,Light_Load
7.7,5.47,0,81.52,100,Weekday,Tuesday,Light_Load
3.92,3.1,0,78.44,100,Weekday,Monday,Light_Load
74.74,33.48,0,91.26,100,Weekend,Saturday,Medium_Load
50.58,20.09,0,92.94,100,Weekend,Saturday,Medium_Load
2.84,4.75,0,51.32,100,Weekday,Friday,Light_Load
5.8,6.01,0,69.44,100,Weekday,Friday,Light_Load
3.74,0,17.96,100,20.39,Weekend,Sunday,Light_Load
79.24,43.16,0,87.82,100,Weekday,Wednesday,Medium_Load
3.17,0,17.82,100,17.51,Weekend,Sunday,Light_Load
3.06,5.83,0,46.47,100,Weekday,Thursday,Light_Load
3.49,0,16.99,100,20.12,Weekday,Wednesday,Light_Load
3.85,4.72,0,63.21,100,Weekday,Wednesday,Light_Load
33.91,12.82,0,93.54,100,Weekend,Saturday,Maximum_Load
3.56,2.74,0.11,79.25,99.95,Weekend,Saturday,Light_Load
3.28,5.76,0,49.48,100,Weekend,Saturday,Light_Load
2.95,5.69,0,46.03,100,Weekday,Friday,Light_Load
53.96,17.14,0,95.31,100,Weekday,Tuesday,Medium_Load
48.28,12.28,0,96.91,100,Weekday,Friday,Medium_Load
2.95,4.21,0,57.39,100,Weekend,Sunday,Light_Load
3.35,5.26,0,53.72,100,Weekend,Saturday,Light_Load
2.74,5.26,0,46.2,100,Weekend,Saturday,Light_Load
54.36,30.24,0,87.39,100,Weekday,Friday,Medium_Load
4.9,0,10.37,100,42.72,Weekend,Saturday,Maximum_Load
3.17,4.28,0,59.52,100,Weekday,Wednesday,Light_Load
3.1,5.94,0,46.27,100,Weekend,Saturday,Light_Load
103.61,51.98,0,89.38,100,Weekday,Tuesday,Maximum_Load
3.53,4.43,0,62.32,100,Weekday,Thursday,Light_Load
3.38,6.77,0,44.67,100,Weekday,Friday,Light_Load
5.58,0,25.81,100,21.13,Weekday,Monday,Medium_Load
2.84,0,20.3,100,13.86,Weekday,Wednesday,Light_Load
84.49,43.78,0,88.79,100,Weekday,Wednesday,Medium_Load
3.42,3.64,0,68.47,100,Weekday,Friday,Light_Load
67.46,28.66,0,92.04,100,Weekday,Wednesday,Light_Load
2.77,5.08,0,47.87,100,Weekday,Tuesday,Medium_Load
5.44,0,20.7,100,25.42,Weekday,Wednesday,Maximum_Load
2.77,5.47,0,45.18,100,Weekend,Sunday,Light_Load
43.31,18,0,92.34,100,Weekend,Saturday,Medium_Load
4.14,0,24.01,100,16.99,Weekend,Sunday,Light_Load
61.56,35.42,0,86.68,100,Weekday,Wednesday,Maximum_Load
53.39,31,0,86.48,100,Weekday,Friday,Maximum_Load
8.24,0,25.27,100,31,Weekday,Friday,Medium_Load
61.42,29.56,0,90.11,100,Weekday,Monday,Medium_Load
46.44,19.33,0,92.32,100,Weekday,Friday,Maximum_Load
4.07,3.13,0.22,79.27,99.85,Weekend,Saturday,Light_Load
4.43,4.57,0,69.6,100,Weekday,Monday,Light_Load
88.02,40.9,0,90.69,100,Weekday,Friday,Medium_Load
2.99,3.35,0,66.59,100,Weekday,Wednesday,Light_Load
4.07,3.49,0.04,75.91,100,Weekend,Saturday,Light_Load
58,32.26,0,87.39,100,Weekday,Tuesday,Maximum_Load
4.46,4.28,0,72.15,100,Weekday,Thursday,Light_Load
3.89,5.22,0,59.75,100,Weekday,Monday,Light_Load
2.7,5.4,0,44.72,100,Weekend,Sunday,Light_Load
3.17,5.18,0,52.2,100,Weekday,Thursday,Light_Load
2.84,5.87,0,43.55,100,Weekend,Saturday,Light_Load
3.67,2.56,0.11,82.02,99.96,Weekend,Saturday,Light_Load
30.64,2.16,4,99.75,99.16,Weekday,Friday,Medium_Load
86.72,38.7,0,91.32,100,Weekday,Thursday,Maximum_Load
81.61,28.26,0,94.49,100,Weekday,Tuesday,Medium_Load
4.03,0,6.05,100,55.44,Weekend,Sunday,Light_Load
53.17,16.38,0,95.57,100,Weekday,Thursday,Maximum_Load
7.09,0,21.53,100,31.28,Weekday,Wednesday,Medium_Load
3.38,4.21,0,62.6,100,Weekday,Tuesday,Light_Load
2.74,0,18.07,100,14.99,Weekday,Wednesday,Light_Load
26.39,0,9.32,100,94.29,Weekday,Friday,Maximum_Load
4.72,4.68,0,71.01,100,Weekday,Monday,Maximum_Load
3.2,0,18.11,100,17.4,Weekday,Friday,Light_Load
3.42,3.78,0,67.09,100,Weekday,Wednesday,Light_Load
8.06,0,14.36,100,48.95,Weekday,Thursday,Medium_Load
6.3,3.53,0.22,87.24,99.94,Weekday,Monday,Light_Load
84.74,12.28,0,98.97,100,Weekday,Monday,Maximum_Load
28.51,0.97,1.26,99.94,99.9,Weekend,Sunday,Maximum_Load
12.17,12.24,0,70.51,100,Weekday,Monday,Light_Load
81.43,23.76,0.22,96,100,Weekday,Monday,Medium_Load
6.52,5.69,0,75.34,100,Weekend,Saturday,Light_Load
80.71,29.56,0.36,93.9,100,Weekend,Saturday,Maximum_Load
56.48,6.55,2.23,99.33,99.92,Weekday,Thursday,Medium_Load
2.77,0,11.38,100,23.65,Weekday,Tuesday,Light_Load
5.08,4.32,0,76.18,100,Weekday,Tuesday,Light_Load
4.14,0,18.32,100,22.04,Weekday,Tuesday,Medium_Load
4.14,0,27.43,100,14.92,Weekday,Friday,Medium_Load
15.8,0.68,15.8,99.91,70.71,Weekday,Friday,Medium_Load
3.1,2.7,0,75.41,100,Weekend,Saturday,Light_Load
2.77,0,10.98,100,24.46,Weekend,Sunday,Light_Load
3.38,0,8.17,100,38.23,Weekend,Saturday,Light_Load
114.98,56.09,0,89.88,100,Weekday,Thursday,Medium_Load
45.4,18.18,0,92.83,100,Weekday,Thursday,Maximum_Load
4.18,0,26.93,100,15.34,Weekend,Saturday,Medium_Load
3.1,3.85,0,62.72,100,Weekday,Thursday,Light_Load
3.78,0,19.3,100,19.22,Weekend,Saturday,Light_Load
3.38,0,15.95,100,20.73,Weekend,Sunday,Medium_Load
94,30.31,0,95.17,100,Weekday,Wednesday,Medium_Load
88.09,10.84,0,99.25,100,Weekend,Saturday,Maximum_Load
14,0,21.82,100,54,Weekend,Sunday,Maximum_Load
3.13,5.83,0,47.3,100,Weekend,Saturday,Light_Load
37.26,5.18,0.97,99.05,99.97,Weekday,Tuesday,Maximum_Load
32,1.44,0.68,99.9,99.98,Weekday,Wednesday,Maximum_Load
8.17,0,23,100,33.47,Weekday,Monday,Medium_Load
3.78,0,15.95,100,23.06,Weekday,Thursday,Medium_Load
2.77,4.14,0,55.61,100,Weekday,Thursday,Light_Load
41.22,1.12,0.72,99.96,99.98,Weekday,Monday,Medium_Load
4,5.15,0,61.34,100,Weekday,Thursday,Light_Load
3.67,4.21,0,65.71,100,Weekday,Monday,Light_Load
117.61,66.56,0,87.03,100,Weekday,Friday,Light_Load
2.88,4.18,0,56.74,100,Weekend,Saturday,Light_Load
76.54,29.59,0,93.27,100,Weekday,Wednesday,Medium_Load
72.54,35.82,0,89.66,100,Weekday,Tuesday,Maximum_Load
56.3,12.06,0,97.78,100,Weekday,Wednesday,Medium_Load
3.6,7.49,0,43.32,100,Weekend,Saturday,Light_Load
67.54,30.82,0.4,90.98,100,Weekday,Tuesday,Maximum_Load
64.94,63.22,0,71.65,100,Weekday,Friday,Light_Load
96.12,30.46,0,95.33,100,Weekday,Monday,Maximum_Load
52.13,2.95,1.26,99.84,99.97,Weekday,Tuesday,Medium_Load
97.45,17.82,0,98.37,100,Weekday,Wednesday,Maximum_Load
2.66,5.54,0,43.28,100,Weekday,Monday,Light_Load
4.79,0,24.77,100,18.99,Weekend,Sunday,Maximum_Load
133.63,44.6,0,94.86,100,Weekday,Friday,Medium_Load
72.61,40,0,87.59,100,Weekday,Tuesday,Medium_Load
2.52,4.43,0,49.44,100,Weekday,Tuesday,Light_Load
4.54,0,21.24,100,20.9,Weekend,Sunday,Light_Load
59.9,36.29,0,85.53,100,Weekday,Monday,Maximum_Load
51.34,51.01,0,70.94,100,Weekday,Thursday,Light_Load
3.24,5.11,0,53.55,100,Weekday,Wednesday,Medium_Load
4.36,0,26.21,100,16.41,Weekday,Tuesday,Medium_Load
24.88,15.66,0,84.63,100,Weekday,Tuesday,Maximum_Load
3.64,4.9,0,59.63,100,Weekday,Thursday,Light_Load
2.81,4.07,0,56.82,100,Weekend,Sunday,Light_Load
27,0,5.83,100,97.75,Weekend,Saturday,Medium_Load
40.46,32.04,0,78.4,100,Weekday,Thursday,Light_Load
9.22,8.64,0,72.97,100,Weekend,Sunday,Light_Load
54.79,28.19,0,88.92,100,Weekday,Friday,Maximum_Load
34.6,4,4.28,99.34,99.24,Weekday,Thursday,Maximum_Load
104.65,53.71,0,88.97,100,Weekday,Friday,Light_Load
13.28,0.79,6.37,99.82,90.16,Weekend,Sunday,Maximum_Load
7.16,0.11,14.72,99.99,43.74,Weekday,Thursday,Medium_Load
2.92,2.84,0,71.69,100,Weekday,Tuesday,Light_Load
3.64,3.6,0,71.1,100,Weekday,Thursday,Medium_Load
50.58,26.75,0,88.4,100,Weekday,Monday,Maximum_Load
2.66,4.82,0,48.32,100,Weekday,Monday,Light_Load
35.6,2.3,4.86,99.79,99.08,Weekday,Tuesday,Medium_Load
33.88,1.04,2.34,99.95,99.76,Weekend,Saturday,Medium_Load
3.02,5.62,0,47.34,100,Weekday,Monday,Light_Load
61.67,15.01,0,97.16,100,Weekday,Friday,Medium_Load
61.52,20.63,0,94.81,100,Weekday,Friday,Maximum_Load
60.34,38.84,0,84.09,100,Weekday,Thursday,Maximum_Load
6.77,0,21.89,100,29.55,Weekday,Wednesday,Medium_Load
4.43,0,17.24,100,24.89,Weekday,Wednesday,Medium_Load
76.14,30.6,0,92.79,100,Weekday,Tuesday,Medium_Load
4.54,4.61,0,70.17,100,Weekday,Thursday,Light_Load
48.49,32.72,0,82.89,100,Weekday,Thursday,Medium_Load
3.17,3.85,0,63.56,100,Weekend,Saturday,Light_Load
100.69,40.46,0,92.79,100,Weekday,Wednesday,Maximum_Load
4.21,3.31,0.11,78.61,99.97,Weekday,Wednesday,Light_Load
4.86,5.87,0,63.77,100,Weekday,Wednesday,Light_Load
3.13,4.1,0,60.68,100,Weekday,Monday,Light_Load
3.74,3.82,0,69.96,100,Weekday,Thursday,Light_Load
5.15,6.84,0,60.15,100,Weekday,Friday,Light_Load
109.12,43.02,0,93.03,100,Weekday,Wednesday,Medium_Load
2.7,4.86,0,48.56,100,Weekday,Wednesday,Light_Load
57.35,28.91,0,89.3,100,Weekday,Monday,Maximum_Load
3.67,0,17.6,100,20.41,Weekend,Saturday,Medium_Load
3.49,5.98,0,50.41,100,Weekend,Saturday,Light_Load
71.6,32.08,0,91.26,100,Weekday,Thursday,Maximum_Load
69.05,30.1,0,91.67,100,Weekday,Wednesday,Light_Load
3.28,6.08,0,47.48,100,Weekend,Saturday,Light_Load
58.14,27.04,0,90.67,100,Weekday,Thursday,Maximum_Load
3.38,0,17.06,100,19.43,Weekend,Sunday,Light_Load
51.59,4.03,2.34,99.7,99.9,Weekday,Thursday,Medium_Load
90.4,40.39,0,91.3,100,Weekday,Thursday,Medium_Load
97.02,40.25,0,92.37,100,Weekday,Thursday,Maximum_Load
4.9,0,20.52,100,23.23,Weekend,Saturday,Maximum_Load
59.58,35.96,0,85.61,100,Weekday,Tuesday,Medium_Load
3.31,5.98,0,48.43,100,Weekend,Saturday,Light_Load
4.39,0,23.47,100,18.39,Weekend,Saturday,Maximum_Load
57.82,41.11,0,81.5,100,Weekday,Friday,Maximum_Load
41.15,31.72,0,79.2,100,Weekday,Thursday,Light_Load
2.88,5.11,0,49.1,100,Weekday,Wednesday,Light_Load
2.56,4.68,0,47.99,100,Weekday,Monday,Light_Load
3.71,4.36,0,64.81,100,Weekday,Thursday,Medium_Load
94.32,61.96,0,83.58,100,Weekday,Friday,Maximum_Load
61.31,33.59,0,87.7,100,Weekday,Tuesday,Maximum_Load
3.1,1.87,0.36,85.63,99.33,Weekday,Friday,Light_Load
5.76,4.86,0,76.43,100,Weekday,Monday,Maximum_Load
124.63,55.33,0,91.4,100,Weekday,Thursday,Medium_Load
3.92,6.26,0,53.07,100,Weekday,Thursday,Light_Load
45.79,12.78,0,96.32,100,Weekday,Monday,Maximum_Load
3.64,6.8,0,47.19,100,Weekday,Wednesday,Medium_Load
38.09,29.23,0,79.33,100,Weekend,Sunday,Light_Load
3.53,6.91,0,45.49,100,Weekday,Tuesday,Light_Load
88.78,13,0,98.94,100,Weekend,Saturday,Medium_Load
76.64,25.63,0,94.84,100,Weekday,Monday,Medium_Load
3.2,5.22,0,52.26,100,Weekday,Wednesday,Light_Load
3.67,6.16,0,51.18,100,Weekday,Thursday,Light_Load
6.08,0,20.05,100,29.02,Weekend,Saturday,Medium_Load
39.06,21.49,1.44,87.61,99.93,Weekday,Thursday,Medium_Load
30.46,9.65,0,95.33,100,Weekday,Monday,Medium_Load
2.74,4.9,0,48.81,100,Weekend,Saturday,Light_Load
58.75,34.27,0,86.38,100,Weekday,Monday,Maximum_Load
68.18,37.4,0,87.68,100,Weekday,Wednesday,Medium_Load
3.2,0,17.96,100,17.54,Weekend,Saturday,Medium_Load
48.64,17.39,0,94.16,100,Weekday,Tuesday,Maximum_Load
51.52,22.21,0,91.83,100,Weekday,Thursday,Maximum_Load
3.96,3.78,0,72.34,100,Weekend,Saturday,Light_Load
78.19,29.66,0,93.5,100,Weekday,Thursday,Medium_Load
50.58,17.32,0,94.61,100,Weekend,Saturday,Maximum_Load
5.04,0,26.93,100,18.4,Weekday,Wednesday,Medium_Load
49.39,23.51,0,90.29,100,Weekday,Monday,Maximum_Load
55.66,26.03,0,90.58,100,Weekday,Wednesday,Maximum_Load
2.95,2.66,1.98,74.27,83.03,Weekend,Sunday,Light_Load
3.85,6.34,0,51.9,100,Weekend,Sunday,Light_Load
2.95,6.26,0,42.63,100,Weekday,Thursday,Light_Load
52.06,25.02,0,90.13,100,Weekday,Thursday,Medium_Load
3.24,0,17.82,100,17.89,Weekday,Wednesday,Light_Load
3.89,0,18.79,100,20.27,Weekday,Thursday,Medium_Load
71.78,42.05,0,86.28,100,Weekday,Thursday,Medium_Load
4.72,0,21.71,100,21.24,Weekend,Saturday,Maximum_Load
56.2,20.09,1.91,94.16,99.94,Weekday,Thursday,Medium_Load
3.56,5.36,0,55.33,100,Weekday,Tuesday,Light_Load
67.32,37.26,0,87.49,100,Weekday,Monday,Medium_Load
99.68,38.45,0,93.3,100,Weekday,Thursday,Maximum_Load
53.89,24.44,0,91.07,100,Weekday,Wednesday,Maximum_Load
3.35,2.77,0,77.07,100,Weekend,Sunday,Light_Load
3.06,4.5,0,56.23,100,Weekend,Saturday,Light_Load
3.1,0,14.72,100,20.61,Weekend,Sunday,Light_Load
3.1,3.67,0,64.53,100,Weekday,Wednesday,Light_Load
53.24,24.08,0,91.11,100,Weekday,Tuesday,Medium_Load
48.64,35.35,0.18,80.89,100,Weekday,Wednesday,Maximum_Load
66.53,38.05,0,86.81,100,Weekday,Wednesday,Medium_Load
111.31,62.14,0,87.32,100,Weekday,Monday,Medium_Load
3.1,4.82,0,54.09,100,Weekday,Friday,Light_Load
2.66,4.43,0,51.48,100,Weekday,Wednesday,Light_Load
32.15,10.58,0,94.99,100,Weekday,Tuesday,Medium_Load
50.65,14.72,0,96.03,100,Weekday,Wednesday,Maximum_Load
2.59,4.64,0,48.74,100,Weekday,Wednesday,Light_Load
49.32,17.03,0,94.52,100,Weekday,Thursday,Medium_Load
3.13,0,18.07,100,17.07,Weekend,Sunday,Light_Load
71.46,42.26,0,86.07,100,Weekday,Friday,Maximum_Load
3.49,5.8,0,51.56,100,Weekday,Friday,Light_Load
110.45,63.79,0,86.6,100,Weekday,Thursday,Maximum_Load
2.84,4.32,0,54.93,100,Weekday,Wednesday,Light_Load
3.74,2.95,0.25,78.52,99.78,Weekend,Sunday,Light_Load
3.67,1.22,3.49,94.89,72.47,Weekday,Thursday,Medium_Load
2.59,4.07,0,53.69,100,Weekday,Tuesday,Light_Load
3.02,3.02,0,70.71,100,Weekday,Tuesday,Light_Load
4.07,2.88,0.22,81.63,99.85,Weekend,Sunday,Light_Load
29.45,0,8.42,100,96.15,Weekday,Monday,Medium_Load
37.73,6.34,2.7,98.62,99.74,Weekday,Tuesday,Medium_Load
2.84,5.26,0,47.51,100,Weekday,Thursday,Light_Load
50.87,23.8,0,90.58,100,Weekday,Monday,Medium_Load
98.86,53.42,0,87.98,100,Weekday,Thursday,Maximum_Load
2.59,3.42,0,60.37,100,Weekend,Sunday,Light_Load
46.12,13.07,9.32,96.21,98.02,Weekday,Wednesday,Maximum_Load
3.35,0,20.27,100,16.31,Weekend,Sunday,Light_Load
3.56,5.04,0,57.69,100,Weekday,Tuesday,Medium_Load
5.04,0,19.4,100,25.14,Weekend,Saturday,Light_Load
5.26,0,22.43,100,22.83,Weekday,Thursday,Medium_Load
4.21,0,20.12,100,20.48,Weekday,Monday,Light_Load
2.95,5.4,0,47.94,100,Weekday,Wednesday,Light_Load
52.2,22.79,0,91.65,100,Weekday,Tuesday,Maximum_Load
89.42,46.15,0.29,88.86,100,Weekday,Thursday,Maximum_Load
2.7,4.9,0,48.26,100,Weekend,Sunday,Light_Load
3.35,3.31,0,71.13,100,Weekday,Friday,Light_Load
4.64,4.79,0,69.58,100,Weekday,Thursday,Light_Load
115.67,57.56,0,89.53,100,Weekday,Wednesday,Maximum_Load
91.3,45.83,0,89.37,100,Weekday,Friday,Medium_Load
64.33,34.78,0,87.97,100,Weekday,Friday,Maximum_Load
29.77,1.01,1.4,99.94,99.89,Weekday,Wednesday,Medium_Load
3.02,5,0,51.7,100,Weekend,Sunday,Light_Load
47.7,26.35,0,87.53,100,Weekday,Thursday,Medium_Load
6.52,3.06,0.22,90.53,99.94,Weekday,Friday,Light_Load
3.89,0,9.86,100,36.7,Weekday,Wednesday,Medium_Load
103.82,26.68,0,96.85,100,Weekday,Monday,Maximum_Load
106.96,34.38,0,95.2,100,Weekday,Friday,Medium_Load
64.48,42.3,0,83.61,100,Weekday,Friday,Maximum_Load
2.99,0,17.14,100,17.19,Weekend,Sunday,Light_Load
53.35,41.15,0,79.18,100,Weekday,Monday,Light_Load
3.13,3.92,0,62.4,100,Weekend,Saturday,Light_Load
3.82,4.07,0,68.44,100,Weekday,Monday,Medium_Load
3.85,4.86,0,62.1,100,Weekday,Thursday,Medium_Load
37.22,27.9,0,80.02,100,Weekday,Thursday,Light_Load
2.63,4.28,0,52.35,100,Weekend,Saturday,Light_Load
2.99,3.13,0,69.08,100,Weekend,Sunday,Light_Load
3.06,0,16.88,100,17.84,Weekend,Saturday,Medium_Load
104,46.84,0,91.18,100,Weekday,Wednesday,Maximum_Load
3.96,4.5,0,66.06,100,Weekday,Thursday,Light_Load
58.93,30.38,0,88.88,100,Weekday,Friday,Maximum_Load
3.56,0,17.78,100,19.63,Weekend,Saturday,Medium_Load
3.35,4.25,0,61.9,100,Weekday,Thursday,Light_Load
3.96,3.06,0.25,79.13,99.8,Weekend,Saturday,Light_Load
115.7,61.42,0,88.33,100,Weekday,Wednesday,Maximum_Load
55.94,26.71,0,90.24,100,Weekday,Friday,Maximum_Load
48.13,33.73,1.3,81.89,99.96,Weekday,Monday,Maximum_Load
88.34,28.37,0,95.21,100,Weekend,Sunday,Maximum_Load
2.92,5.4,0,47.57,100,Weekend,Saturday,Light_Load
69.23,42.05,0,85.47,100,Weekday,Friday,Medium_Load
73.12,40.18,0,87.64,100,Weekday,Monday,Maximum_Load
3.31,5.9,0,48.93,100,Weekday,Wednesday,Light_Load
3.13,0,16.6,100,18.53,Weekend,Saturday,Light_Load
4.82,0,26.39,100,17.97,Weekday,Wednesday,Medium_Load
4.72,0,26.42,100,17.59,Weekend,Saturday,Light_Load
4.9,0,16.81,100,27.98,Weekend,Saturday,Maximum_Load
54.54,31.68,0,86.47,100,Weekday,Wednesday,Light_Load
2.74,5.11,0,47.26,100,Weekend,Sunday,Light_Load
3.31,3.2,0,71.9,100,Weekend,Sunday,Light_Load
5.65,5.29,0,73,100,Weekday,Monday,Light_Load
58.07,32.4,0,87.33,100,Weekday,Friday,Maximum_Load
29.99,0,8.28,100,96.39,Weekday,Monday,Medium_Load
4.75,4.39,0,73.44,100,Weekend,Saturday,Light_Load
3.96,2.34,0.58,86.09,98.94,Weekday,Wednesday,Light_Load
49.18,17.89,0,93.98,100,Weekend,Saturday,Maximum_Load
3.28,3.56,0,67.76,100,Weekday,Monday,Light_Load
3.42,2.2,0.22,84.1,99.79,Weekday,Thursday,Light_Load
74.05,38.99,0,88.48,100,Weekday,Thursday,Light_Load
3.17,6.73,0,42.61,100,Weekday,Friday,Light_Load
109.4,51.08,0,90.61,100,Weekday,Friday,Medium_Load
3.42,4.32,0,62.07,100,Weekday,Tuesday,Light_Load
43.42,10.33,0,97.28,100,Weekday,Monday,Maximum_Load
2.99,3.13,0,69.08,100,Weekend,Saturday,Light_Load
103.86,42.62,0,92.51,100,Weekday,Wednesday,Medium_Load
3.42,0,18.36,100,18.31,Weekend,Saturday,Medium_Load
3.53,4.18,0,64.52,100,Weekday,Wednesday,Medium_Load
44.24,13.25,0.29,95.8,100,Weekday,Wednesday,Maximum_Load
3.85,3.31,0.04,75.83,99.99,Weekday,Tuesday,Light_Load
2.52,3.6,0,57.35,100,Weekend,Saturday,Light_Load
66.96,31.14,0.25,90.67,100,Weekday,Tuesday,Medium_Load
86.44,60.01,0,82.14,100,Weekday,Friday,Light_Load
4.68,6.12,0,60.75,100,Weekend,Saturday,Light_Load
68.72,43.13,0,84.7,100,Weekday,Tuesday,Maximum_Load
7.45,0,25.38,100,28.17,Weekday,Friday,Medium_Load
26.46,1.4,0.94,99.86,99.94,Weekend,Saturday,Medium_Load
3.02,3.35,0,66.96,100,Weekend,Sunday,Light_Load
2.95,1.91,0.25,83.94,99.64,Weekend,Sunday,Light_Load
3.49,5,0,57.24,100,Weekday,Tuesday,Light_Load
4.61,4.82,0,69.12,100,Weekday,Tuesday,Light_Load
2.81,4.1,0,56.53,100,Weekday,Wednesday,Light_Load
2.92,6.34,0,41.83,100,Weekday,Wednesday,Medium_Load
58.32,19.58,7.56,94.8,99.17,Weekday,Tuesday,Maximum_Load
3.06,2.16,0.07,81.7,99.97,Weekend,Sunday,Light_Load
68.33,47.09,0,82.34,100,Weekday,Monday,Maximum_Load
47.7,26.06,0,87.76,100,Weekend,Sunday,Maximum_Load
4.03,5.29,0,60.6,100,Weekday,Monday,Light_Load
3.56,3.71,0,69.24,100,Weekend,Saturday,Light_Load
41.76,15.3,0,93.9,100,Weekend,Sunday,Light_Load
61.06,43.56,0,81.41,100,Weekday,Monday,Maximum_Load
38.74,11.34,1.69,95.97,99.9,Weekday,Thursday,Maximum_Load
4.07,3.53,0,75.54,100,Weekend,Saturday,Light_Load
2.81,5.54,0,45.24,100,Weekday,Monday,Light_Load
4.1,0,13,100,30.08,Weekday,Monday,Medium_Load
92.99,16.38,0,98.48,100,Weekend,Saturday,Maximum_Load
3.6,0,17.35,100,20.32,Weekday,Monday,Light_Load
5.58,0,26.39,100,20.69,Weekday,Friday,Medium_Load
2.88,4.28,0,55.83,100,Weekday,Wednesday,Light_Load
3.38,2.84,0,76.56,100,Weekend,Sunday,Light_Load
2.77,5.72,0,43.58,100,Weekend,Sunday,Light_Load
32.22,33.12,0,69.73,100,Weekday,Tuesday,Maximum_Load
66.24,32.29,0,89.89,100,Weekday,Tuesday,Maximum_Load
3.67,5.04,0,58.86,100,Weekday,Friday,Medium_Load
2.95,4.68,0,53.32,100,Weekday,Thursday,Light_Load
48.92,19.91,0,92.62,100,Weekday,Tuesday,Maximum_Load
47.41,24.26,0,89.02,100,Weekday,Tuesday,Maximum_Load
4.32,3.1,0,81.25,100,Weekday,Tuesday,Light_Load
67.54,27.68,0,92.53,100,Weekday,Tuesday,Medium_Load
3.2,4.93,0,54.45,100,Weekend,Saturday,Light_Load
3.85,3.46,0,74.38,100,Weekday,Monday,Light_Load
3.17,0,14.47,100,21.4,Weekend,Saturday,Light_Load
3.1,3.53,0,65.99,100,Weekend,Saturday,Light_Load
3.67,0,10.62,100,32.66,Weekday,Monday,Medium_Load
3.64,0,18.58,100,19.23,Weekend,Sunday,Maximum_Load
39.17,9.72,0,97.06,100,Weekday,Monday,Maximum_Load
2.59,4.82,0,47.33,100,Weekday,Tuesday,Light_Load
5.94,0,21.46,100,26.68,Weekend,Sunday,Maximum_Load
21.1,6.12,17.53,96.04,76.92,Weekday,Tuesday,Medium_Load
39.49,7.09,0.4,98.43,99.99,Weekday,Wednesday,Medium_Load
4.54,0,11.63,100,36.36,Weekend,Saturday,Medium_Load
37.76,2.38,1.37,99.8,99.93,Weekday,Thursday,Medium_Load
6.77,5.36,0,78.4,100,Weekday,Tuesday,Light_Load
84.74,35.42,0,92.26,100,Weekday,Friday,Medium_Load
63.94,19.37,0,95.7,100,Weekday,Thursday,Medium_Load
3.74,3.46,0,73.41,100,Weekday,Thursday,Light_Load
93.67,39.56,0,92.12,100,Weekday,Thursday,Maximum_Load
3.56,4.68,0,60.54,100,Weekday,Wednesday,Light_Load
49.72,27.86,0,87.24,100,Weekday,Tuesday,Maximum_Load
2.84,0,10.48,100,26.16,Weekday,Monday,Light_Load
3.13,5.22,0,51.43,100,Weekday,Friday,Light_Load
5.65,0,16.09,100,33.13,Weekend,Sunday,Maximum_Load
120.82,47.66,0,93.02,100,Weekday,Thursday,Medium_Load
38.77,0.65,4.03,99.99,99.46,Weekday,Tuesday,Maximum_Load
2.88,0,11.56,100,24.17,Weekend,Sunday,Light_Load
49.54,21.17,0,91.96,100,Weekday,Tuesday,Maximum_Load
60.37,16.31,0.79,96.54,99.99,Weekday,Tuesday,Medium_Load
2.88,6.08,0,42.81,100,Weekend,Sunday,Light_Load
3.67,0,18.14,100,19.83,Weekend,Saturday,Medium_Load
109.12,53.42,0,89.81,100,Weekend,Saturday,Maximum_Load
3.1,0,4.32,100,58.3,Weekday,Friday,Light_Load
4.25,4.64,0,67.54,100,Weekday,Monday,Light_Load
28.08,2.41,1.44,99.63,99.87,Weekday,Friday,Maximum_Load
78.84,22.82,0,96.06,100,Weekday,Tuesday,Medium_Load
2.95,0,13.46,100,21.41,Weekend,Sunday,Light_Load
3.02,5.47,0,48.33,100,Weekday,Wednesday,Light_Load
68.29,40.28,0,86.13,100,Weekday,Monday,Medium_Load
3.35,5.4,0,52.72,100,Weekend,Saturday,Light_Load
3.02,5.72,0,46.69,100,Weekday,Friday,Light_Load
3.02,3.06,0,70.24,100,Weekday,Thursday,Light_Load
3.49,6.3,0,48.46,100,Weekday,Wednesday,Light_Load
90.86,54.29,0,85.84,100,Weekday,Tuesday,Maximum_Load
2.95,4.18,0,57.66,100,Weekend,Sunday,Light_Load
2.92,6.37,0,41.67,100,Weekend,Sunday,Light_Load
80.75,35.5,0,91.54,100,Weekday,Wednesday,Medium_Load
3.56,0,26.21,100,13.46,Weekend,Sunday,Medium_Load
29.34,0,8.89,100,95.7,Weekday,Monday,Medium_Load
2.77,5.11,0,47.66,100,Weekend,Sunday,Light_Load
96.55,25.56,0.61,96.67,100,Weekday,Thursday,Medium_Load
47.12,16.02,0,94.68,100,Weekday,Wednesday,Maximum_Load
60.08,29.02,0,90.05,100,Weekday,Monday,Maximum_Load
3.38,0,13.72,100,23.92,Weekday,Monday,Light_Load
2.99,0,11.92,100,24.33,Weekend,Sunday,Light_Load
46.22,25.67,0,87.42,100,Weekday,Wednesday,Medium_Load
38.34,18.58,0,89.99,100,Weekday,Friday,Maximum_Load
3.31,5.22,0,53.55,100,Weekend,Saturday,Light_Load
54.72,55.58,0,70.16,100,Weekday,Tuesday,Maximum_Load
4.32,6.62,0,54.65,100,Weekday,Thursday,Light_Load
35.71,36.18,0,70.25,100,Weekday,Friday,Light_Load
2.88,5.83,0,44.29,100,Weekend,Saturday,Light_Load
94.82,11.74,0.04,99.24,100,Weekday,Tuesday,Maximum_Load
62.1,42.73,0,82.38,100,Weekday,Monday,Light_Load
3.46,4.18,0,63.76,100,Weekend,Sunday,Light_Load
104.62,43.02,0,92.49,100,Weekday,Monday,Maximum_Load
2.88,5.11,0,49.1,100,Weekday,Tuesday,Light_Load
3.71,0,17.17,100,21.12,Weekday,Thursday,Medium_Load
2.84,5,0,49.39,100,Weekday,Monday,Light_Load
6.66,0,25.63,100,25.15,Weekday,Friday,Medium_Load
2.99,5.62,0,46.97,100,Weekday,Friday,Light_Load
2.95,0,11.34,100,25.18,Weekend,Sunday,Light_Load
3.6,4.61,0,61.55,100,Weekend,Saturday,Light_Load
4.28,0,21.67,100,19.38,Weekday,Wednesday,Medium_Load
5.83,5.26,0.25,74.25,99.91,Weekday,Wednesday,Maximum_Load
51.59,32.58,0,84.55,100,Weekday,Friday,Medium_Load
4.93,0,17.78,100,26.72,Weekend,Saturday,Light_Load
2.95,5.47,0,47.47,100,Weekday,Tuesday,Light_Load
67,32.83,0,89.8,100,Weekday,Thursday,Medium_Load
65.09,30.56,0,90.52,100,Weekday,Wednesday,Medium_Load
81.76,12.13,0.22,98.92,100,Weekday,Wednesday,Medium_Load
3.17,3.13,0,71.16,100,Weekend,Saturday,Light_Load
56.45,27.61,0,89.83,100,Weekday,Wednesday,Medium_Load
69.41,24.34,0,94.37,100,Weekday,Monday,Maximum_Load
50.04,10.4,0.14,97.91,100,Weekday,Thursday,Medium_Load
3.31,0,17.32,100,18.77,Weekday,Thursday,Light_Load
3.24,4.18,0,61.26,100,Weekend,Saturday,Light_Load
4.79,0,22.28,100,21.02,Weekday,Monday,Medium_Load
54.18,19.73,0,93.96,100,Weekday,Wednesday,Maximum_Load
2.7,4.82,0,48.87,100,Weekday,Monday,Medium_Load
5.22,5.47,0,69.04,100,Weekday,Wednesday,Maximum_Load
50.33,24.26,0,90.08,100,Weekday,Thursday,Maximum_Load
3.02,0,17.14,100,17.35,Weekend,Sunday,Medium_Load
4.1,6.48,0,53.47,100,Weekday,Friday,Light_Load
81.72,41.9,0,88.99,100,Weekday,Monday,Medium_Load
4.18,4.79,0,65.75,100,Weekday,Thursday,Light_Load
3.6,4.57,0,61.88,100,Weekday,Friday,Light_Load
3.02,0,11.38,100,25.65,Weekend,Sunday,Light_Load
3.67,3.13,0,76.09,100,Weekday,Wednesday,Light_Load
2.95,4.86,0,51.89,100,Weekday,Friday,Light_Load
4.07,0,10.19,100,37.09,Weekend,Sunday,Medium_Load
2.7,3.42,0,61.96,100,Weekend,Sunday,Medium_Load
3.06,1.08,5.22,94.3,50.57,Weekend,Saturday,Light_Load
3.24,4.64,0,57.25,100,Weekday,Friday,Light_Load
26.78,0.11,11.05,100,92.44,Weekend,Saturday,Maximum_Load
84.53,43.16,0,89.06,100,Weekday,Tuesday,Maximum_Load
3.13,4.32,0,58.67,100,Weekday,Thursday,Light_Load
2.92,0,11.34,100,24.94,Weekend,Saturday,Medium_Load
123.77,79.63,0,84.1,100,Weekday,Wednesday,Light_Load
59.47,51.62,0,75.52,100,Weekday,Thursday,Light_Load
3.38,0,26.64,100,12.59,Weekend,Saturday,Medium_Load
3.67,0,8.64,100,39.1,Weekend,Saturday,Medium_Load
3.24,5,0,54.38,100,Weekday,Thursday,Light_Load
61.56,46.44,0,79.83,100,Weekday,Friday,Maximum_Load
4.21,3.24,0.14,79.25,99.94,Weekday,Thursday,Light_Load
27.54,0,12.56,100,90.98,Weekday,Friday,Maximum_Load
4.14,6.52,0,53.6,100,Weekday,Thursday,Light_Load
3.1,5.04,0,52.39,100,Weekday,Thursday,Light_Load
2.56,4,0,53.91,100,Weekend,Saturday,Light_Load
79.81,44.75,0,87.22,100,Weekday,Monday,Medium_Load
3.53,3.46,0,71.42,100,Weekend,Saturday,Light_Load
61.52,44.93,0,80.76,100,Weekday,Friday,Maximum_Load
62.89,18.36,0,95.99,100,Weekday,Friday,Medium_Load
100.3,55.58,0,87.47,100,Weekday,Monday,Maximum_Load
2.92,4.57,0,53.84,100,Weekday,Tuesday,Light_Load
3.64,0.9,12.06,97.08,28.89,Weekday,Wednesday,Medium_Load
2.92,4.18,0,57.27,100,Weekday,Wednesday,Light_Load
2.81,0,4.79,100,50.6,Weekday,Wednesday,Medium_Load
2.88,0,11.48,100,24.33,Weekend,Saturday,Medium_Load
57.42,37.66,0.14,83.62,100,Weekday,Thursday,Medium_Load
4.61,5.22,0,66.2,100,Weekday,Tuesday,Light_Load
80.39,52.7,0,83.63,100,Weekday,Wednesday,Maximum_Load
2.74,4.93,0,48.58,100,Weekend,Sunday,Light_Load
2.77,4.75,0,50.38,100,Weekday,Thursday,Light_Load
3.24,6.26,0,45.97,100,Weekday,Friday,Light_Load
3.28,6.62,0,44.4,100,Weekday,Monday,Light_Load
2.88,4.46,0,54.25,100,Weekday,Monday,Light_Load
27.54,0,11.63,100,92.12,Weekend,Sunday,Maximum_Load
4.46,0,12.85,100,32.79,Weekend,Saturday,Medium_Load
3.56,6.77,0,46.54,100,Weekday,Wednesday,Light_Load
2.92,3.49,0,64.17,100,Weekday,Friday,Light_Load
2.88,0,11.41,100,24.47,Weekday,Wednesday,Medium_Load
5.44,0,21.6,100,24.42,Weekday,Friday,Medium_Load
48.89,16.63,0,94.67,100,Weekday,Thursday,Maximum_Load
43.38,28.84,0,83.28,100,Weekday,Tuesday,Light_Load
66.74,23.29,0,94.42,100,Weekday,Tuesday,Medium_Load
3.6,3.56,0,71.1,100,Weekday,Friday,Light_Load
78.77,43.78,0,87.41,100,Weekday,Monday,Medium_Load
57.96,34.09,0,86.2,100,Weekday,Friday,Light_Load
49.03,32.83,0,83.09,100,Weekday,Friday,Medium_Load
34.85,27.4,0,78.61,100,Weekend,Saturday,Light_Load
3.1,2.7,0,75.41,100,Weekend,Saturday,Light_Load
2.84,4.28,0,55.29,100,Weekday,Monday,Light_Load
4.36,6.37,0,56.48,100,Weekday,Friday,Light_Load
2.81,6.19,0,41.34,100,Weekday,Wednesday,Light_Load
78.95,39.35,0,89.5,100,Weekend,Saturday,Maximum_Load
4,0,26.57,100,14.89,Weekend,Sunday,Medium_Load
2.59,4.36,0,51.07,100,Weekday,Wednesday,Light_Load
7.16,0,24.59,100,27.96,Weekday,Tuesday,Medium_Load
79.52,39.82,0,89.42,100,Weekday,Monday,Light_Load
3.24,5.62,0,49.95,100,Weekend,Sunday,Light_Load
4.5,4.18,0,73.27,100,Weekday,Monday,Light_Load
45.54,17.17,0.04,93.57,100,Weekday,Friday,Medium_Load
2.66,0,11.66,100,22.24,Weekday,Tuesday,Light_Load
56.77,19.8,0,94.42,100,Weekday,Thursday,Medium_Load
31.32,1.26,1.69,99.92,99.85,Weekend,Sunday,Maximum_Load
2.63,5.18,0,45.27,100,Weekend,Saturday,Light_Load
41.36,7.96,0.22,98.2,100,Weekday,Wednesday,Medium_Load
4.72,5.15,0,67.57,100,Weekday,Friday,Light_Load
63.97,25.74,0,92.77,100,Weekday,Thursday,Maximum_Load
55.08,37.73,0,82.5,100,Weekday,Friday,Medium_Load
46.87,31.39,0,83.09,100,Weekday,Monday,Maximum_Load
4.43,4.46,0,70.47,100,Weekend,Sunday,Light_Load
2.63,4.64,0,49.31,100,Weekday,Monday,Light_Load
3.74,6.91,0,47.6,100,Weekday,Wednesday,Light_Load
4.14,0,15.05,100,26.52,Weekend,Sunday,Light_Load
48.96,21.2,0,91.77,100,Weekday,Monday,Medium_Load
44.03,7.85,0.14,98.45,100,Weekday,Wednesday,Medium_Load
3.1,5.98,0,46.02,100,Weekday,Tuesday,Light_Load
51.59,24.77,0,90.15,100,Weekday,Thursday,Medium_Load
58,21.53,0,93.75,100,Weekday,Monday,Medium_Load
10.15,0,20.2,100,44.9,Weekday,Thursday,Medium_Load
51.01,19.55,0,93.38,100,Weekday,Wednesday,Maximum_Load
3.17,0,16.67,100,18.68,Weekend,Sunday,Light_Load
3.85,5.54,0,57.07,100,Weekday,Friday,Light_Load
23.76,0.29,5.33,99.99,97.58,Weekend,Sunday,Medium_Load
2.95,0,14.58,100,19.83,Weekday,Tuesday,Light_Load
2.52,4.25,0,51,100,Weekend,Saturday,Light_Load
3.02,2.02,0.14,83.12,99.89,Weekday,Monday,Light_Load
4.93,0,18.9,100,25.24,Weekend,Sunday,Maximum_Load
3.06,3.82,0,62.52,100,Weekday,Monday,Light_Load
3.46,0,12.96,100,25.79,Weekend,Saturday,Light_Load
26.21,0.54,5.29,99.98,98.02,Weekend,Saturday,Medium_Load
4.68,4.79,0,69.88,100,Weekday,Wednesday,Light_Load
3.42,2.12,0.22,84.99,99.79,Weekday,Thursday,Light_Load
2.95,4.54,0,54.49,100,Weekend,Sunday,Light_Load
3.2,5.22,0,52.26,100,Weekday,Wednesday,Light_Load
3.35,5.69,0,50.74,100,Weekend,Saturday,Light_Load
2.88,0,13.79,100,20.44,Weekday,Wednesday,Medium_Load
91.84,24.66,0,96.58,100,Weekday,Tuesday,Medium_Load
110.2,58.03,0,88.48,100,Weekend,Sunday,Maximum_Load
67.32,49.54,0,80.54,100,Weekday,Friday,Light_Load
77.08,26.35,0,94.62,100,Weekday,Friday,Maximum_Load
37.33,15.52,0,92.34,100,Weekday,Tuesday,Medium_Load
46.12,11.02,0.07,97.26,100,Weekday,Tuesday,Medium_Load
3.28,3.13,0,72.35,100,Weekend,Sunday,Light_Load
4.14,3.64,0.04,75.1,100,Weekday,Tuesday,Maximum_Load
60.3,36.32,0,85.66,100,Weekday,Wednesday,Maximum_Load
2.84,0,10.58,100,25.93,Weekday,Monday,Light_Load
4.75,0,17.89,100,25.66,Weekend,Sunday,Light_Load
3.1,5.65,0,48.1,100,Weekday,Thursday,Light_Load
3.02,6.19,0,43.85,100,Weekday,Friday,Light_Load
2.88,5.62,0,45.61,100,Weekday,Thursday,Light_Load
3.06,3.42,0,66.68,100,Weekend,Sunday,Light_Load
3.38,5.8,0,50.35,100,Weekday,Thursday,Light_Load
2.77,5.62,0,44.21,100,Weekend,Sunday,Light_Load
3.13,5.15,0,51.94,100,Weekday,Monday,Light_Load
2.81,5.54,0,45.24,100,Weekday,Friday,Light_Load
2.7,4.75,0,49.42,100,Weekday,Friday,Light_Load
61.56,30.46,0,89.63,100,Weekday,Monday,Maximum_Load
3.49,0,11.34,100,29.41,Weekend,Saturday,Medium_Load
72.86,23.54,0,95.16,100,Weekday,Friday,Medium_Load
96.98,36.9,0,93.46,100,Weekday,Friday,Maximum_Load
2.81,5.62,0,44.72,100,Weekday,Monday,Light_Load
3.28,3.82,0,65.14,100,Weekday,Wednesday,Medium_Load
4.93,3.49,0,81.62,100,Weekday,Friday,Light_Load
2.66,6.3,0.07,38.9,99.97,Weekend,Saturday,Light_Load
55.4,37.94,0,82.51,100,Weekday,Wednesday,Maximum_Load
3.1,2.59,0,76.74,100,Weekday,Thursday,Light_Load
2.88,4.61,0,52.98,100,Weekend,Sunday,Light_Load
3.17,5.87,0,47.52,100,Weekend,Sunday,Light_Load
44.93,2.66,2.16,99.83,99.88,Weekday,Friday,Maximum_Load
2.74,4.46,0,52.35,100,Weekday,Wednesday,Light_Load
104.08,35.6,0,94.62,100,Weekday,Friday,Maximum_Load
3.89,3.46,0.07,74.72,99.98,Weekday,Tuesday,Light_Load
3.64,4.46,0,63.23,100,Weekday,Thursday,Light_Load
36.4,14.94,0,92.51,100,Weekday,Tuesday,Maximum_Load
53.06,26.17,0,89.68,100,Weekday,Monday,Medium_Load
3.85,0,17.53,100,21.45,Weekend,Saturday,Light_Load
49.25,32.58,0.58,83.4,99.99,Weekday,Wednesday,Medium_Load
4.97,0,26.96,100,18.13,Weekend,Sunday,Medium_Load
2.74,5,0,48.06,100,Weekend,Sunday,Light_Load
3.42,4.82,0,57.87,100,Weekday,Friday,Light_Load
3.31,3.71,0,66.57,100,Weekday,Monday,Light_Load
3.42,5.04,0,56.15,100,Weekend,Sunday,Light_Load
4.68,0,27.43,100,16.82,Weekday,Wednesday,Light_Load
56.09,24.7,0,91.52,100,Weekend,Saturday,Medium_Load
3.06,0,13.97,100,21.4,Weekend,Saturday,Light_Load
3.31,0,13.79,100,23.34,Weekend,Saturday,Light_Load
3.71,4.82,0,60.99,100,Weekday,Thursday,Light_Load
4.93,1.84,15.44,93.69,30.42,Weekday,Tuesday,Maximum_Load
42.98,1.62,0.14,99.93,100,Weekday,Monday,Medium_Load
2.99,5.58,0,47.23,100,Weekend,Saturday,Light_Load
2.7,5.58,0,43.56,100,Weekday,Friday,Light_Load
107.93,31.86,0,95.91,100,Weekday,Thursday,Medium_Load
31.61,0.68,2.45,99.98,99.7,Weekend,Sunday,Medium_Load
104.54,52.16,0,89.48,100,Weekday,Thursday,Maximum_Load
68.8,30.31,0,91.51,100,Weekday,Friday,Maximum_Load
4.75,0,21.71,100,21.37,Weekend,Sunday,Light_Load
73.22,58.82,0,77.96,100,Weekday,Thursday,Light_Load
2.56,4.54,0,49.12,100,Weekend,Saturday,Light_Load
2.63,0,8.24,100,30.41,Weekday,Thursday,Light_Load
2.77,4.93,0,48.98,100,Weekday,Monday,Light_Load
85.21,40.79,0,90.2,100,Weekday,Monday,Medium_Load
3.42,1.01,4.1,95.91,64.06,Weekday,Tuesday,Medium_Load
33.08,0.22,3.35,100,99.49,Weekday,Friday,Medium_Load
2.99,0,17.03,100,17.29,Weekend,Sunday,Light_Load
112.46,56.7,0,89.29,100,Weekday,Thursday,Maximum_Load
90.14,54.32,0,85.65,100,Weekend,Sunday,Maximum_Load
3.6,0,21.06,100,16.85,Weekend,Saturday,Medium_Load
3.13,4.32,0,58.67,100,Weekday,Thursday,Light_Load
43.63,2.63,1.51,99.82,99.94,Weekday,Thursday,Medium_Load
2.74,0,11.59,100,23.01,Weekday,Tuesday,Light_Load
47.23,30.24,0,84.22,100,Weekday,Thursday,Maximum_Load
59.54,41.51,0,82.03,100,Weekday,Thursday,Maximum_Load
34.13,35.64,0,69.16,100,Weekday,Friday,Light_Load
3.71,4.39,0,64.55,100,Weekend,Saturday,Light_Load
3.13,0,5.36,100,50.43,Weekend,Sunday,Light_Load
41.76,12.24,0,95.96,100,Weekday,Wednesday,Maximum_Load
38.2,28.22,0,80.43,100,Weekday,Wednesday,Light_Load
2.63,0,11.81,100,21.74,Weekday,Wednesday,Light_Load
55.69,29.77,0,88.19,100,Weekday,Friday,Maximum_Load
51.3,4.03,2.23,99.69,99.91,Weekend,Saturday,Medium_Load
3.02,5,0,51.7,100,Weekday,Tuesday,Light_Load
121.68,62.24,0,89.03,100,Weekday,Thursday,Light_Load
3.53,5.26,0,55.72,100,Weekday,Tuesday,Light_Load
55.08,27.54,0,89.44,100,Weekday,Monday,Medium_Load
113,40.68,0,94.09,100,Weekday,Thursday,Medium_Load
3.06,4.18,0,59.07,100,Weekday,Monday,Light_Load
22.25,4.86,17.86,97.7,77.98,Weekend,Saturday,Medium_Load
5.29,0,17.89,100,28.36,Weekday,Monday,Medium_Load
4.46,0,24.62,100,17.83,Weekday,Wednesday,Medium_Load
3.42,2.66,0.07,78.94,99.98,Weekday,Thursday,Light_Load
3.46,3.89,0,66.46,100,Weekday,Tuesday,Light_Load
82.33,48.85,0,86,100,Weekday,Monday,Medium_Load
3.56,3.35,0,72.83,100,Weekday,Friday,Light_Load
3.35,4.93,0,56.2,100,Weekday,Wednesday,Light_Load
70.7,36.22,0,89,100,Weekday,Wednesday,Medium_Load
3.31,2.81,0,76.23,100,Weekday,Thursday,Light_Load
3.02,4.36,0,56.94,100,Weekday,Tuesday,Light_Load
3.92,3.06,0.25,78.83,99.8,Weekday,Friday,Maximum_Load
3.13,5.36,0,50.43,100,Weekday,Tuesday,Light_Load
43.42,14.62,0,94.77,100,Weekday,Wednesday,Maximum_Load
2.92,2.77,0,72.55,100,Weekday,Monday,Light_Load
62.5,34.85,0,87.34,100,Weekday,Friday,Medium_Load
90.18,36,0,92.87,100,Weekday,Friday,Maximum_Load
4.61,4.57,0,71.02,100,Weekday,Thursday,Light_Load
3.35,0,14.9,100,21.94,Weekend,Saturday,Light_Load
3.17,5.44,0,50.35,100,Weekday,Friday,Light_Load
2.66,3.46,0,60.95,100,Weekend,Sunday,Light_Load
2.95,5.26,0,48.92,100,Weekend,Saturday,Light_Load
3.67,4.39,0,64.14,100,Weekend,Saturday,Light_Load
31.54,0.9,1.44,99.96,99.9,Weekday,Monday,Maximum_Load
3.17,6.34,0,44.72,100,Weekday,Wednesday,Light_Load
34.99,20.34,0,86.45,100,Weekend,Sunday,Maximum_Load
2.66,4.1,0,54.43,100,Weekday,Wednesday,Light_Load
3.06,3.24,0,68.66,100,Weekend,Sunday,Light_Load
29.45,0.11,9.32,100,95.34,Weekend,Sunday,Medium_Load
3.38,2.23,0,83.47,100,Weekend,Saturday,Light_Load
3.78,5.65,0,55.61,100,Weekday,Tuesday,Light_Load
41.51,17.24,4.14,92.35,99.51,Weekday,Friday,Maximum_Load
3.06,4.21,0,58.79,100,Weekday,Friday,Light_Load
5.04,4.03,0,78.1,100,Weekday,Thursday,Light_Load
130.79,48.85,0,93.68,100,Weekday,Thursday,Medium_Load
3.46,3.74,0,67.91,100,Weekday,Friday,Light_Load
50.94,22.39,0,91.55,100,Weekday,Thursday,Maximum_Load
116.06,53.86,0,90.71,100,Weekday,Wednesday,Medium_Load
3.67,2.92,0.18,78.25,99.88,Weekday,Monday,Light_Load
4.72,0,23.04,100,20.07,Weekend,Saturday,Medium_Load
120.02,48.74,0,92.65,100,Weekday,Tuesday,Maximum_Load
3.6,6.19,0,50.27,100,Weekday,Thursday,Light_Load
52.63,21.46,0,92.6,100,Weekday,Tuesday,Maximum_Load
111.92,54.22,0,90,100,Weekday,Monday,Maximum_Load
3.42,6.23,0,48.12,100,Weekday,Thursday,Light_Load
3.71,3.42,0,73.53,100,Weekday,Tuesday,Light_Load
75.13,23.47,1.55,95.45,99.98,Weekday,Monday,Maximum_Load
2.63,4.43,0,51.05,100,Weekday,Tuesday,Light_Load
29.12,1.51,1.51,99.87,99.87,Weekend,Saturday,Maximum_Load
2.92,5.04,0,50.13,100,Weekend,Saturday,Light_Load
2.88,5.18,0,48.59,100,Weekend,Saturday,Light_Load
4.68,5.22,0,66.75,100,Weekday,Monday,Light_Load
3.1,4.57,0,56.14,100,Weekday,Thursday,Light_Load
32.18,1.12,0.54,99.94,99.99,Weekend,Saturday,Medium_Load
109.91,39.42,0,94.13,100,Weekend,Saturday,Medium_Load
102.02,34.6,0,94.7,100,Weekday,Wednesday,Medium_Load
37.33,34.49,0,73.45,100,Weekday,Friday,Light_Load
46.87,17.03,0,93.99,100,Weekday,Monday,Medium_Load
4.68,5.18,0,67.04,100,Weekday,Monday,Light_Load
42.91,15.7,0.11,93.91,100,Weekday,Friday,Maximum_Load
3.85,3.46,0,74.38,100,Weekday,Tuesday,Light_Load
96.91,33.59,0,94.49,100,Weekday,Wednesday,Medium_Load
67,34.7,0,88.8,100,Weekday,Tuesday,Maximum_Load
2.81,4.03,0,57.2,100,Weekday,Monday,Light_Load
3.28,5.54,0,50.95,100,Weekend,Sunday,Light_Load
2.84,5.72,0,44.47,100,Weekday,Thursday,Light_Load
64.62,51.19,0,78.39,100,Weekday,Tuesday,Light_Load
3.92,4.93,0,62.24,100,Weekday,Tuesday,Medium_Load
60.62,38.99,0,84.11,100,Weekday,Friday,Medium_Load
3.02,0,16.2,100,18.33,Weekday,Friday,Light_Load
2.52,4.5,0,48.86,100,Weekend,Saturday,Light_Load
73.66,51.77,0,81.81,100,Weekday,Thursday,Light_Load
3.64,5.9,0,52.51,100,Weekday,Tuesday,Light_Load
2.81,5.58,0,44.98,100,Weekday,Wednesday,Medium_Load
3.28,2.41,0,80.59,100,Weekday,Friday,Light_Load
3.2,5.4,0,50.98,100,Weekend,Saturday,Light_Load
125.39,63.68,0,89.16,100,Weekday,Monday,Maximum_Load
56.12,15.01,0.04,96.6,100,Weekday,Friday,Medium_Load
66.17,32.44,0,89.79,100,Weekday,Tuesday,Maximum_Load
39.89,12.38,0,95.51,100,Weekday,Wednesday,Medium_Load
28.01,7.13,6.16,96.91,97.67,Weekday,Tuesday,Medium_Load
3.67,0,17.14,100,20.94,Weekend,Saturday,Medium_Load
2.63,5.26,0,44.72,100,Weekday,Tuesday,Light_Load
2.92,0,10.8,100,26.1,Weekend,Saturday,Light_Load
45.58,11.41,0,97.01,100,Weekday,Tuesday,Maximum_Load
4.28,0,21.78,100,19.28,Weekend,Sunday,Light_Load
60.91,30.78,0,89.25,100,Weekend,Saturday,Medium_Load
81.65,37.94,0,90.69,100,Weekday,Thursday,Medium_Load
3.38,6.34,0,47.04,100,Weekday,Wednesday,Medium_Load
6.01,0,22,100,26.35,Weekday,Monday,Medium_Load
3.74,0,18.54,100,19.77,Weekend,Saturday,Light_Load
4.72,4.28,0,74.08,100,Weekday,Tuesday,Light_Load
37.73,10.04,5.29,96.64,99.03,Weekday,Wednesday,Medium_Load
3.6,0,18.61,100,18.99,Weekend,Sunday,Maximum_Load
3.2,4.39,0,58.9,100,Weekday,Tuesday,Light_Load
3.38,2.2,0.18,83.81,99.86,Weekday,Thursday,Light_Load
71.42,12.49,0,98.51,100,Weekday,Tuesday,Medium_Load
33.37,24.41,0,80.71,100,Weekday,Friday,Light_Load
50.58,40.9,0,77.76,100,Weekday,Monday,Light_Load
26.21,5.58,0.83,97.81,99.95,Weekday,Friday,Medium_Load
2.52,4.1,0,52.36,100,Weekend,Saturday,Light_Load
3.6,4.32,0,64.02,100,Weekday,Tuesday,Light_Load
50.65,37.55,0.18,80.33,100,Weekday,Tuesday,Maximum_Load
36.94,26.35,0,81.41,100,Weekday,Thursday,Light_Load
2.92,4.9,0,51.19,100,Weekday,Monday,Light_Load
3.31,2.27,0.18,82.47,99.85,Weekday,Thursday,Light_Load
6.98,0,20.52,100,32.2,Weekday,Wednesday,Medium_Load
3.31,4.68,0,57.74,100,Weekend,Saturday,Light_Load
3.67,5.29,0,57,100,Weekend,Sunday,Light_Load
33.26,7.74,5.9,97.4,98.46,Weekday,Monday,Medium_Load
3.17,4.79,0,55.19,100,Weekend,Sunday,Light_Load
2.84,5.76,0,44.22,100,Weekend,Saturday,Light_Load
3.67,5.04,0,58.86,100,Weekend,Saturday,Light_Load
53.89,18.83,0,94.4,100,Weekday,Monday,Medium_Load
60.16,31.61,0,88.52,100,Weekday,Friday,Medium_Load
3.24,0,6.23,100,46.14,Weekend,Saturday,Light_Load
2.92,4.39,0,55.38,100,Weekend,Sunday,Light_Load
2.77,0,14,100,19.41,Weekend,Saturday,Medium_Load
5.58,0,26.28,100,20.77,Weekend,Saturday,Light_Load
61.81,32.51,0,88.5,100,Weekday,Monday,Maximum_Load
4.61,4.54,0,71.25,100,Weekday,Wednesday,Light_Load
3.06,5.4,0,49.3,100,Weekday,Tuesday,Medium_Load
22.5,15.62,0,82.15,100,Weekday,Wednesday,Light_Load
2.88,4.64,0,52.74,100,Weekday,Tuesday,Light_Load
75.42,36.54,0,89.99,100,Weekday,Monday,Medium_Load
2.7,5.08,0,46.93,100,Weekend,Sunday,Light_Load
115.7,64.8,0,87.25,100,Weekday,Wednesday,Maximum_Load
40.28,4.43,0.07,99.4,100,Weekday,Thursday,Medium_Load
8.89,0,25.45,100,32.98,Weekday,Tuesday,Medium_Load
2.52,4.32,0,50.39,100,Weekday,Tuesday,Light_Load
4.86,3.24,0.04,83.21,100,Weekday,Tuesday,Light_Load
63.9,21.13,0,94.94,100,Weekday,Thursday,Maximum_Load
3.71,3.67,0,71.09,100,Weekday,Thursday,Light_Load
4.03,0,21.67,100,18.28,Weekend,Sunday,Light_Load
4.43,3.49,0,78.55,100,Weekday,Tuesday,Light_Load
27.43,19.3,0,81.78,100,Weekday,Monday,Medium_Load
2.59,0,11.92,100,21.23,Weekday,Wednesday,Light_Load
3.2,5.47,0,50.49,100,Weekday,Thursday,Light_Load
39.38,1.8,0.36,99.9,100,Weekday,Friday,Medium_Load
2.84,5.44,0,46.28,100,Weekday,Friday,Light_Load
9.72,0,25.24,100,35.94,Weekday,Tuesday,Medium_Load
3.35,2.12,0.04,84.5,99.99,Weekend,Sunday,Light_Load
2.81,5.33,0,46.64,100,Weekday,Wednesday,Light_Load
32,23.26,0.07,80.89,100,Weekday,Thursday,Light_Load
3.71,4.61,0,62.7,100,Weekday,Friday,Light_Load
31.46,1.87,5.65,99.82,98.43,Weekday,Tuesday,Medium_Load
73.19,46.04,0,84.65,100,Weekday,Monday,Maximum_Load
5.87,0,22.46,100,25.29,Weekday,Tuesday,Medium_Load
11.84,0,25.45,100,42.18,Weekday,Thursday,Medium_Load
97.92,38.56,0,93.05,100,Weekday,Monday,Medium_Load
61.31,55.98,0,73.85,100,Weekday,Friday,Light_Load
2.92,4.5,0,54.43,100,Weekday,Monday,Light_Load
4.07,2.63,0.32,83.99,99.69,Weekday,Thursday,Light_Load
3.42,0,16.85,100,19.89,Weekday,Friday,Light_Load
3.82,0,17.68,100,21.12,Weekday,Wednesday,Medium_Load
51.05,40.14,0,78.61,100,Weekday,Monday,Maximum_Load
2.59,4.32,0,51.42,100,Weekend,Saturday,Light_Load
64.12,28.98,0,91.13,100,Weekday,Thursday,Medium_Load
3.64,5.87,0,52.7,100,Weekday,Wednesday,Medium_Load
3.2,5.83,0,48.12,100,Weekday,Friday,Light_Load
56.2,27.97,0,89.53,100,Weekday,Wednesday,Maximum_Load
4.14,4.03,0,71.66,100,Weekend,Saturday,Light_Load
3.24,4.5,0,58.43,100,Weekday,Monday,Light_Load
37.04,4.93,2.41,99.13,99.79,Weekday,Thursday,Medium_Load
2.63,4.82,0,47.9,100,Weekday,Monday,Light_Load
36.29,15.3,0,92.15,100,Weekday,Tuesday,Medium_Load
41.9,14.51,0,94.49,100,Weekend,Saturday,Light_Load
6.37,7.92,0,62.67,100,Weekday,Tuesday,Light_Load
3.53,7.13,0,44.37,100,Weekday,Thursday,Medium_Load
2.56,4.07,0,53.24,100,Weekday,Friday,Light_Load
71.68,54.9,0,79.39,100,Weekday,Tuesday,Light_Load
52.74,16.31,0,95.54,100,Weekday,Thursday,Maximum_Load
2.7,3.53,0,60.75,100,Weekend,Sunday,Medium_Load
69.91,40.79,0,86.37,100,Weekday,Friday,Maximum_Load
55.69,36.29,0,83.78,100,Weekday,Monday,Maximum_Load
7.38,0,19.8,100,34.93,Weekday,Tuesday,Medium_Load
4.43,4.86,0,67.37,100,Weekday,Monday,Light_Load
4.93,3.96,0,77.96,100,Weekday,Monday,Light_Load
67.25,25.81,0,93.36,100,Weekday,Tuesday,Maximum_Load
3.71,2.81,0.18,79.72,99.88,Weekday,Wednesday,Light_Load
70.7,44.24,0,84.77,100,Weekday,Monday,Maximum_Load
4.93,0,25.99,100,18.64,Weekday,Tuesday,Medium_Load
41.44,36.5,0,75.04,100,Weekday,Tuesday,Light_Load
4.1,0,16.49,100,24.13,Weekday,Friday,Medium_Load
23.51,19.98,0,76.2,100,Weekday,Tuesday,Light_Load
3.1,3.42,0,67.16,100,Weekend,Sunday,Light_Load
62.96,32.87,0,88.65,100,Weekday,Tuesday,Maximum_Load
123.55,67.03,0,87.9,100,Weekday,Thursday,Maximum_Load
2.92,5.8,0,44.97,100,Weekday,Tuesday,Light_Load
83.23,49.25,0,86.06,100,Weekday,Monday,Medium_Load
45.9,21.96,0,90.21,100,Weekday,Wednesday,Medium_Load
2.81,1.8,0.32,84.21,99.36,Weekday,Tuesday,Light_Load
3.35,4.82,0,57.07,100,Weekday,Wednesday,Light_Load
35.64,1.22,1.69,99.94,99.89,Weekday,Monday,Medium_Load
3.64,7.2,0,45.12,100,Weekday,Tuesday,Light_Load
94.54,66.46,0,81.81,100,Weekday,Thursday,Maximum_Load
66.89,49.82,0,80.2,100,Weekday,Thursday,Maximum_Load
2.84,4.39,0,54.32,100,Weekend,Sunday,Medium_Load
3.53,0,16.7,100,20.68,Weekend,Sunday,Light_Load
91.19,43.96,0,90.08,100,Weekend,Saturday,Maximum_Load
3.31,0,17.35,100,18.74,Weekend,Sunday,Light_Load
83.09,47.95,0,86.61,100,Weekend,Saturday,Light_Load
66.85,42.73,0,84.26,100,Weekday,Monday,Maximum_Load
3.56,6.23,0,49.61,100,Weekday,Friday,Medium_Load
3.6,4.86,0,59.52,100,Weekday,Thursday,Light_Load
4.03,3.2,0.14,78.31,99.94,Weekend,Saturday,Light_Load
5.87,5.47,0,73.16,100,Weekday,Friday,Light_Load
3.2,0,17.96,100,17.54,Weekend,Saturday,Medium_Load
2.66,4.28,0,52.79,100,Weekend,Saturday,Light_Load
2.59,4.79,0,47.56,100,Weekend,Sunday,Light_Load
54.72,15.95,0,96,100,Weekday,Friday,Maximum_Load
95.18,44.6,0,90.55,100,Weekday,Wednesday,Light_Load
126.11,48.1,0,93.43,100,Weekday,Friday,Medium_Load
61.63,44.96,0,80.79,100,Weekday,Thursday,Maximum_Load
63.58,52.7,0,76.99,100,Weekday,Friday,Light_Load
39.53,29.92,0,79.74,100,Weekend,Saturday,Light_Load
49.43,20.38,0,92.45,100,Weekday,Thursday,Maximum_Load
2.77,4.97,0,48.68,100,Weekday,Thursday,Light_Load
4.18,0,20.2,100,20.26,Weekday,Tuesday,Light_Load
38.63,28.69,0,80.28,100,Weekday,Thursday,Light_Load
2.92,2.74,0,72.92,100,Weekday,Tuesday,Light_Load
2.52,3.92,0,54.08,100,Weekend,Saturday,Light_Load
40.82,29.99,0,80.59,100,Weekday,Tuesday,Light_Load
45.04,14.15,0,95.4,100,Weekday,Tuesday,Maximum_Load
5.58,0,16.96,100,31.25,Weekend,Saturday,Medium_Load
65.34,24.16,0,93.79,100,Weekday,Friday,Medium_Load
61.81,39.42,0,84.31,100,Weekday,Wednesday,Maximum_Load
3.35,4.03,0,63.92,100,Weekday,Wednesday,Light_Load
86.11,48.67,0,87.06,100,Weekday,Friday,Medium_Load
3.82,4.07,0,68.44,100,Weekday,Monday,Medium_Load
3.89,2.77,0.32,81.46,99.66,Weekday,Friday,Light_Load
64.22,20.05,0,95.46,100,Weekday,Tuesday,Maximum_Load
2.52,3.6,0,57.35,100,Weekend,Saturday,Light_Load
29.2,0.04,4.79,100,98.68,Weekend,Saturday,Maximum_Load
3.89,5.08,0,60.8,100,Weekday,Thursday,Light_Load
5.87,5.8,0,71.13,100,Weekend,Sunday,Light_Load
3.24,4.82,0,55.79,100,Weekend,Sunday,Light_Load
81.79,46.62,0,86.88,100,Weekday,Tuesday,Maximum_Load
34.49,0.22,6.23,100,98.41,Weekday,Wednesday,Maximum_Load
3.02,2.12,0.07,81.85,99.97,Weekday,Thursday,Light_Load
2.84,4.39,0,54.32,100,Weekend,Sunday,Light_Load
59.36,46.84,0,78.5,100,Weekday,Thursday,Maximum_Load
98.39,34.13,0,94.48,100,Weekday,Friday,Medium_Load
2.92,0,17.42,100,16.53,Weekend,Sunday,Light_Load
3.13,4.32,0,58.67,100,Weekday,Monday,Light_Load
71.82,33.55,0,90.6,100,Weekday,Tuesday,Medium_Load
2.84,5.51,0,45.81,100,Weekday,Tuesday,Light_Load
3.24,0,14.29,100,22.11,Weekend,Sunday,Light_Load
132.59,60.12,0,91.07,100,Weekday,Tuesday,Medium_Load
52.31,35.14,0,83.01,100,Weekday,Thursday,Medium_Load
86.94,42.66,0,89.77,100,Weekday,Thursday,Light_Load
2.81,4.93,0,49.52,100,Weekday,Friday,Light_Load
47.45,27.61,0,86.43,100,Weekday,Friday,Maximum_Load
3.24,0,17.24,100,18.47,Weekend,Saturday,Light_Load
45.9,20.34,0,91.43,100,Weekday,Wednesday,Maximum_Load
3.2,0,14.4,100,21.69,Weekend,Sunday,Light_Load
2.84,4.82,0,50.76,100,Weekend,Sunday,Light_Load
50.62,15.34,0,95.7,100,Weekday,Tuesday,Medium_Load
116.53,52.88,0,91.06,100,Weekday,Tuesday,Medium_Load
4.75,0,26.21,100,17.83,Weekday,Tuesday,Medium_Load
3.13,3.56,0,66.03,100,Weekday,Monday,Light_Load
2.59,5.36,0,43.51,100,Weekday,Wednesday,Light_Load
79.6,12.17,0.76,98.85,100,Weekend,Saturday,Maximum_Load
2.95,5.33,0,48.42,100,Weekend,Saturday,Light_Load
3.92,0,11.23,100,32.96,Weekday,Monday,Medium_Load
30.31,0.07,5.69,100,98.28,Weekday,Tuesday,Medium_Load
29.84,1.26,5.04,99.91,98.6,Weekday,Tuesday,Medium_Load
75.02,37.76,0,89.32,100,Weekday,Thursday,Maximum_Load
3.89,3.56,0,73.77,100,Weekday,Tuesday,Light_Load
100.01,44.17,0,91.48,100,Weekday,Thursday,Maximum_Load
3.31,0,17.64,100,18.44,Weekday,Thursday,Light_Load
2.56,3.85,0,55.37,100,Weekday,Monday,Light_Load
3.13,5.11,0,52.23,100,Weekend,Saturday,Light_Load
3.02,0,10.19,100,28.42,Weekend,Sunday,Light_Load
68.47,41.04,0,85.77,100,Weekday,Monday,Maximum_Load
3.2,0,17.89,100,17.61,Weekday,Wednesday,Medium_Load
3.35,4.57,0,59.12,100,Weekday,Thursday,Light_Load
3.38,5.51,0,52.29,100,Weekend,Saturday,Light_Load
106.92,38.2,0,94.17,100,Weekday,Thursday,Maximum_Load
2.95,0,10.84,100,26.26,Weekend,Saturday,Light_Load
32.54,3.6,0,99.39,100,Weekend,Sunday,Maximum_Load
2.99,5.58,0,47.23,100,Weekend,Saturday,Light_Load
2.81,4,0,57.48,100,Weekend,Sunday,Light_Load
5.9,5.29,0,74.45,100,Weekday,Wednesday,Light_Load
3.2,2.41,0,79.88,100,Weekday,Thursday,Light_Load
60.05,37.12,0,85.06,100,Weekday,Monday,Medium_Load
2.88,5.58,0,45.86,100,Weekday,Friday,Light_Load
4.14,4.07,0,71.31,100,Weekend,Sunday,Light_Load
7.13,9.14,0,61.51,100,Weekday,Monday,Light_Load
82.91,14.8,0.04,98.44,100,Weekday,Friday,Medium_Load
3.13,5.29,0,50.92,100,Weekend,Sunday,Light_Load
4.82,4.1,0.04,76.17,100,Weekday,Monday,Light_Load
44.42,11.7,0,96.7,100,Weekday,Friday,Maximum_Load
3.53,4.75,0,59.65,100,Weekday,Thursday,Light_Load
76.1,15.12,0.04,98.08,100,Weekday,Tuesday,Medium_Load
4.9,3.53,0,81.14,100,Weekday,Friday,Light_Load
3.06,0,17.42,100,17.3,Weekend,Saturday,Light_Load
33.08,7.78,0,97.34,100,Weekend,Saturday,Medium_Load
5.62,0,18.11,100,29.64,Weekday,Tuesday,Medium_Load
3.02,0,16.13,100,18.4,Weekday,Thursday,Light_Load
6.77,5.4,0,78.18,100,Weekend,Saturday,Light_Load
3.06,5.87,0,46.23,100,Weekday,Thursday,Light_Load
104,19.62,0,98.27,100,Weekday,Friday,Maximum_Load
6.26,0,18.04,100,32.78,Weekday,Thursday,Medium_Load
3.06,2.27,0,80.31,100,Weekend,Saturday,Light_Load
4.07,5.4,0,60.19,100,Weekday,Wednesday,Light_Load
2.7,4.5,0,51.45,100,Weekend,Saturday,Light_Load
3.35,0,21.89,100,15.13,Weekend,Saturday,Light_Load
124.7,48.64,0,93.16,100,Weekday,Thursday,Medium_Load
51.05,23.11,0,91.1,100,Weekday,Friday,Medium_Load
56.99,27.9,0,89.81,100,Weekday,Wednesday,Maximum_Load
59.54,36.25,0,85.41,100,Weekday,Wednesday,Light_Load
3.06,5.36,0,49.58,100,Weekend,Saturday,Light_Load
61.16,38.63,0,84.55,100,Weekday,Thursday,Maximum_Load
4.18,3.67,0,75.15,100,Weekday,Wednesday,Light_Load
48.74,16.56,0,94.68,100,Weekday,Wednesday,Maximum_Load
7.16,0,25.45,100,27.08,Weekend,Saturday,Medium_Load
2.81,4.28,0,54.88,100,Weekend,Sunday,Light_Load
3.38,4.79,0,57.65,100,Weekday,Friday,Medium_Load
8.42,1.15,15.84,99.08,46.94,Weekday,Thursday,Medium_Load
3.13,5.62,0,48.66,100,Weekday,Friday,Light_Load
2.81,3.96,0,57.87,100,Weekday,Wednesday,Light_Load
2.92,5.33,0,48.05,100,Weekday,Monday,Light_Load
3.28,6.12,0,47.24,100,Weekend,Sunday,Light_Load
35.5,5.47,0.11,98.83,100,Weekend,Sunday,Medium_Load
2.99,0,14.18,100,20.63,Weekend,Sunday,Light_Load
3.28,0,17.5,100,18.42,Weekend,Saturday,Light_Load
3.42,3.56,0,69.28,100,Weekday,Monday,Light_Load
3.02,3.06,0,70.24,100,Weekend,Sunday,Light_Load
3.17,3.82,0,63.86,100,Weekday,Thursday,Light_Load
2.95,0,12.24,100,23.43,Weekend,Sunday,Light_Load
3.24,5.69,0,49.48,100,Weekend,Saturday,Light_Load
3.2,5.87,0,47.86,100,Weekend,Saturday,Light_Load
66.35,26.24,0,92.99,100,Weekend,Saturday,Maximum_Load
4.07,3.82,0,72.91,100,Weekday,Tuesday,Light_Load
3.42,0,17.21,100,19.49,Weekday,Thursday,Light_Load
53.39,26.32,0,89.69,100,Weekday,Friday,Maximum_Load
2.92,4.72,0,52.61,100,Weekday,Thursday,Light_Load
2.56,3.6,0,57.95,100,Weekend,Sunday,Light_Load
58.54,5.18,1.19,99.61,99.98,Weekday,Wednesday,Medium_Load
53.17,19.48,0,93.9,100,Weekday,Wednesday,Maximum_Load
3.42,3.53,0,69.58,100,Weekend,Saturday,Light_Load
52.31,22.9,0,91.61,100,Weekday,Thursday,Medium_Load
115.42,38.45,0,94.87,100,Weekday,Thursday,Medium_Load
2.59,4.32,0,51.42,100,Weekday,Wednesday,Light_Load
5.44,0,18.94,100,27.61,Weekday,Friday,Medium_Load
106.63,52.45,0,89.73,100,Weekday,Wednesday,Maximum_Load
2.88,6.16,0,42.35,100,Weekday,Wednesday,Light_Load
35.42,2.92,0.11,99.66,100,Weekend,Sunday,Maximum_Load
4.46,0,13.46,100,31.45,Weekday,Wednesday,Medium_Load
46.15,8.86,0,98.21,100,Weekday,Monday,Medium_Load
2.84,0,11.74,100,23.51,Weekend,Sunday,Light_Load
94.07,47.23,0,89.37,100,Weekday,Monday,Maximum_Load
3.38,0,17.32,100,19.15,Weekend,Saturday,Light_Load
2.99,5.76,0,46.07,100,Weekend,Saturday,Light_Load
79.85,40.72,0,89.09,100,Weekend,Saturday,Light_Load
3.42,3.35,0,71.44,100,Weekend,Saturday,Light_Load
3.38,4.54,0,59.72,100,Weekday,Friday,Light_Load
3.2,4.72,0,56.12,100,Weekday,Friday,Light_Load
127.98,58.43,0,90.97,100,Weekend,Saturday,Maximum_Load
60.19,32.44,0,88.03,100,Weekday,Thursday,Medium_Load
66.96,8.89,1.51,99.13,99.97,Weekday,Monday,Medium_Load
3.42,6.37,0,47.3,100,Weekend,Sunday,Light_Load
114.98,50.47,0,91.57,100,Weekday,Friday,Medium_Load
3.46,5.18,0,55.54,100,Weekday,Friday,Light_Load
131.54,70.99,0,88,100,Weekday,Thursday,Maximum_Load
4.97,0,27,100,18.1,Weekend,Sunday,Maximum_Load
63.5,29.41,0,90.74,100,Weekday,Friday,Maximum_Load
4.21,0,21.6,100,19.13,Weekday,Monday,Medium_Load
3.46,0,19.04,100,17.88,Weekend,Saturday,Maximum_Load
3.28,3.42,0,69.22,100,Weekday,Wednesday,Light_Load
79.88,34.92,0,91.63,100,Weekday,Monday,Maximum_Load
2.74,3.49,0,61.75,100,Weekend,Sunday,Light_Load
2.99,4.36,0,56.56,100,Weekday,Monday,Light_Load
95.54,15.26,0,98.75,100,Weekday,Wednesday,Medium_Load
70.09,26.6,0,93.49,100,Weekday,Monday,Medium_Load
2.81,6.08,0,41.95,100,Weekday,Friday,Light_Load
89.57,20.95,0,97.37,100,Weekday,Monday,Maximum_Load
33.23,10.04,0.22,95.73,100,Weekday,Tuesday,Medium_Load
2.95,5.47,0,47.47,100,Weekday,Friday,Light_Load
3.64,4.82,0,60.26,100,Weekday,Friday,Light_Load
43.09,10.19,0,97.32,100,Weekday,Tuesday,Medium_Load
2.84,5.26,0,47.51,100,Weekend,Sunday,Light_Load
3.24,5.69,0,49.48,100,Weekday,Tuesday,Light_Load
2.95,0,11.34,100,25.18,Weekend,Sunday,Light_Load
77.98,36.32,0,90.65,100,Weekday,Tuesday,Medium_Load
31.57,0.65,2.52,99.98,99.68,Weekend,Sunday,Medium_Load
55.73,51.48,0,73.46,100,Weekday,Friday,Light_Load
40.32,7.6,0.4,98.27,100,Weekend,Saturday,Maximum_Load
5,0,20.92,100,23.25,Weekend,Sunday,Light_Load
3.82,2.95,0.29,79.15,99.71,Weekday,Wednesday,Light_Load
2.88,4.43,0,54.51,100,Weekday,Wednesday,Light_Load
2.74,5.87,0,42.3,100,Weekend,Sunday,Light_Load
3.06,6.01,0,45.37,100,Weekday,Thursday,Light_Load
74.63,72.36,0,71.79,100,Weekday,Wednesday,Light_Load
3.64,5.26,0,56.9,100,Weekday,Friday,Light_Load
2.56,5.15,0,44.51,100,Weekday,Tuesday,Light_Load
3.06,0,17.39,100,17.33,Weekend,Saturday,Light_Load
8.39,5.98,5.47,81.43,83.77,Weekday,Tuesday,Medium_Load
57.85,22.5,0,93.2,100,Weekday,Thursday,Medium_Load
77.18,24.05,0,95.47,100,Weekend,Saturday,Maximum_Load
26.86,21.31,0,78.34,100,Weekday,Thursday,Light_Load
57.82,25.52,0,91.49,100,Weekday,Wednesday,Maximum_Load
6.3,0,19.87,100,30.22,Weekday,Monday,Medium_Load
3.06,3.64,0,64.35,100,Weekday,Thursday,Light_Load
3.74,0,23.83,100,15.5,Weekend,Saturday,Light_Load
54.43,26.1,0,90.17,100,Weekday,Friday,Maximum_Load
2.7,4.86,0,48.56,100,Weekend,Sunday,Light_Load
32.54,1.4,0.36,99.91,99.99,Weekend,Saturday,Medium_Load
3.2,5.36,0,51.26,100,Weekend,Saturday,Light_Load
63.5,12.24,0,98.19,100,Weekday,Thursday,Medium_Load
39.56,40,0,70.32,100,Weekday,Tuesday,Light_Load
28.8,0,9.32,100,95.14,Weekday,Tuesday,Medium_Load
3.49,3.06,0,75.19,100,Weekday,Monday,Light_Load
3.1,3.6,0,65.25,100,Weekend,Sunday,Light_Load
2.59,3.78,0,56.52,100,Weekday,Tuesday,Light_Load
6.23,0,24.16,100,24.97,Weekend,Saturday,Medium_Load
3.13,0,17.03,100,18.08,Weekday,Tuesday,Light_Load
3.24,6.77,0,43.17,100,Weekend,Saturday,Medium_Load
3.2,5.98,0,47.18,100,Weekday,Wednesday,Light_Load
3.42,0,21.53,100,15.69,Weekend,Saturday,Medium_Load
2.92,5.36,0,47.84,100,Weekend,Saturday,Light_Load
43.67,25.16,0,86.65,100,Weekday,Friday,Maximum_Load
7.34,0,20.88,100,33.16,Weekday,Thursday,Maximum_Load
59.36,26.24,0,91.46,100,Weekday,Tuesday,Medium_Load
59.9,33.8,0.04,87.09,100,Weekday,Monday,Maximum_Load
4.64,4.61,0,70.94,100,Weekday,Wednesday,Light_Load
2.92,5.36,0,47.84,100,Weekday,Thursday,Light_Load
3.38,6.48,0,46.25,100,Weekday,Monday,Light_Load
3.49,0,16.7,100,20.46,Weekend,Saturday,Light_Load
2.92,5.33,0,48.05,100,Weekday,Thursday,Light_Load
6.88,0,26.64,100,25.01,Weekday,Monday,Medium_Load
12.78,3.53,18.36,96.39,57.13,Weekday,Tuesday,Medium_Load
6.98,4.93,0,81.68,100,Weekend,Saturday,Light_Load
4.03,3.49,0,75.59,100,Weekday,Wednesday,Light_Load
111.38,53.89,0,90.02,100,Weekday,Wednesday,Maximum_Load
78.37,13.9,0.14,98.46,100,Weekday,Friday,Medium_Load
3.24,4.57,0,57.84,100,Weekday,Wednesday,Light_Load
3.85,3.53,0,73.71,100,Weekday,Wednesday,Light_Load
4.18,3.71,0.04,74.79,100,Weekday,Monday,Maximum_Load
58.1,25.88,0,91.35,100,Weekday,Friday,Maximum_Load
52.27,17.75,0,94.69,100,Weekday,Friday,Maximum_Load
40.43,24.55,0.11,85.48,100,Weekday,Wednesday,Maximum_Load
2.92,0,12.71,100,22.39,Weekend,Sunday,Medium_Load
35.75,10.44,0,95.99,100,Weekend,Saturday,Medium_Load
59.76,22.18,0,93.75,100,Weekday,Wednesday,Maximum_Load
93.64,34.78,0,93.74,100,Weekday,Tuesday,Maximum_Load
5.54,0,21.24,100,25.24,Weekday,Friday,Maximum_Load
3.28,0,16.7,100,19.27,Weekday,Tuesday,Medium_Load
10.87,0.5,12.49,99.89,65.65,Weekday,Thursday,Medium_Load
50.83,12.78,0,96.98,100,Weekday,Monday,Medium_Load
26.42,1.73,1.37,99.79,99.87,Weekday,Monday,Medium_Load
75.85,26.06,0,94.57,100,Weekday,Thursday,Medium_Load
83.34,56.23,0,82.9,100,Weekday,Thursday,Light_Load
3.92,0.22,3.74,99.84,72.35,Weekend,Sunday,Light_Load
45.36,13.1,0,96.07,100,Weekday,Wednesday,Maximum_Load
2.92,1.3,3.17,91.36,67.75,Weekend,Sunday,Light_Load
4.14,1.87,13.72,91.13,28.89,Weekday,Tuesday,Medium_Load
34.96,3.92,0.54,99.38,99.99,Weekend,Saturday,Maximum_Load
3.06,2.09,0.14,82.58,99.9,Weekend,Sunday,Light_Load
3.49,5.62,0,52.76,100,Weekday,Thursday,Medium_Load
51.34,27.43,0,88.2,100,Weekday,Friday,Maximum_Load
3.46,2.34,0.36,82.83,99.46,Weekday,Tuesday,Light_Load
112.68,49.79,0,91.47,100,Weekday,Monday,Medium_Load
3.24,3.74,0,65.48,100,Weekend,Sunday,Light_Load
61.24,25.16,0,92.5,100,Weekday,Monday,Maximum_Load
111.28,35.17,0,95.35,100,Weekday,Tuesday,Medium_Load
37.73,16.78,2.45,91.37,99.79,Weekend,Sunday,Medium_Load
2.92,4.86,0,51.5,100,Weekend,Sunday,Light_Load
54,34.2,0,84.48,100,Weekend,Saturday,Light_Load
3.35,3.49,0,69.25,100,Weekday,Thursday,Light_Load
3.06,0,16.16,100,18.61,Weekday,Friday,Light_Load
2.77,4.25,0,54.6,100,Weekend,Sunday,Light_Load
9.58,0,23.76,100,37.39,Weekend,Sunday,Medium_Load
3.89,5.58,0,57.19,100,Weekday,Thursday,Light_Load
56.88,42.66,0,80,100,Weekend,Sunday,Light_Load
5.76,5.29,0,73.65,100,Weekday,Tuesday,Light_Load
5.9,0,20.41,100,27.77,Weekend,Saturday,Light_Load
72.86,32.04,0,91.54,100,Weekday,Thursday,Medium_Load
2.99,3.85,0,61.34,100,Weekday,Friday,Light_Load
32.36,0.32,6.01,100,98.32,Weekend,Saturday,Maximum_Load
36.22,31.5,0,75.46,100,Weekday,Tuesday,Light_Load
59.04,26.89,0,91.01,100,Weekend,Saturday,Medium_Load
94.21,52.67,0,87.29,100,Weekday,Tuesday,Maximum_Load
3.46,0,13.79,100,24.34,Weekend,Saturday,Light_Load
46.51,11.95,0,96.85,100,Weekday,Monday,Maximum_Load
6.91,0,17.68,100,36.4,Weekday,Wednesday,Medium_Load
3.64,0,17.6,100,20.25,Weekend,Saturday,Medium_Load
54.94,38.09,0,82.18,100,Weekday,Monday,Maximum_Load
59.83,46.3,0,79.09,100,Weekday,Thursday,Maximum_Load
3.96,0,21.74,100,17.92,Weekday,Wednesday,Medium_Load
16.45,16.06,0,71.55,100,Weekday,Monday,Light_Load
3.92,0,8.75,100,40.88,Weekend,Saturday,Medium_Load
5.18,5.29,0,69.96,100,Weekday,Tuesday,Light_Load
3.85,5.15,0,59.88,100,Weekday,Thursday,Medium_Load
2.77,4.82,0,49.83,100,Weekend,Sunday,Light_Load
2.84,5.54,0,45.62,100,Weekday,Friday,Light_Load
3.1,0,16.31,100,18.67,Weekend,Sunday,Light_Load
3.82,6.3,0,51.85,100,Weekday,Wednesday,Light_Load
3.6,0,13.68,100,25.45,Weekend,Saturday,Light_Load
4.1,4.43,0,67.92,100,Weekday,Wednesday,Light_Load
5.54,0,25.99,100,20.85,Weekday,Friday,Medium_Load
2.92,2.99,0,69.87,100,Weekday,Monday,Light_Load
3.02,4.79,0,53.33,100,Weekday,Monday,Light_Load
3.02,4.57,0,55.13,100,Weekday,Wednesday,Light_Load
3.56,0,16.16,100,21.51,Weekend,Sunday,Light_Load
3.78,0,15.59,100,23.56,Weekend,Sunday,Light_Load
2.92,0,17.1,100,16.83,Weekday,Wednesday,Medium_Load
2.59,4.82,0,47.33,100,Weekday,Monday,Light_Load
2.7,4.46,0,51.79,100,Weekday,Wednesday,Light_Load
84.24,45.54,0,87.97,100,Weekday,Tuesday,Maximum_Load
2.66,0,17.53,100,15,Weekday,Wednesday,Light_Load
3.56,5.58,0,53.79,100,Weekday,Tuesday,Light_Load
34.13,13.46,0,93.03,100,Weekday,Monday,Maximum_Load
2.66,3.53,0,60.18,100,Weekend,Sunday,Light_Load
3.82,3.17,0,76.95,100,Weekday,Tuesday,Light_Load
2.52,4.75,0,46.87,100,Weekday,Wednesday,Light_Load
2.92,5.11,0,49.61,100,Weekday,Thursday,Light_Load
32.08,11.81,0,93.84,100,Weekday,Friday,Maximum_Load
90.11,44.14,0,89.8,100,Weekday,Monday,Medium_Load
57.82,29.59,0,89.02,100,Weekday,Monday,Maximum_Load
37.01,8.53,0.47,97.45,99.99,Weekend,Saturday,Maximum_Load
88.13,51.98,0,86.13,100,Weekday,Wednesday,Maximum_Load
56.34,17.39,0,95.55,100,Weekday,Tuesday,Maximum_Load
3.06,3.82,0,62.52,100,Weekday,Thursday,Light_Load
24.77,0.11,9.61,100,93.23,Weekend,Saturday,Maximum_Load
3.92,6.88,0,49.51,100,Weekday,Thursday,Light_Load
5.08,5.36,0,68.79,100,Weekday,Wednesday,Light_Load
4.18,0,24.3,100,16.95,Weekend,Saturday,Light_Load
3.17,2.92,0,73.55,100,Weekend,Sunday,Light_Load
4.57,0,11.45,100,37.07,Weekend,Saturday,Medium_Load
3.35,0,15.01,100,21.78,Weekend,Sunday,Light_Load
3.46,5.36,0,54.23,100,Weekday,Friday,Light_Load
60.73,35.82,0,86.13,100,Weekday,Wednesday,Maximum_Load
3.56,5.33,0,55.54,100,Weekday,Thursday,Light_Load
2.84,5.08,0,48.8,100,Weekday,Wednesday,Light_Load
37.33,23.44,0,84.69,100,Weekday,Wednesday,Light_Load
53.64,17.71,0,94.96,100,Weekday,Thursday,Maximum_Load
41.11,0.65,1.66,99.99,99.92,Weekday,Friday,Medium_Load
70.38,44.14,0,84.72,100,Weekday,Friday,Medium_Load
4.18,0,21.28,100,19.27,Weekday,Thursday,Medium_Load
3.02,0,16.67,100,17.83,Weekend,Sunday,Medium_Load
29.12,0,8.64,100,95.87,Weekday,Tuesday,Medium_Load
4.46,4.57,0,69.84,100,Weekend,Sunday,Light_Load
34.42,9.9,0,96.1,100,Weekend,Saturday,Maximum_Load
2.66,0,11.77,100,22.04,Weekday,Tuesday,Light_Load
3.1,0,17.46,100,17.48,Weekend,Sunday,Light_Load
4.79,6.62,0,58.62,100,Weekday,Friday,Light_Load
5.54,0,22.21,100,24.2,Weekday,Wednesday,Maximum_Load
6.66,5.72,0,75.86,100,Weekend,Saturday,Light_Load
92.84,40.79,0,91.55,100,Weekday,Thursday,Maximum_Load
36.47,14.76,5.58,92.7,98.85,Weekend,Sunday,Medium_Load
3.42,2.34,0.11,82.53,99.95,Weekday,Tuesday,Light_Load
3.82,0,8.03,100,42.96,Weekday,Wednesday,Light_Load
2.59,3.85,0,55.82,100,Weekday,Wednesday,Light_Load
2.81,3.71,0,60.38,100,Weekday,Wednesday,Light_Load
90.5,48.89,0,87.98,100,Weekday,Wednesday,Maximum_Load
3.64,0,16.88,100,21.08,Weekday,Monday,Light_Load
3.28,4.93,0,55.39,100,Weekend,Saturday,Light_Load
2.99,0,9.94,100,28.81,Weekend,Saturday,Light_Load
51.3,28.73,0,87.25,100,Weekday,Monday,Maximum_Load
91.84,33.73,0,93.87,100,Weekday,Friday,Maximum_Load
3.1,5.22,0,51.06,100,Weekday,Monday,Light_Load
2.92,4.75,0,52.37,100,Weekday,Thursday,Light_Load
67.82,36.58,0,88.01,100,Weekday,Thursday,Maximum_Load
83.02,33.91,0,92.58,100,Weekday,Monday,Maximum_Load
52.34,24.95,0,90.27,100,Weekday,Friday,Maximum_Load
66.92,30.13,0,91.18,100,Weekday,Monday,Maximum_Load
2.92,4.86,0,51.5,100,Weekday,Monday,Light_Load
122.8,54.18,0,91.49,100,Weekday,Friday,Medium_Load
3.17,0,16.67,100,18.68,Weekend,Sunday,Light_Load
4.61,4.1,0,74.72,100,Weekday,Tuesday,Light_Load
37.04,16.85,0,91.02,100,Weekday,Monday,Medium_Load
7.42,0,21.38,100,32.79,Weekday,Thursday,Maximum_Load
3.89,0,11.23,100,32.73,Weekday,Thursday,Medium_Load
41.11,18.25,0,91.4,100,Weekday,Thursday,Light_Load
3.17,4.32,0,59.16,100,Weekday,Friday,Light_Load
60.23,33.12,0,87.63,100,Weekday,Monday,Maximum_Load
3.02,0,4.57,100,55.13,Weekend,Saturday,Light_Load
62.46,38.52,0,85.12,100,Weekday,Tuesday,Maximum_Load
3.06,4.97,0,52.43,100,Weekday,Thursday,Light_Load
3.6,6.88,0,46.36,100,Weekday,Monday,Medium_Load
3.56,0,10.69,100,31.6,Weekend,Saturday,Medium_Load
3.06,0,13.86,100,21.56,Weekend,Sunday,Medium_Load
59.76,28.19,0,90.44,100,Weekday,Monday,Maximum_Load
40.46,30.64,0,79.72,100,Weekend,Saturday,Light_Load
4,2.84,0.36,81.54,99.6,Weekday,Thursday,Light_Load
9.4,0,20.52,100,41.65,Weekday,Tuesday,Medium_Load
8.96,0,23.36,100,35.81,Weekday,Wednesday,Medium_Load
81.25,25.06,0,95.56,100,Weekday,Tuesday,Medium_Load
36.72,8.71,0,97.3,100,Weekday,Wednesday,Medium_Load
64.12,60.12,0,72.95,100,Weekday,Wednesday,Light_Load
2.81,4.57,0,52.38,100,Weekend,Sunday,Light_Load
63.54,49.5,0,78.89,100,Weekend,Sunday,Light_Load
102.28,25.7,0,96.99,100,Weekend,Saturday,Maximum_Load
2.95,5.29,0,48.7,100,Weekday,Tuesday,Light_Load
3.67,7.31,0,44.87,100,Weekend,Saturday,Light_Load
55.48,24.05,0,91.75,100,Weekday,Thursday,Maximum_Load
5.04,0,5,100,70.99,Weekend,Sunday,Maximum_Load
3.49,4.64,0,60.11,100,Weekday,Thursday,Light_Load
3.6,2.84,0.04,78.51,99.99,Weekday,Tuesday,Light_Load
9.29,0,23.51,100,36.75,Weekday,Tuesday,Medium_Load
2.7,5.08,0,46.93,100,Weekday,Friday,Light_Load
105.7,67.36,0,84.33,100,Weekday,Tuesday,Light_Load
57.49,29.2,0,89.16,100,Weekday,Thursday,Maximum_Load
58.07,12.24,0,97.85,100,Weekday,Wednesday,Maximum_Load
2.88,6.52,0,40.41,100,Weekday,Tuesday,Light_Load
36.43,34.85,0,72.26,100,Weekday,Thursday,Light_Load
6.48,5.26,0,77.64,100,Weekend,Saturday,Light_Load
5.62,4.03,0,81.27,100,Weekday,Tuesday,Light_Load
74.59,31.64,0.04,92.06,100,Weekday,Wednesday,Maximum_Load
4.79,5.72,0,64.2,100,Weekday,Wednesday,Light_Load
3.06,0,14.65,100,20.45,Weekend,Sunday,Light_Load
3.92,5.15,0,60.57,100,Weekday,Monday,Light_Load
37.12,15.95,0.54,91.88,99.99,Weekday,Thursday,Medium_Load
7.2,0,14.9,100,43.51,Weekday,Tuesday,Medium_Load
3.92,0,26.57,100,14.6,Weekday,Wednesday,Medium_Load
61.13,26.89,0,91.54,100,Weekday,Wednesday,Medium_Load
56.63,27.4,0,90.02,100,Weekday,Friday,Maximum_Load
109.22,35.71,0,95.05,100,Weekday,Tuesday,Medium_Load
91.01,34.13,0,93.63,100,Weekday,Thursday,Maximum_Load
34.24,1.04,2.12,99.95,99.81,Weekend,Saturday,Maximum_Load
87.88,33.05,0,93.6,100,Weekend,Saturday,Medium_Load
66.13,41.98,0,84.43,100,Weekday,Thursday,Medium_Load
57.38,24.8,0,91.79,100,Weekday,Wednesday,Maximum_Load
3.2,4.9,0,54.68,100,Weekend,Saturday,Light_Load
60.19,45.65,0,79.68,100,Weekday,Friday,Medium_Load
3.2,4.82,0,55.31,100,Weekday,Monday,Light_Load
51.7,15.52,1.91,95.78,99.93,Weekday,Thursday,Maximum_Load
30.82,0,8.1,100,96.72,Weekday,Thursday,Medium_Load
3.2,0,16.99,100,18.51,Weekend,Saturday,Light_Load
2.88,0,17.1,100,16.61,Weekend,Saturday,Medium_Load
3.06,3.67,0,64.04,100,Weekday,Thursday,Light_Load
3.17,4.54,0,57.25,100,Weekday,Tuesday,Light_Load
93.89,46.15,0,89.74,100,Weekday,Wednesday,Maximum_Load
39.67,13.46,0.25,94.7,100,Weekend,Saturday,Maximum_Load
24.08,0,10.91,100,91.09,Weekend,Sunday,Medium_Load
3.02,4.18,0,58.56,100,Weekday,Tuesday,Light_Load
90.04,27.61,0,95.61,100,Weekend,Sunday,Maximum_Load
3.31,3.2,0,71.9,100,Weekday,Friday,Light_Load
3.67,4.72,0,61.38,100,Weekday,Tuesday,Light_Load
48.17,15.7,0,95.08,100,Weekday,Thursday,Maximum_Load
3.38,3.1,0,73.7,100,Weekend,Saturday,Light_Load
70.99,28.94,0,92.6,100,Weekday,Monday,Light_Load
82.08,36.11,0,91.53,100,Weekday,Tuesday,Medium_Load
5.94,4.07,0,82.49,100,Weekday,Tuesday,Light_Load
2.92,5.29,0,48.33,100,Weekday,Friday,Light_Load
59,27.07,0,90.89,100,Weekday,Wednesday,Maximum_Load
3.31,0,17.32,100,18.77,Weekend,Sunday,Light_Load
2.95,6.23,0,42.8,100,Weekday,Tuesday,Light_Load
3.74,6.73,0,48.58,100,Weekday,Friday,Light_Load
3.17,6.66,0,42.98,100,Weekend,Saturday,Light_Load
63.76,42.7,0,83.09,100,Weekday,Wednesday,Medium_Load
77.83,30.92,0,92.93,100,Weekday,Thursday,Medium_Load
2.95,5.72,0,45.84,100,Weekend,Sunday,Light_Load
3.17,4.03,0,61.83,100,Weekend,Saturday,Light_Load
55.8,39.35,0,81.72,100,Weekday,Friday,Medium_Load
69.84,35.78,0,89,100,Weekday,Monday,Medium_Load
3.46,2.23,0.22,84.05,99.8,Weekday,Thursday,Light_Load
3.74,0,17.96,100,20.39,Weekend,Saturday,Light_Load
3.24,0,14.15,100,22.32,Weekend,Sunday,Light_Load
3.92,2.45,0.54,84.8,99.06,Weekday,Wednesday,Light_Load
3.06,0,16.7,100,18.02,Weekend,Saturday,Light_Load
2.56,5.65,0,41.27,100,Weekday,Tuesday,Light_Load
6.16,2.23,0.79,94.03,99.19,Weekday,Friday,Light_Load
3.92,4.03,0,69.73,100,Weekend,Sunday,Light_Load
5.83,5.36,0,73.62,100,Weekend,Sunday,Light_Load
3.46,5.8,0,51.23,100,Weekday,Thursday,Light_Load
3.71,2.81,0,79.72,100,Weekday,Tuesday,Light_Load
96.26,37.84,0,93.07,100,Weekday,Thursday,Medium_Load
2.56,5.62,0,41.45,100,Weekday,Wednesday,Light_Load
6.12,0,21.38,100,27.52,Weekday,Thursday,Medium_Load
3.71,0,10.98,100,32.01,Weekend,Sunday,Medium_Load
2.84,4.5,0,53.37,100,Weekend,Saturday,Medium_Load
78.62,48.49,0,85.11,100,Weekday,Monday,Light_Load
2.92,4.68,0,52.93,100,Weekend,Sunday,Medium_Load
53.28,24.52,0,90.84,100,Weekday,Wednesday,Maximum_Load
2.52,4.64,0,47.73,100,Weekday,Thursday,Light_Load
136.76,75.06,0,87.66,100,Weekday,Thursday,Maximum_Load
77.87,9.79,0.22,99.22,100,Weekend,Saturday,Medium_Load
3.17,0,16.96,100,18.37,Weekend,Sunday,Light_Load
2.66,4.57,0,50.3,100,Weekday,Monday,Light_Load
35.96,2.52,1.37,99.76,99.93,Weekday,Tuesday,Maximum_Load
63.86,43.85,0,82.44,100,Weekday,Tuesday,Maximum_Load
6.41,5.87,0,73.75,100,Weekday,Thursday,Light_Load
3.2,6.23,0,45.69,100,Weekday,Tuesday,Light_Load
53.14,23.4,0,91.52,100,Weekend,Saturday,Maximum_Load
2.88,5.36,0,47.33,100,Weekend,Sunday,Light_Load
8.68,0,18.65,100,42.2,Weekday,Tuesday,Medium_Load
6.44,0,21.78,100,28.35,Weekday,Tuesday,Maximum_Load
6.23,5.33,0,75.99,100,Weekday,Wednesday,Light_Load
47.41,7.85,0.43,98.66,100,Weekday,Monday,Medium_Load
3.42,0,23.69,100,14.29,Weekend,Saturday,Light_Load
3.49,5.65,0,52.55,100,Weekday,Monday,Light_Load
98.75,36.83,0,93.7,100,Weekday,Monday,Maximum_Load
4.25,5.29,0,62.63,100,Weekend,Sunday,Light_Load
6.77,0,22.9,100,28.35,Weekday,Friday,Medium_Load
5.08,0,26.78,100,18.64,Weekend,Saturday,Medium_Load
2.7,5.04,0,47.22,100,Weekday,Wednesday,Light_Load
2.99,4.03,0,59.58,100,Weekend,Saturday,Light_Load
61.81,32.65,0.54,88.42,100,Weekday,Thursday,Medium_Load
32.62,2.38,0.9,99.73,99.96,Weekend,Sunday,Maximum_Load
2.66,4.97,0,47.19,100,Weekend,Sunday,Light_Load
3.71,0,26.03,100,14.11,Weekday,Wednesday,Medium_Load
51.88,21.71,0,92.25,100,Weekday,Thursday,Maximum_Load
4.03,0,18.47,100,21.32,Weekday,Friday,Medium_Load
3.64,0,3.92,100,68.05,Weekday,Monday,Medium_Load
62.03,18.29,0,95.92,100,Weekend,Saturday,Medium_Load
2.56,4.39,0,50.37,100,Weekend,Saturday,Light_Load
2.48,4.5,0,48.27,100,Weekend,Sunday,Light_Load
5.36,0,27.58,100,19.08,Weekday,Thursday,Medium_Load
99.79,46.44,0,90.66,100,Weekday,Tuesday,Maximum_Load
28.94,0,7.52,100,96.79,Weekday,Monday,Medium_Load
107.78,34.2,0,95.32,100,Weekday,Wednesday,Medium_Load
138.06,51.8,0,93.63,100,Weekday,Thursday,Medium_Load
4.18,0,26.86,100,15.38,Weekend,Saturday,Medium_Load
4.68,5.18,0,67.04,100,Weekday,Thursday,Light_Load
52.78,18.4,0,94.43,100,Weekday,Wednesday,Medium_Load
3.49,3.02,0,75.62,100,Weekday,Monday,Light_Load
40.64,9.18,0.29,97.54,100,Weekday,Tuesday,Medium_Load
25.7,0,11.48,100,91.3,Weekend,Sunday,Maximum_Load
52.06,31.36,0,85.66,100,Weekday,Thursday,Maximum_Load
83.7,35.24,0,92.16,100,Weekday,Friday,Maximum_Load
2.66,0,11.63,100,22.3,Weekday,Tuesday,Light_Load
66.49,35.86,0,88.02,100,Weekday,Tuesday,Maximum_Load
2.52,3.67,0,56.61,100,Weekend,Sunday,Light_Load
2.59,3.46,0,59.93,100,Weekday,Tuesday,Light_Load
62.71,38.12,0,85.45,100,Weekday,Monday,Medium_Load
3.96,4.75,0,64.03,100,Weekday,Wednesday,Light_Load
3.24,4.1,0,62,100,Weekend,Sunday,Light_Load
94.97,35.06,0,93.81,100,Weekday,Tuesday,Medium_Load
2.59,4.36,0,51.07,100,Weekend,Sunday,Light_Load
5.11,3.96,0,79.04,100,Weekend,Saturday,Light_Load
57.2,27.4,0,90.19,100,Weekday,Thursday,Medium_Load
102.56,30.64,0,95.82,100,Weekday,Friday,Maximum_Load
3.02,0,14.76,100,20.05,Weekend,Sunday,Light_Load
3.78,4.72,0,62.51,100,Weekday,Monday,Light_Load
44.96,9.5,0.79,97.84,99.98,Weekday,Friday,Maximum_Load
66.46,26.17,0,93.05,100,Weekday,Tuesday,Medium_Load
3.02,3.71,0,63.13,100,Weekday,Thursday,Light_Load
2.95,5.83,0,45.15,100,Weekday,Monday,Light_Load
48.28,42.3,0,75.22,100,Weekday,Thursday,Light_Load
3.17,0,16.52,100,18.85,Weekday,Tuesday,Light_Load
91.19,50.94,0,87.3,100,Weekday,Friday,Maximum_Load
8.06,0,22.21,100,34.11,Weekday,Tuesday,Medium_Load
3.85,6.12,0,53.25,100,Weekend,Saturday,Light_Load
2.88,0,4.68,100,52.41,Weekday,Friday,Light_Load
40.21,21.64,0,88.06,100,Weekday,Friday,Maximum_Load
68.11,31.03,0,91,100,Weekday,Friday,Light_Load
61.16,25.74,0,92.17,100,Weekday,Wednesday,Maximum_Load
4.1,0,9.94,100,38.13,Weekend,Sunday,Medium_Load
3.89,3.49,0,74.43,100,Weekday,Tuesday,Light_Load
74.92,29.34,0,93.11,100,Weekday,Wednesday,Maximum_Load
74.12,13.18,1.44,98.46,99.98,Weekday,Wednesday,Maximum_Load
94.25,25.92,0,96.42,100,Weekend,Saturday,Maximum_Load
3.2,4.97,0,54.14,100,Weekend,Sunday,Light_Load
46.26,22.14,0,90.2,100,Weekday,Wednesday,Medium_Load
47.52,9.76,0.04,97.96,100,Weekday,Friday,Medium_Load
44.75,9.65,0,97.75,100,Weekday,Tuesday,Medium_Load
2.7,0,5.08,100,46.93,Weekday,Wednesday,Light_Load
3.1,0,16.88,100,18.06,Weekend,Sunday,Light_Load
3.24,0,16.45,100,19.32,Weekend,Sunday,Light_Load
48.35,49.64,0,69.77,100,Weekend,Saturday,Light_Load
64.62,29.48,0,90.98,100,Weekday,Thursday,Medium_Load
3.06,3.46,0,66.25,100,Weekday,Monday,Light_Load
3.1,2.41,0,78.95,100,Weekday,Monday,Light_Load
4.36,0,16.49,100,25.56,Weekday,Friday,Medium_Load
2.92,5.72,0,45.47,100,Weekday,Tuesday,Light_Load
4.72,0,15.59,100,28.98,Weekday,Friday,Medium_Load
2.81,5,0,48.99,100,Weekday,Monday,Light_Load
3.13,5.22,0,51.43,100,Weekday,Friday,Light_Load
2.74,3.74,0,59.1,100,Weekend,Saturday,Light_Load
5.36,0,27.18,100,19.35,Weekday,Thursday,Medium_Load
4.36,0,20.77,100,20.54,Weekend,Sunday,Light_Load
43.2,20.2,0,90.59,100,Weekday,Friday,Medium_Load
4.07,0,10.58,100,35.9,Weekend,Saturday,Medium_Load
92.74,38.45,0,92.38,100,Weekday,Tuesday,Maximum_Load
96.84,47.88,0,89.64,100,Weekday,Thursday,Medium_Load
28.3,0,8.71,100,95.58,Weekday,Thursday,Medium_Load
65.92,34.13,0,88.8,100,Weekday,Wednesday,Maximum_Load
3.71,0,13.32,100,26.83,Weekend,Saturday,Light_Load
107.89,58.61,0,87.87,100,Weekday,Friday,Maximum_Load
2.52,4.36,0,50.04,100,Weekday,Tuesday,Light_Load
37.12,7.85,0,97.84,100,Weekend,Sunday,Medium_Load
3.46,4.39,0,61.9,100,Weekday,Thursday,Light_Load
3.74,7.42,0,45.01,100,Weekend,Saturday,Light_Load
71.32,39.06,0,87.71,100,Weekday,Tuesday,Maximum_Load
59.65,34.06,0,86.84,100,Weekday,Friday,Maximum_Load
29.45,8.68,0,95.92,100,Weekday,Friday,Medium_Load
3.92,5.29,0,59.54,100,Weekday,Wednesday,Light_Load
51.12,17.6,0,94.55,100,Weekday,Tuesday,Medium_Load
2.52,3.82,0,55.07,100,Weekend,Saturday,Light_Load
2.95,5.58,0,46.74,100,Weekday,Friday,Light_Load
54.83,27.22,0,89.57,100,Weekday,Wednesday,Medium_Load
2.99,5.22,0,49.7,100,Weekday,Thursday,Light_Load
2.95,5.11,0,50,100,Weekday,Friday,Light_Load
45.04,24.59,0,87.77,100,Weekday,Thursday,Medium_Load
3.02,3.24,0,68.18,100,Weekend,Sunday,Light_Load
2.81,0,11.59,100,23.56,Weekend,Sunday,Light_Load
3.56,3.24,0,73.96,100,Weekday,Thursday,Medium_Load
2.81,0,10.66,100,25.49,Weekend,Saturday,Light_Load
110.74,57.56,0,88.73,100,Weekday,Wednesday,Maximum_Load
49.86,26.21,0,88.52,100,Weekday,Tuesday,Maximum_Load
2.95,5.94,0,44.48,100,Weekday,Thursday,Light_Load
3.2,4.72,0,56.12,100,Weekday,Friday,Light_Load
2.84,5.26,0,47.51,100,Weekday,Monday,Light_Load
3.67,0,13.64,100,25.98,Weekend,Sunday,Light_Load
7.06,0,20.56,100,32.48,Weekday,Thursday,Medium_Load
71.75,33.55,0,90.59,100,Weekday,Friday,Medium_Load
3.49,4.61,0,60.36,100,Weekday,Friday,Light_Load
32,21.2,0,83.36,100,Weekday,Wednesday,Light_Load
63.61,27.94,0,91.56,100,Weekday,Friday,Maximum_Load
2.77,4.07,0,56.26,100,Weekday,Monday,Light_Load
2.52,5.04,0,44.72,100,Weekday,Thursday,Light_Load
3.17,3.35,0,68.73,100,Weekend,Saturday,Light_Load
2.66,4.9,0,47.71,100,Weekday,Monday,Light_Load
31.72,30.35,0,72.25,100,Weekday,Tuesday,Light_Load
63.86,45.43,0,81.48,100,Weekday,Tuesday,Maximum_Load
2.63,5.04,0,46.26,100,Weekday,Monday,Light_Load
4.07,0,6.7,100,51.92,Weekday,Wednesday,Medium_Load
33.16,5.36,2.48,98.72,99.72,Weekday,Monday,Medium_Load
3.24,0,16.27,100,19.53,Weekday,Tuesday,Light_Load
4.36,3.85,0,74.96,100,Weekday,Monday,Light_Load
46.08,10.08,0.04,97.69,100,Weekday,Monday,Medium_Load
7.06,4.9,0,82.15,100,Weekday,Thursday,Light_Load
3.06,4.72,0,54.4,100,Weekday,Tuesday,Light_Load
3.6,6.88,0,46.36,100,Weekday,Friday,Light_Load
3.02,0,17.35,100,17.15,Weekend,Saturday,Light_Load
2.84,4.43,0,53.97,100,Weekend,Sunday,Light_Load
3.1,3.96,0,61.64,100,Weekday,Monday,Light_Load
43.6,5.76,0.72,99.14,99.99,Weekday,Thursday,Maximum_Load
65.02,43.63,0,83.04,100,Weekend,Sunday,Light_Load
2.63,4.5,0,50.46,100,Weekend,Saturday,Medium_Load
59.8,39.24,0,83.61,100,Weekday,Thursday,Maximum_Load
2.59,5,0,46,100,Weekday,Monday,Light_Load
30.74,0,9.61,100,95.44,Weekday,Friday,Medium_Load
35.24,25.67,0,80.83,100,Weekday,Friday,Maximum_Load
3.85,3.06,0.22,78.28,99.84,Weekday,Friday,Light_Load
4.68,2.02,13.32,91.81,33.15,Weekday,Friday,Medium_Load
63.61,18.36,0,96.08,100,Weekday,Tuesday,Maximum_Load
3.64,3.74,0,69.75,100,Weekday,Wednesday,Light_Load
3.1,0,16.96,100,17.98,Weekday,Tuesday,Light_Load
65.02,36.94,0,86.95,100,Weekday,Monday,Medium_Load
44.71,11.05,0.36,97.08,100,Weekend,Sunday,Medium_Load
3.17,2.27,0.11,81.3,99.94,Weekday,Thursday,Light_Load
3.96,0,22.21,100,17.55,Weekend,Sunday,Light_Load
58.39,32.44,0,87.42,100,Weekday,Wednesday,Maximum_Load
5,0,22.54,100,21.66,Weekday,Tuesday,Medium_Load
66.96,47.16,0,81.76,100,Weekday,Thursday,Light_Load
13.18,13.82,0,69.02,100,Weekday,Wednesday,Light_Load
27.36,2.59,1.15,99.55,99.91,Weekend,Sunday,Maximum_Load
86.83,26.42,0,95.67,100,Weekday,Wednesday,Medium_Load
3.35,4.21,0,62.27,100,Weekday,Thursday,Light_Load
2.84,5.26,0,47.51,100,Weekend,Sunday,Light_Load
33.84,1.8,1.55,99.86,99.9,Weekend,Saturday,Maximum_Load
3.89,0,18.36,100,20.73,Weekday,Thursday,Medium_Load
3.28,0,19.12,100,16.91,Weekend,Sunday,Light_Load
2.95,4.36,0,56.04,100,Weekday,Monday,Light_Load
3.06,3.46,0,66.25,100,Weekday,Tuesday,Light_Load
3.13,3.02,0,71.96,100,Weekend,Sunday,Light_Load
3.6,6.91,0,46.2,100,Weekday,Friday,Light_Load
3.1,3.71,0,64.12,100,Weekday,Tuesday,Light_Load
43.13,13.64,0,95.35,100,Weekend,Saturday,Maximum_Load
2.95,3.96,0,59.74,100,Weekday,Tuesday,Light_Load
5.98,0,25.85,100,22.54,Weekday,Wednesday,Medium_Load
4.03,4.61,0,65.82,100,Weekday,Friday,Light_Load
101.77,47.2,0,90.72,100,Weekday,Friday,Medium_Load
120.64,51.77,0,91.9,100,Weekday,Tuesday,Medium_Load
4.64,1.76,15.34,93.5,28.95,Weekend,Saturday,Light_Load
6.37,0,26.21,100,23.62,Weekend,Saturday,Maximum_Load
3.35,0,16.78,100,19.58,Weekend,Sunday,Light_Load
111.17,45.86,0,92.44,100,Weekday,Wednesday,Maximum_Load
2.74,3.92,0,57.29,100,Weekday,Monday,Light_Load
3.53,0,15.95,100,21.61,Weekend,Sunday,Medium_Load
4.57,4.36,0,72.35,100,Weekday,Wednesday,Light_Load
41.44,15.84,0,93.41,100,Weekday,Tuesday,Medium_Load
3.85,0,12.38,100,29.7,Weekend,Sunday,Maximum_Load
34.38,2.41,0.36,99.76,99.99,Weekday,Wednesday,Medium_Load
80.1,39.2,0,89.82,100,Weekday,Monday,Maximum_Load
127.04,60.7,0,90.23,100,Weekday,Wednesday,Maximum_Load
56.7,25.52,0,91.19,100,Weekday,Thursday,Maximum_Load
103.79,43.02,0,92.38,100,Weekday,Monday,Maximum_Load
2.95,0,16.67,100,17.43,Weekday,Tuesday,Medium_Load
75.46,44.53,0,86.12,100,Weekday,Wednesday,Maximum_Load
2.81,4.1,0,56.53,100,Weekday,Monday,Light_Load
3.96,3.31,0.11,76.73,99.96,Weekend,Saturday,Light_Load
2.95,0,4.61,100,53.9,Weekday,Monday,Light_Load
4.75,0,17.89,100,25.66,Weekday,Wednesday,Medium_Load
4.32,0,22.39,100,18.94,Weekday,Wednesday,Medium_Load
3.02,0,16.74,100,17.75,Weekend,Sunday,Light_Load
26.93,23.26,0,75.68,100,Weekday,Wednesday,Light_Load
42.37,17.24,0.22,92.63,100,Weekday,Tuesday,Medium_Load
21.82,4.57,3.06,97.88,99.03,Weekend,Sunday,Maximum_Load
58.64,25.6,0,91.65,100,Weekday,Monday,Maximum_Load
2.84,4.5,0,53.37,100,Weekend,Sunday,Light_Load
4.07,0,26.57,100,15.14,Weekend,Saturday,Medium_Load
3.53,4.93,0,58.22,100,Weekday,Friday,Light_Load
51.05,17.21,0,94.76,100,Weekday,Monday,Medium_Load
90.86,14.9,0.11,98.68,100,Weekday,Tuesday,Maximum_Load
111.1,57.2,0,88.91,100,Weekday,Friday,Maximum_Load
57.78,30.46,0,88.46,100,Weekday,Friday,Maximum_Load
2.99,0,14.4,100,20.33,Weekend,Sunday,Light_Load
56.56,29.2,0,88.86,100,Weekday,Friday,Maximum_Load
3.38,5.54,0,52.08,100,Weekday,Wednesday,Light_Load
34.99,11.81,0,94.75,100,Weekday,Wednesday,Maximum_Load
4.75,5.08,0,68.3,100,Weekday,Friday,Light_Load
4.75,0,25.67,100,18.2,Weekday,Thursday,Medium_Load
3.13,0,16.52,100,18.62,Weekend,Sunday,Light_Load
58.75,25.63,0,91.66,100,Weekday,Tuesday,Medium_Load
71.46,35.5,0,89.56,100,Weekday,Thursday,Maximum_Load
4.79,0,16.16,100,28.42,Weekend,Saturday,Medium_Load
36.76,13.5,0,93.87,100,Weekday,Tuesday,Maximum_Load
34.78,4.54,3.38,99.16,99.53,Weekday,Thursday,Maximum_Load
3.6,5,0,58.43,100,Weekday,Wednesday,Light_Load
4.07,4.18,0,69.76,100,Weekend,Sunday,Light_Load
28.48,28.84,0,70.27,100,Weekday,Monday,Light_Load
7.31,0,22.36,100,31.07,Weekday,Tuesday,Medium_Load
2.95,5.58,0,46.74,100,Weekday,Thursday,Light_Load
23.87,0.72,12.49,99.95,88.6,Weekday,Wednesday,Medium_Load
2.88,5.76,0,44.72,100,Weekday,Friday,Light_Load
9.83,0,23.83,100,38.13,Weekday,Wednesday,Medium_Load
4.72,5.58,0,64.58,100,Weekday,Friday,Light_Load
62.39,32.29,0,88.81,100,Weekday,Wednesday,Medium_Load
3.89,5,0,61.4,100,Weekday,Tuesday,Medium_Load
4.86,0,26.24,100,18.21,Weekday,Thursday,Medium_Load
3.31,3.42,0,69.55,100,Weekday,Wednesday,Light_Load
4.75,0,21.56,100,21.52,Weekend,Sunday,Light_Load
3.06,4.25,0,58.43,100,Weekend,Sunday,Light_Load
67.25,34.6,0,88.92,100,Weekday,Friday,Maximum_Load
2.66,4.68,0,49.41,100,Weekend,Sunday,Light_Load
2.88,5.69,0,45.16,100,Weekday,Monday,Light_Load
68.44,33.34,0,89.9,100,Weekday,Friday,Maximum_Load
3.71,0,20.16,100,18.1,Weekend,Sunday,Light_Load
3.13,6.05,0,45.95,100,Weekend,Saturday,Light_Load
3.02,0,17.35,100,17.15,Weekend,Saturday,Light_Load
6.59,6.26,0,72.5,100,Weekday,Thursday,Medium_Load
4.21,5.04,0,64.11,100,Weekday,Monday,Medium_Load
3.67,0,21.38,100,16.92,Weekend,Sunday,Light_Load
2.66,4.86,0,48.01,100,Weekend,Sunday,Light_Load
3.24,3.06,0,72.7,100,Weekend,Saturday,Light_Load
3.28,0,16.99,100,18.96,Weekend,Saturday,Light_Load
3.24,0,14.58,100,21.69,Weekend,Sunday,Light_Load
3.2,6.34,0,45.06,100,Weekday,Wednesday,Light_Load
46.66,21.38,0.04,90.91,100,Weekday,Friday,Maximum_Load
54.72,23.62,0.04,91.81,100,Weekday,Tuesday,Medium_Load
2.88,4.36,0,55.12,100,Weekday,Thursday,Light_Load
2.56,4.1,0,52.96,100,Weekday,Tuesday,Light_Load
34.99,14.44,0,92.44,100,Weekday,Friday,Medium_Load
3.6,3.67,0,70.03,100,Weekday,Tuesday,Light_Load
3.13,0,17.32,100,17.78,Weekend,Saturday,Light_Load
54.36,32.62,0,85.75,100,Weekday,Friday,Maximum_Load
3.49,2.88,0,77.13,100,Weekday,Monday,Light_Load
77.47,28.04,0,94.03,100,Weekday,Friday,Maximum_Load
3.71,0,19.8,100,18.42,Weekend,Sunday,Light_Load
34.49,1.87,4.82,99.85,99.04,Weekend,Saturday,Medium_Load
2.84,0,4.75,100,51.32,Weekend,Sunday,Light_Load
3.35,0,4.86,100,56.75,Weekday,Wednesday,Light_Load
3.42,3.13,0,73.77,100,Weekday,Friday,Light_Load
5,8.89,0,49.02,100,Weekday,Thursday,Light_Load
3.67,4.64,0,62.04,100,Weekday,Tuesday,Light_Load
3.89,0.04,15.48,99.99,24.37,Weekday,Friday,Medium_Load
6.01,7.67,0,61.68,100,Weekend,Sunday,Light_Load
2.7,5.11,0,46.72,100,Weekday,Tuesday,Light_Load
3.67,4.46,0,63.54,100,Weekday,Tuesday,Light_Load
59.83,37.44,0,84.77,100,Weekday,Tuesday,Maximum_Load
75.31,41.58,0,87.54,100,Weekday,Thursday,Maximum_Load
49.57,14.26,0,96.1,100,Weekday,Monday,Maximum_Load
4.18,0,16.16,100,25.04,Weekday,Monday,Medium_Load
2.84,4.9,0,50.15,100,Weekend,Saturday,Light_Load
62.21,33.01,0,88.33,100,Weekend,Saturday,Maximum_Load
5.4,1.8,15.44,94.87,33.01,Weekday,Thursday,Medium_Load
60.84,21.28,0,94.39,100,Weekday,Monday,Maximum_Load
3.42,3.06,0,74.52,100,Weekend,Sunday,Light_Load
2.99,4.28,0,57.27,100,Weekday,Wednesday,Light_Load
73.87,24.05,0,95.09,100,Weekend,Saturday,Medium_Load
112.64,48.67,0,91.8,100,Weekday,Monday,Maximum_Load
3.38,6.95,0,43.74,100,Weekday,Wednesday,Light_Load
7.81,4.68,0,85.78,100,Weekday,Thursday,Light_Load
3.92,3.82,0,71.62,100,Weekday,Friday,Light_Load
33.88,1.3,1.58,99.93,99.89,Weekday,Thursday,Medium_Load
3.46,3.6,0,69.29,100,Weekday,Friday,Light_Load
4.1,0,11.66,100,33.17,Weekend,Saturday,Light_Load
3.6,5.8,0.18,52.74,99.88,Weekday,Wednesday,Medium_Load
2.81,6.23,0,41.12,100,Weekend,Saturday,Light_Load
54.36,42.3,0,78.92,100,Weekday,Tuesday,Maximum_Load
5.44,4.1,0,79.86,100,Weekday,Tuesday,Maximum_Load
2.74,5.36,0,45.52,100,Weekday,Monday,Medium_Load
117.47,60.01,0,89.05,100,Weekday,Wednesday,Maximum_Load
2.59,5.51,0,42.54,100,Weekday,Wednesday,Light_Load
4.14,3.35,0.11,77.74,99.96,Weekday,Wednesday,Light_Load
63.76,26.03,0,92.58,100,Weekday,Friday,Medium_Load
42.55,7.16,0.29,98.61,100,Weekday,Tuesday,Maximum_Load
5.4,0,23.58,100,22.32,Weekday,Wednesday,Medium_Load
2.81,4.79,0,50.6,100,Weekend,Sunday,Light_Load
4.68,4.43,0,72.62,100,Weekday,Tuesday,Light_Load
4.36,4,0,73.69,100,Weekday,Wednesday,Light_Load
3.64,4.18,0,65.67,100,Weekday,Wednesday,Light_Load
38.7,0.47,3.06,99.99,99.69,Weekend,Saturday,Maximum_Load
54.65,26.93,0,89.7,100,Weekday,Friday,Maximum_Load
3.96,0,6.19,100,53.89,Weekend,Sunday,Light_Load
4.9,0,7.31,100,55.68,Weekend,Sunday,Light_Load
78.66,30.89,4.75,93.08,99.82,Weekday,Thursday,Maximum_Load
58.86,18.58,1.37,95.36,99.97,Weekday,Wednesday,Medium_Load
2.99,0,12.53,100,23.21,Weekend,Sunday,Light_Load
2.88,3.82,0,60.2,100,Weekday,Wednesday,Light_Load
3.31,0,13.97,100,23.06,Weekend,Sunday,Light_Load
2.81,5.18,0,47.68,100,Weekday,Friday,Light_Load
38.12,8.06,0,97.84,100,Weekend,Saturday,Medium_Load
3.06,0,16.7,100,18.02,Weekend,Sunday,Light_Load
4.32,7.06,0,52.19,100,Weekday,Wednesday,Light_Load
3.71,4.03,0,67.73,100,Weekday,Wednesday,Light_Load
54.58,23.15,0,92.06,100,Weekday,Friday,Maximum_Load
2.99,3.74,0,62.44,100,Weekday,Friday,Light_Load
3.6,3.46,0,72.1,100,Weekday,Thursday,Light_Load
2.99,4.39,0,56.29,100,Weekday,Wednesday,Light_Load
2.88,5.08,0,49.32,100,Weekday,Tuesday,Light_Load
66.2,46.08,0,82.07,100,Weekday,Thursday,Maximum_Load
57.71,27.22,0,90.44,100,Weekday,Monday,Maximum_Load
79.99,28.37,0,94.25,100,Weekend,Saturday,Maximum_Load
3.96,0,7.78,100,45.36,Weekend,Sunday,Light_Load
53.89,25.02,4.21,90.7,99.7,Weekday,Monday,Maximum_Load
3.42,2.38,0.07,82.08,99.98,Weekend,Saturday,Light_Load
3.78,0,25.99,100,14.39,Weekday,Monday,Medium_Load
3.74,7.06,0,46.81,100,Weekday,Wednesday,Light_Load
3.1,5.33,0,50.28,100,Weekday,Tuesday,Light_Load
46.94,13.39,0,96.16,100,Weekday,Thursday,Maximum_Load
4.18,0,27.04,100,15.28,Weekday,Friday,Medium_Load
3.82,0,16.34,100,22.76,Weekday,Monday,Medium_Load
3.71,6.88,0,47.46,100,Weekday,Tuesday,Light_Load
112.61,50.04,0,91.38,100,Weekday,Friday,Medium_Load
105.7,49.82,0,90.46,100,Weekday,Friday,Maximum_Load
71.21,22.82,0,95.23,100,Weekday,Tuesday,Medium_Load
33.8,3.13,4.68,99.57,99.05,Weekday,Thursday,Maximum_Load
2.59,6.05,0,39.36,100,Weekday,Monday,Light_Load
3.78,6.01,0,53.24,100,Weekend,Sunday,Light_Load
2.88,4.21,0,56.46,100,Weekday,Wednesday,Light_Load
3.02,3.92,0,61.03,100,Weekend,Saturday,Light_Load
3.31,0,13.61,100,23.63,Weekday,Monday,Light_Load
2.59,3.67,0,57.66,100,Weekend,Sunday,Light_Load
22.93,0.07,9.29,100,92.68,Weekend,Saturday,Medium_Load
2.92,0,10.66,100,26.42,Weekend,Saturday,Light_Load
11.45,0,5.4,100,90.45,Weekend,Sunday,Medium_Load
5.76,0,23.11,100,24.18,Weekend,Saturday,Light_Load
6.05,0,8.53,100,57.85,Weekend,Saturday,Maximum_Load
3.67,3.96,0,67.97,100,Weekday,Friday,Light_Load
32.69,14.51,0.04,91.4,100,Weekend,Sunday,Maximum_Load
65.99,30.85,0,90.59,100,Weekday,Monday,Medium_Load
4,6.84,0,50.48,100,Weekend,Saturday,Light_Load
2.84,0,17.32,100,16.18,Weekend,Saturday,Light_Load
64.76,19.91,0,95.58,100,Weekday,Monday,Maximum_Load
44.21,18.94,0,91.92,100,Weekday,Wednesday,Light_Load
4.28,4,0,73.06,100,Weekday,Tuesday,Light_Load
52.02,27.5,0,88.41,100,Weekday,Tuesday,Maximum_Load
16.7,4.36,10.84,96.76,83.88,Weekday,Wednesday,Maximum_Load
3.1,4.21,0,59.29,100,Weekday,Thursday,Light_Load
4.54,5.8,0,61.64,100,Weekday,Thursday,Light_Load
2.63,0,5.69,100,41.96,Weekend,Saturday,Light_Load
2.66,4.07,0,54.71,100,Weekend,Sunday,Light_Load
3.1,0,4.72,100,54.9,Weekend,Sunday,Light_Load
2.99,5.04,0,51.02,100,Weekend,Saturday,Light_Load
32.4,16.24,0,89.4,100,Weekday,Wednesday,Medium_Load
80.46,61.34,0,79.53,100,Weekday,Thursday,Light_Load
4.1,3.89,0,72.54,100,Weekend,Sunday,Light_Load
3.89,4.25,0,67.52,100,Weekend,Sunday,Light_Load
2.92,3.71,0,61.85,100,Weekend,Saturday,Light_Load
4.21,0,25.81,100,16.1,Weekday,Monday,Medium_Load
3.6,3.2,0,74.74,100,Weekday,Wednesday,Light_Load
3.56,3.49,0,71.41,100,Weekday,Thursday,Light_Load
3.17,0,14.47,100,21.4,Weekend,Saturday,Medium_Load
54.9,25.88,0,90.45,100,Weekday,Tuesday,Maximum_Load
48.28,35.93,0.43,80.22,100,Weekday,Friday,Maximum_Load
2.7,3.85,0,57.42,100,Weekday,Monday,Light_Load
53.64,17.1,0,95.28,100,Weekday,Thursday,Maximum_Load
3.38,2.38,0.07,81.76,99.98,Weekday,Monday,Light_Load
4.72,6.8,0,57.02,100,Weekday,Tuesday,Light_Load
22.46,15.37,0,82.53,100,Weekday,Wednesday,Light_Load
3.67,0,25.88,100,14.04,Weekday,Friday,Medium_Load
3.13,3.17,0,70.26,100,Weekday,Monday,Light_Load
5.44,0,13.1,100,38.35,Weekday,Monday,Medium_Load
3.53,3.56,0,70.41,100,Weekday,Friday,Light_Load
3.71,2.41,0,83.86,100,Weekday,Tuesday,Light_Load
31.57,32.4,0,69.79,100,Weekday,Friday,Light_Load
4.18,0,26.1,100,15.81,Weekday,Wednesday,Medium_Load
2.92,0,17.14,100,16.79,Weekend,Sunday,Light_Load
24.98,13.82,0.04,87.5,100,Weekday,Wednesday,Light_Load
3.89,3.35,0,75.77,100,Weekday,Tuesday,Light_Load
63.18,30.46,0,90.08,100,Weekday,Thursday,Maximum_Load
53.39,31.61,0,86.05,100,Weekday,Friday,Maximum_Load
13.57,0.14,20.3,99.99,55.57,Weekday,Monday,Medium_Load
50.9,4.93,1.19,99.53,99.97,Weekday,Monday,Medium_Load
48.56,27.25,0,87.21,100,Weekday,Thursday,Medium_Load
3.82,3.46,0.04,74.12,99.99,Weekday,Monday,Light_Load
5.36,0,20.59,100,25.19,Weekday,Wednesday,Medium_Load
4.18,0,26.39,100,15.64,Weekday,Tuesday,Medium_Load
3.82,0,16.34,100,22.76,Weekday,Tuesday,Medium_Load
2.88,4.03,0,58.14,100,Weekday,Tuesday,Light_Load
4.79,0,15.84,100,28.95,Weekday,Thursday,Medium_Load
4.18,5.04,0,63.84,100,Weekend,Sunday,Light_Load
8.71,0,22.07,100,36.71,Weekday,Tuesday,Medium_Load
5.72,4.57,0,78.13,100,Weekday,Monday,Light_Load
5.94,0,24.84,100,23.26,Weekday,Wednesday,Medium_Load
5.51,4.9,0,74.73,100,Weekday,Monday,Light_Load
3.74,2.77,0,80.36,100,Weekday,Tuesday,Light_Load
56.77,28.87,0,89.14,100,Weekday,Monday,Maximum_Load
3.38,6.23,0.18,47.69,99.86,Weekend,Saturday,Medium_Load
3.71,0,16.78,100,21.59,Weekday,Monday,Medium_Load
3.13,5.9,0,46.86,100,Weekend,Saturday,Light_Load
71.64,32,0,91.31,100,Weekday,Friday,Light_Load
4.57,4.28,0,72.99,100,Weekday,Tuesday,Light_Load
2.84,5,0,49.39,100,Weekday,Friday,Light_Load
5.83,0,25.27,100,22.48,Weekday,Wednesday,Medium_Load
45.65,15.3,0.11,94.82,100,Weekday,Thursday,Medium_Load
2.74,5.15,0,46.97,100,Weekday,Wednesday,Light_Load
79.02,19.4,0,97.12,100,Weekday,Monday,Medium_Load
3.06,5.04,0,51.9,100,Weekday,Thursday,Light_Load
2.95,0,17.35,100,16.76,Weekend,Saturday,Light_Load
2.74,4.79,0,49.65,100,Weekday,Monday,Light_Load
41.36,36.68,0,74.82,100,Weekday,Friday,Light_Load
138.2,63.4,0,90.89,100,Weekday,Monday,Maximum_Load
3.06,0,14.58,100,20.54,Weekend,Sunday,Light_Load
3.38,4.21,0,62.6,100,Weekday,Monday,Light_Load
75.67,44.14,0,86.38,100,Weekday,Monday,Maximum_Load
3.02,3.53,0,65.01,100,Weekday,Tuesday,Light_Load
55.04,12.92,0.83,97.35,99.99,Weekday,Monday,Maximum_Load
3.53,0,7.78,100,41.32,Weekend,Sunday,Medium_Load
3.02,3.6,0,64.27,100,Weekend,Saturday,Light_Load
2.95,5.87,0,44.9,100,Weekday,Friday,Light_Load
3.28,0,16.67,100,19.31,Weekday,Thursday,Light_Load
69.62,31.9,0,90.91,100,Weekday,Friday,Medium_Load
3.71,0,18.58,100,19.58,Weekday,Wednesday,Light_Load
48.46,14.72,0,95.68,100,Weekday,Friday,Medium_Load
2.77,5.04,0,48.17,100,Weekend,Sunday,Light_Load
4.18,4.21,0,70.46,100,Weekday,Wednesday,Light_Load
35.24,10.98,0.14,95.47,100,Weekday,Wednesday,Maximum_Load
4.61,3.42,0,80.31,100,Weekday,Friday,Light_Load
70.45,38.48,1.22,87.76,99.99,Weekday,Wednesday,Maximum_Load
80.64,43.06,0,88.21,100,Weekday,Friday,Medium_Load
24.62,0.79,2.56,99.95,99.46,Weekend,Sunday,Light_Load
2.99,3.92,0,60.65,100,Weekend,Sunday,Light_Load
3.67,6.01,0,52.12,100,Weekday,Monday,Light_Load
56.05,19.37,0,94.52,100,Weekday,Wednesday,Medium_Load
2.88,0,5.36,100,47.33,Weekend,Saturday,Light_Load
2.95,5.58,0,46.74,100,Weekday,Thursday,Light_Load
4.5,0,16.74,100,25.96,Weekday,Wednesday,Medium_Load
3.6,4.28,0,64.37,100,Weekday,Tuesday,Light_Load
3.2,6.12,0,46.34,100,Weekend,Saturday,Light_Load
3.6,0,25.16,100,14.16,Weekday,Friday,Medium_Load
64.8,32.18,0,89.56,100,Weekend,Sunday,Medium_Load
3.46,0,13.61,100,24.64,Weekend,Saturday,Light_Load
3.6,5.69,0,53.47,100,Weekend,Saturday,Light_Load
83.05,17.32,1.04,97.89,99.99,Weekday,Friday,Maximum_Load
51.77,17.28,0.25,94.86,100,Weekend,Saturday,Maximum_Load
2.81,0,4.97,100,49.22,Weekday,Monday,Light_Load
87.37,45.72,0,88.6,100,Weekday,Tuesday,Medium_Load
2.77,0,17.21,100,15.89,Weekend,Saturday,Light_Load
3.49,2.63,0.04,79.86,99.99,Weekday,Tuesday,Light_Load
2.66,4.57,0,50.3,100,Weekday,Monday,Light_Load
3.64,0,16.45,100,21.61,Weekend,Sunday,Light_Load
4.36,0.18,10.98,99.91,36.91,Weekday,Thursday,Medium_Load
5.94,4.5,0,79.71,100,Weekday,Tuesday,Light_Load
44.68,19.12,0,91.94,100,Weekday,Thursday,Maximum_Load
86.8,30.64,0,94.3,100,Weekday,Tuesday,Medium_Load
3.13,4.64,0,55.92,100,Weekday,Tuesday,Light_Load
2.88,4.36,0,55.12,100,Weekday,Monday,Light_Load
70.85,37.62,0,88.32,100,Weekday,Monday,Maximum_Load
3.1,0,12.71,100,23.7,Weekend,Sunday,Light_Load
58.25,20.77,0,94.19,100,Weekday,Thursday,Medium_Load
2.99,4,0,59.87,100,Weekday,Wednesday,Light_Load
6.48,0,25.96,100,24.22,Weekday,Monday,Medium_Load
70.52,50.26,0,81.43,100,Weekday,Tuesday,Maximum_Load
123.88,44.75,0,94.05,100,Weekday,Wednesday,Medium_Load
3.96,0,23.58,100,16.56,Weekday,Thursday,Medium_Load
3.13,3.82,0,63.38,100,Weekday,Monday,Light_Load
3.56,0,22,100,15.97,Weekend,Saturday,Light_Load
71.75,41.65,0,86.48,100,Weekday,Monday,Maximum_Load
67.93,33.12,0,89.89,100,Weekday,Friday,Maximum_Load
3.42,2.41,0.04,81.74,99.99,Weekday,Wednesday,Light_Load
35.17,0.86,2.52,99.97,99.74,Weekend,Saturday,Maximum_Load
3.42,2.92,0,76.05,100,Weekday,Thursday,Light_Load
3.31,3.56,0,68.09,100,Weekday,Monday,Light_Load
51.12,23.58,0,90.81,100,Weekday,Thursday,Maximum_Load
3.56,7.45,0,43.12,100,Weekend,Saturday,Light_Load
53.14,12.89,0.22,97.18,100,Weekday,Thursday,Maximum_Load
69.8,35.68,0,89.04,100,Weekday,Wednesday,Maximum_Load
3.46,0,16.85,100,20.11,Weekday,Friday,Light_Load
32.29,0,5.62,100,98.52,Weekend,Saturday,Medium_Load
3.92,0,24.73,100,15.66,Weekend,Sunday,Medium_Load
2.88,4.9,0,50.67,100,Weekend,Sunday,Light_Load
70.31,41.47,0,86.13,100,Weekday,Monday,Maximum_Load
41,5.62,0.54,99.07,99.99,Weekday,Wednesday,Medium_Load
79.27,51.3,0,83.95,100,Weekday,Friday,Medium_Load
2.99,0,17.28,100,17.05,Weekend,Sunday,Light_Load
2.95,0,11.3,100,25.26,Weekend,Saturday,Medium_Load
101.02,30.42,0,95.75,100,Weekday,Tuesday,Medium_Load
3.38,4.75,0,57.98,100,Weekday,Friday,Light_Load
4.68,4.93,0,68.85,100,Weekday,Thursday,Light_Load
37.22,10.22,0,96.43,100,Weekday,Wednesday,Maximum_Load
3.31,2.09,9.11,84.55,34.15,Weekend,Sunday,Light_Load
2.74,0,11.84,100,22.55,Weekend,Sunday,Light_Load
3.85,5.51,0,57.28,100,Weekday,Tuesday,Light_Load
4.1,2.88,0.32,81.83,99.7,Weekday,Thursday,Light_Load
4.28,1.98,14.9,90.76,27.61,Weekday,Tuesday,Medium_Load
62.1,30.53,0,89.74,100,Weekday,Wednesday,Light_Load
57.56,23.9,0,92.36,100,Weekday,Wednesday,Maximum_Load
3.2,5.9,0,47.68,100,Weekend,Saturday,Light_Load
3.35,2.7,0,77.86,100,Weekend,Sunday,Light_Load
120.89,47.38,0,93.1,100,Weekday,Tuesday,Light_Load
5,0,25.49,100,19.25,Weekday,Monday,Medium_Load
18.14,17.28,0,72.41,100,Weekday,Wednesday,Light_Load
2.95,5.11,0,50,100,Weekday,Wednesday,Light_Load
32.98,0,5.58,100,98.6,Weekday,Tuesday,Medium_Load
3.06,3.89,0,61.83,100,Weekday,Tuesday,Light_Load
4.97,0,25.99,100,18.78,Weekend,Sunday,Light_Load
2.63,4.64,0,49.31,100,Weekend,Sunday,Light_Load
3.38,5.54,0,52.08,100,Weekday,Wednesday,Light_Load
3.6,0,21.17,100,16.76,Weekend,Sunday,Light_Load
2.92,4.36,0,55.65,100,Weekday,Monday,Light_Load
119.88,55.33,0,90.8,100,Weekday,Wednesday,Medium_Load
6.52,0,20.27,100,30.62,Weekday,Friday,Medium_Load
3.06,3.42,0,66.68,100,Weekend,Saturday,Light_Load
5.11,0,18.22,100,27,Weekday,Wednesday,Medium_Load
4.14,4.28,0,69.53,100,Weekend,Sunday,Light_Load
2.84,3.13,0,67.2,100,Weekday,Friday,Light_Load
3.64,0,22.32,100,16.1,Weekday,Thursday,Light_Load
137.41,70.34,0,89.02,100,Weekday,Friday,Medium_Load
30.56,25.63,0,76.62,100,Weekday,Tuesday,Light_Load
3.96,6.98,0,49.35,100,Weekday,Tuesday,Light_Load
2.63,4.93,0,47.07,100,Weekday,Monday,Light_Load
2.66,4.61,0,49.98,100,Weekend,Sunday,Light_Load
58,35.03,0,85.6,100,Weekday,Wednesday,Maximum_Load
3.42,0,13.21,100,25.06,Weekend,Saturday,Light_Load
5.36,2.74,0,89.04,100,Weekday,Thursday,Light_Load
83.52,52.56,0,84.64,100,Weekday,Tuesday,Medium_Load
3.2,5.04,0,53.6,100,Weekend,Sunday,Light_Load
37.4,36.9,0,71.18,100,Weekday,Friday,Light_Load
63,31.64,0,89.36,100,Weekday,Friday,Medium_Load
2.99,0,17.46,100,16.88,Weekend,Sunday,Light_Load
2.74,5.51,0,44.53,100,Weekday,Thursday,Light_Load
35.46,14.04,0.61,92.98,99.99,Weekday,Monday,Medium_Load
3.64,4.03,0,67.03,100,Weekday,Monday,Medium_Load
4.68,5.54,0,64.53,100,Weekday,Tuesday,Light_Load
2.95,2.05,0.11,82.12,99.93,Weekday,Thursday,Light_Load
78.55,35.24,0,91.24,100,Weekday,Wednesday,Light_Load
3.42,4.61,0,59.58,100,Weekend,Sunday,Light_Load
3.42,0,16.96,100,19.77,Weekday,Friday,Light_Load
74.12,24.01,0,95.13,100,Weekday,Monday,Medium_Load
53.6,8.78,0,98.68,100,Weekday,Wednesday,Medium_Load
3.64,0,10.4,100,33.04,Weekend,Saturday,Maximum_Load
5.87,0,10.37,100,49.26,Weekday,Wednesday,Maximum_Load
4.43,0,21.2,100,20.45,Weekday,Monday,Medium_Load
69.8,26.68,4.25,93.41,99.82,Weekday,Monday,Maximum_Load
4.18,0,25.52,100,16.16,Weekday,Tuesday,Medium_Load
2.56,4.1,0,52.96,100,Weekday,Tuesday,Light_Load
2.74,0,17.53,100,15.44,Weekday,Wednesday,Light_Load
2.77,4,0,56.93,100,Weekend,Sunday,Light_Load
5.87,5.62,0,72.23,100,Weekday,Tuesday,Light_Load
5.33,0,16.74,100,30.34,Weekday,Monday,Medium_Load
3.6,0,16.63,100,21.16,Weekend,Sunday,Light_Load
52.85,31.32,0,86.03,100,Weekday,Wednesday,Maximum_Load
3.78,0,17.96,100,20.6,Weekend,Sunday,Maximum_Load
36.22,26.46,0.18,80.75,100,Weekday,Friday,Light_Load
76.14,37.66,0,89.63,100,Weekday,Monday,Medium_Load
118.55,64.33,0,87.89,100,Weekday,Monday,Maximum_Load
4.86,0,25.42,100,18.78,Weekend,Sunday,Light_Load
3.17,5.47,0,50.14,100,Weekend,Saturday,Light_Load
4.36,0,26.21,100,16.41,Weekday,Monday,Medium_Load
3.49,0,13.68,100,24.72,Weekend,Sunday,Light_Load
2.63,4.54,0,50.13,100,Weekend,Sunday,Light_Load
87.12,30.64,0,94.34,100,Weekday,Wednesday,Maximum_Load
31.97,0.97,3.46,99.95,99.42,Weekday,Tuesday,Maximum_Load
37.94,0.86,1.58,99.97,99.91,Weekday,Wednesday,Maximum_Load
69.98,50.47,0,81.11,100,Weekday,Wednesday,Maximum_Load
88.81,13.86,0.4,98.8,100,Weekday,Wednesday,Maximum_Load
62.86,24.8,0,93.02,100,Weekday,Wednesday,Maximum_Load
4.1,4.68,0,65.9,100,Weekend,Saturday,Light_Load
66.96,34.13,0,89.09,100,Weekday,Monday,Maximum_Load
3.2,4.61,0,57.02,100,Weekday,Friday,Light_Load
46.91,15.73,0,94.81,100,Weekday,Friday,Maximum_Load
53.42,23.72,0,91.4,100,Weekday,Thursday,Maximum_Load
40.1,31.68,0,78.47,100,Weekday,Tuesday,Light_Load
2.59,5.36,0,43.51,100,Weekday,Wednesday,Light_Load
2.77,0,11.95,100,22.58,Weekend,Sunday,Light_Load
3.6,2.56,0.29,81.5,99.68,Weekday,Thursday,Light_Load
87.55,53.1,0,85.5,100,Weekday,Monday,Medium_Load
2.88,6.19,0,42.18,100,Weekday,Friday,Light_Load
3.06,0,13.79,100,21.66,Weekend,Sunday,Medium_Load
2.95,5.44,0,47.67,100,Weekday,Friday,Light_Load
117.36,43.74,0,93.7,100,Weekday,Thursday,Maximum_Load
3.56,0,14.22,100,24.29,Weekend,Sunday,Light_Load
23.11,0.07,13.82,100,85.82,Weekend,Sunday,Medium_Load
3.89,0,16.6,100,22.82,Weekend,Sunday,Light_Load
3.31,4.61,0,58.32,100,Weekday,Friday,Light_Load
58.93,7.42,0.22,99.22,100,Weekday,Monday,Medium_Load
72.47,38.95,0,88.08,100,Weekend,Saturday,Light_Load
2.77,4,0,56.93,100,Weekend,Sunday,Light_Load
2.77,0,3.2,100,65.45,Weekend,Saturday,Light_Load
3.56,4.1,0,65.56,100,Weekday,Monday,Medium_Load
82.8,41.8,0,89.27,100,Weekday,Thursday,Light_Load
85.97,30.85,0,94.12,100,Weekday,Thursday,Medium_Load
3.02,0,4.14,100,58.93,Weekend,Sunday,Light_Load
3.38,3.96,0,64.92,100,Weekend,Saturday,Light_Load
122.87,53.89,0,91.58,100,Weekday,Wednesday,Maximum_Load
3.24,6.48,0,44.72,100,Weekday,Monday,Light_Load
66.38,56.56,0,76.12,100,Weekday,Tuesday,Light_Load
70.96,18.61,0,96.73,100,Weekend,Sunday,Medium_Load
4.82,6.8,0,57.83,100,Weekday,Friday,Light_Load
104.83,37.44,0,94.17,100,Weekday,Wednesday,Medium_Load
5.33,4.97,0,73.14,100,Weekday,Friday,Light_Load
5.04,0,25.99,100,19.04,Weekend,Sunday,Light_Load
3.28,6.3,0,46.18,100,Weekday,Thursday,Light_Load
2.66,5,0,46.97,100,Weekend,Saturday,Medium_Load
4.14,3.74,0,74.2,100,Weekend,Sunday,Light_Load
6.01,7.6,0,62.03,100,Weekend,Saturday,Light_Load
2.88,5.18,0,48.59,100,Weekday,Friday,Light_Load
2.99,5.72,0,46.33,100,Weekday,Friday,Light_Load
52.78,18.86,0,94.17,100,Weekday,Friday,Maximum_Load
5.98,2.84,0.04,90.33,100,Weekday,Monday,Light_Load
117.18,34.09,0,96.02,100,Weekday,Friday,Maximum_Load
3.74,3.38,0,74.19,100,Weekday,Friday,Light_Load
3.02,5.58,0,47.6,100,Weekday,Thursday,Light_Load
3.02,5.44,0,48.54,100,Weekend,Saturday,Light_Load
2.95,5.33,0,48.42,100,Weekday,Friday,Light_Load
7.16,5.11,0,81.4,100,Weekday,Friday,Light_Load
3.74,0,22.5,100,16.4,Weekday,Wednesday,Medium_Load
5.18,7.2,0,58.4,100,Weekday,Thursday,Light_Load
3.74,4.68,0,62.43,100,Weekday,Tuesday,Light_Load
61.52,35.5,0,86.61,100,Weekday,Monday,Medium_Load
3.92,0,16.63,100,22.94,Weekday,Thursday,Medium_Load
46.4,18.43,0,92.94,100,Weekday,Tuesday,Maximum_Load
5.62,0,21.89,100,24.87,Weekday,Tuesday,Medium_Load
2.92,3.71,0,61.85,100,Weekend,Saturday,Light_Load
5.94,5.04,0,76.25,100,Weekend,Saturday,Light_Load
2.92,0,6.55,100,40.72,Weekday,Friday,Light_Load
54.94,34.45,0,84.72,100,Weekday,Thursday,Maximum_Load
87.91,47.05,0,88.17,100,Weekday,Monday,Medium_Load
2.92,5.18,0,49.11,100,Weekday,Wednesday,Light_Load
72.07,22.82,0,95.34,100,Weekend,Saturday,Maximum_Load
4.79,0,26.21,100,17.98,Weekday,Wednesday,Medium_Load
4,0,16.96,100,22.96,Weekend,Sunday,Light_Load
49.79,28.08,0.04,87.1,100,Weekday,Wednesday,Maximum_Load
2.77,4.5,0,52.42,100,Weekday,Thursday,Light_Load
2.84,5.58,0,45.36,100,Weekday,Monday,Medium_Load
4.1,6.26,0,54.79,100,Weekday,Thursday,Light_Load
3.96,3.35,0.07,76.35,99.98,Weekday,Friday,Light_Load
5.08,0,20.48,100,24.08,Weekend,Saturday,Medium_Load
123.05,55.19,0,91.24,100,Weekday,Thursday,Maximum_Load
76.18,35.03,0,90.85,100,Weekday,Monday,Medium_Load
100.51,46.98,0,90.59,100,Weekday,Thursday,Maximum_Load
60.55,43.06,0,81.49,100,Weekday,Friday,Light_Load
31.14,1.62,0.9,99.86,99.96,Weekday,Tuesday,Medium_Load
52.99,11.59,3.49,97.69,99.78,Weekday,Thursday,Maximum_Load
2.77,5.51,0,44.92,100,Weekend,Sunday,Light_Load
3.02,5.15,0,50.58,100,Weekday,Tuesday,Light_Load
60.37,25.13,0,92.32,100,Weekday,Monday,Medium_Load
4.18,5.54,0,60.23,100,Weekend,Saturday,Light_Load
3.89,3.6,0,73.39,100,Weekday,Tuesday,Light_Load
2.59,4.32,0,51.42,100,Weekend,Saturday,Light_Load
3.06,3.92,0,61.53,100,Weekday,Thursday,Light_Load
58.43,26.24,0,91.22,100,Weekday,Monday,Maximum_Load
4.82,0,26.71,100,17.76,Weekend,Saturday,Light_Load
3.64,3.42,0,72.88,100,Weekday,Tuesday,Light_Load
8.21,0,14,100,50.59,Weekday,Friday,Maximum_Load
3.28,3.46,0,68.8,100,Weekend,Saturday,Light_Load
4.61,4.64,0,70.48,100,Weekday,Thursday,Light_Load
36.97,29.16,0.04,78.52,100,Weekday,Monday,Light_Load
29.74,24.8,0,76.8,100,Weekday,Wednesday,Light_Load
3.1,0,15.95,100,19.08,Weekday,Tuesday,Light_Load
120.67,61.85,0,88.99,100,Weekday,Friday,Maximum_Load
4.25,3.6,0.29,76.3,99.77,Weekend,Sunday,Maximum_Load
2.88,5.33,0,47.54,100,Weekday,Thursday,Light_Load
6.16,4.07,5.33,83.43,75.62,Weekday,Monday,Medium_Load
57.67,16.74,0,96.04,100,Weekday,Thursday,Medium_Load
67.61,41.58,0,85.18,100,Weekday,Friday,Maximum_Load
2.88,5.36,0,47.33,100,Weekday,Friday,Light_Load
76.46,24.34,4.25,95.29,99.85,Weekday,Wednesday,Medium_Load
4.21,0,25.81,100,16.1,Weekday,Monday,Medium_Load
52.24,12.71,0.07,97.17,100,Weekday,Friday,Maximum_Load
55.91,26.24,0,90.53,100,Weekday,Wednesday,Maximum_Load
4.54,4.43,0,71.57,100,Weekday,Thursday,Light_Load
4,6.44,0,52.76,100,Weekday,Thursday,Light_Load
2.92,3.96,0,59.35,100,Weekday,Tuesday,Light_Load
3.02,5.22,0,50.08,100,Weekday,Friday,Light_Load
2.7,5.18,0,46.22,100,Weekday,Monday,Light_Load
2.77,0,17.39,100,15.73,Weekday,Thursday,Light_Load
87.98,30.46,0,94.5,100,Weekday,Monday,Maximum_Load
5.15,0,25.96,100,19.46,Weekend,Sunday,Light_Load
66.35,53.53,0,77.83,100,Weekday,Wednesday,Light_Load
2.84,4.9,0,50.15,100,Weekday,Thursday,Light_Load
11.3,0.11,22.21,100,45.35,Weekday,Thursday,Medium_Load
60.7,37.94,0,84.8,100,Weekday,Tuesday,Medium_Load
2.77,4.18,0,55.24,100,Weekday,Tuesday,Light_Load
3.38,0,18.76,100,17.73,Weekend,Sunday,Light_Load
3.2,0,14.58,100,21.44,Weekend,Sunday,Light_Load
33.01,23.04,0,82,100,Weekday,Monday,Maximum_Load
3.64,0,16.31,100,21.78,Weekend,Saturday,Medium_Load
71.57,31,0,91.76,100,Weekday,Wednesday,Maximum_Load
3.02,3.6,0,64.27,100,Weekday,Thursday,Light_Load
54.83,25.92,0,90.41,100,Weekday,Tuesday,Maximum_Load
2.56,5.08,0,45,100,Weekday,Thursday,Light_Load
2.95,0,11.41,100,25.03,Weekend,Sunday,Light_Load
3.02,5.8,0,46.18,100,Weekend,Sunday,Light_Load
3.64,0,23.04,100,15.61,Weekend,Sunday,Light_Load
3.42,7.06,0,43.6,100,Weekday,Tuesday,Medium_Load
29.92,0,7.63,100,96.9,Weekday,Wednesday,Medium_Load
3.13,5.58,0,48.92,100,Weekend,Saturday,Light_Load
5.26,0,26.89,100,19.2,Weekday,Wednesday,Medium_Load
3.38,4.32,0,61.62,100,Weekday,Monday,Light_Load
2.92,5.69,0,45.66,100,Weekday,Friday,Light_Load
3.6,3.6,0,70.71,100,Weekday,Wednesday,Medium_Load
3.2,4.39,0,58.9,100,Weekday,Thursday,Light_Load
2.77,5.58,0,44.46,100,Weekday,Wednesday,Light_Load
3.67,7.02,0,46.33,100,Weekend,Sunday,Light_Load
58.64,35.86,0,85.31,100,Weekday,Tuesday,Medium_Load
12.96,0.94,5.15,99.74,92.93,Weekend,Sunday,Maximum_Load
55.8,22.39,0,92.81,100,Weekday,Friday,Maximum_Load
2.63,4.86,0,47.59,100,Weekday,Thursday,Light_Load
33.8,33.98,0,70.52,100,Weekday,Wednesday,Light_Load
3.13,4.61,0,56.17,100,Weekend,Saturday,Light_Load
54.18,23.69,0,91.62,100,Weekday,Wednesday,Maximum_Load
3.2,5.4,0,50.98,100,Weekday,Thursday,Light_Load
2.99,1.08,3.17,94.05,68.62,Weekend,Sunday,Medium_Load
2.74,4.39,0,52.95,100,Weekend,Sunday,Light_Load
63.14,31.39,0,89.54,100,Weekday,Tuesday,Medium_Load
61.56,32.44,0,88.47,100,Weekday,Friday,Maximum_Load
63.65,26.46,0,92.34,100,Weekday,Monday,Maximum_Load
64.76,27,0,92.3,100,Weekday,Thursday,Maximum_Load
3.17,0,16.31,100,19.08,Weekend,Sunday,Light_Load
73.04,28.3,0,93.25,100,Weekend,Saturday,Maximum_Load
4.79,7.02,0,56.36,100,Weekday,Friday,Light_Load
3.06,0,16.67,100,18.05,Weekend,Saturday,Light_Load
3.67,4.57,0,62.62,100,Weekday,Wednesday,Light_Load
4.68,8.24,0,49.39,100,Weekday,Wednesday,Light_Load
89.5,43.34,0,90,100,Weekday,Thursday,Medium_Load
71.32,54.18,0,79.63,100,Weekday,Tuesday,Light_Load
2.95,0,11.48,100,24.89,Weekend,Sunday,Light_Load
2.66,3.38,0,61.84,100,Weekday,Monday,Light_Load
71.32,7.42,1.26,99.46,99.98,Weekend,Saturday,Maximum_Load
14.65,2.81,19.51,98.21,60.05,Weekday,Wednesday,Medium_Load
2.7,3.67,0,59.26,100,Weekend,Sunday,Light_Load
64.15,15.08,0.25,97.35,100,Weekday,Thursday,Medium_Load
4.54,0,20.48,100,21.64,Weekend,Sunday,Light_Load
4.18,1.73,15.23,92.4,26.47,Weekday,Wednesday,Medium_Load
2.66,0,12.02,100,21.61,Weekend,Sunday,Light_Load
105.88,51.88,0,89.8,100,Weekday,Wednesday,Medium_Load
34.31,2.38,0.36,99.76,99.99,Weekday,Wednesday,Medium_Load
3.17,3.85,0,63.56,100,Weekend,Sunday,Light_Load
3.56,4.82,0,59.41,100,Weekday,Monday,Light_Load
3.78,4.32,0,65.85,100,Weekday,Monday,Light_Load
2.88,0,10.58,100,26.27,Weekend,Saturday,Light_Load
55.76,32.83,0,86.17,100,Weekday,Monday,Medium_Load
45.25,19.19,0,92.06,100,Weekday,Friday,Maximum_Load
53.64,20.66,0,93.32,100,Weekday,Thursday,Medium_Load
41.18,13.1,0,95.29,100,Weekend,Saturday,Maximum_Load
4.1,3.82,0,73.16,100,Weekday,Monday,Light_Load
3.71,0,18.04,100,20.14,Weekend,Sunday,Light_Load
6.19,0,24.62,100,24.38,Weekday,Tuesday,Medium_Load
59.98,26.06,0,91.72,100,Weekend,Saturday,Maximum_Load
2.92,4.18,0,57.27,100,Weekend,Saturday,Light_Load
2.92,0,10.55,100,26.67,Weekend,Saturday,Light_Load
54.36,13.46,0,97.07,100,Weekday,Friday,Medium_Load
17.39,5.58,19.08,95.22,67.36,Weekday,Friday,Medium_Load
70.16,51.73,0,80.49,100,Weekday,Friday,Maximum_Load
2.88,5.4,0,47.06,100,Weekday,Tuesday,Light_Load
107.75,35.86,0,94.88,100,Weekday,Tuesday,Maximum_Load
102.64,52.99,0,88.86,100,Weekday,Monday,Maximum_Load
3.46,4.28,0,62.87,100,Weekday,Tuesday,Light_Load
2.66,0,11.77,100,22.04,Weekend,Sunday,Light_Load
2.92,4.57,0,53.84,100,Weekend,Sunday,Light_Load
57.17,21.78,0,93.45,100,Weekday,Tuesday,Medium_Load
4.5,0,25.13,100,17.63,Weekday,Thursday,Medium_Load
2.95,0,13.97,100,20.66,Weekend,Sunday,Light_Load
43.31,17.68,0,92.58,100,Weekday,Tuesday,Medium_Load
37.3,9.54,0,96.88,100,Weekday,Wednesday,Light_Load
2.77,4.28,0,54.33,100,Weekend,Sunday,Light_Load
31.86,0,3.89,100,99.26,Weekday,Thursday,Maximum_Load
2.66,5,0,46.97,100,Weekend,Sunday,Light_Load
90.4,19.26,0,97.8,100,Weekend,Saturday,Maximum_Load
2.92,3.56,0,63.42,100,Weekend,Saturday,Light_Load
3.46,0,15.84,100,21.34,Weekend,Sunday,Medium_Load
77.22,53.57,0,82.16,100,Weekday,Tuesday,Medium_Load
4.9,1.62,14.98,94.95,31.09,Weekday,Friday,Medium_Load
70.02,21.92,0,95.43,100,Weekday,Wednesday,Medium_Load
42.3,0.65,0.9,99.99,99.98,Weekday,Friday,Medium_Load
46.12,15.05,0,95.07,100,Weekday,Thursday,Maximum_Load
4.43,0,13.86,100,30.45,Weekday,Monday,Medium_Load
65.38,38.7,0.86,86.05,99.99,Weekday,Tuesday,Maximum_Load
4.79,6.12,0,61.63,100,Weekday,Monday,Maximum_Load
3.6,7.45,0,43.51,100,Weekend,Saturday,Light_Load
5.08,5.65,0,66.86,100,Weekday,Wednesday,Light_Load
5.11,4,0,78.74,100,Weekday,Friday,Light_Load
96.26,46.91,0,89.89,100,Weekday,Thursday,Medium_Load
3.1,2.45,0,78.46,100,Weekend,Saturday,Light_Load
8.24,0,26.06,100,30.15,Weekday,Tuesday,Medium_Load
53.1,18.97,0,94.17,100,Weekday,Friday,Maximum_Load
111.67,39.46,0,94.29,100,Weekday,Wednesday,Medium_Load
39.06,1.26,1.73,99.95,99.9,Weekend,Saturday,Medium_Load
102.96,28.94,0,96.27,100,Weekday,Thursday,Medium_Load
3.56,0,20.95,100,16.75,Weekend,Saturday,Medium_Load
3.31,5.98,0,48.43,100,Weekday,Wednesday,Light_Load
38.66,10.44,0.07,96.54,100,Weekend,Saturday,Maximum_Load
3.13,0,16.88,100,18.23,Weekend,Sunday,Light_Load
107.6,53.24,0,89.63,100,Weekday,Monday,Maximum_Load
3.02,4.43,0,56.33,100,Weekend,Sunday,Light_Load
38.63,24.62,0,84.33,100,Weekday,Friday,Maximum_Load
2.59,4.21,0,52.4,100,Weekday,Wednesday,Light_Load
52.06,27.9,0,88.14,100,Weekday,Tuesday,Medium_Load
5.44,0,21.35,100,24.69,Weekday,Friday,Medium_Load
63.18,59.11,0,73.02,100,Weekday,Thursday,Light_Load
35.96,11.77,0.86,95.04,99.97,Weekday,Wednesday,Maximum_Load
2.95,3.92,0,60.13,100,Weekend,Sunday,Light_Load
39.82,27.43,0,82.35,100,Weekend,Saturday,Light_Load
45.43,13.72,0,95.73,100,Weekday,Thursday,Medium_Load
2.74,4.46,0,52.35,100,Weekday,Monday,Light_Load
36.79,26.06,0,81.6,100,Weekday,Thursday,Light_Load
129.85,63.86,0,89.74,100,Weekday,Friday,Maximum_Load
3.85,5,0,61.01,100,Weekday,Tuesday,Light_Load
3.06,0,14.87,100,20.16,Weekend,Sunday,Light_Load
2.99,0,16.99,100,17.33,Weekend,Sunday,Light_Load
3.56,6.12,0,50.28,100,Weekday,Friday,Light_Load
4.9,7.02,0,57.24,100,Weekend,Sunday,Light_Load
2.92,0,4.28,100,56.36,Weekend,Saturday,Light_Load
44.78,24.62,0,87.63,100,Weekday,Monday,Medium_Load
2.99,4.75,0,53.27,100,Weekday,Tuesday,Light_Load
5,0,26.35,100,18.64,Weekend,Sunday,Light_Load
4.18,3.78,0,74.17,100,Weekend,Sunday,Light_Load
71.86,54.65,0,79.6,100,Weekday,Tuesday,Maximum_Load
33.62,12.46,0,93.77,100,Weekday,Tuesday,Medium_Load
4.54,0,21.38,100,20.77,Weekend,Sunday,Medium_Load
109.33,61.7,0,87.09,100,Weekday,Monday,Maximum_Load
3.64,0,15.55,100,22.79,Weekend,Sunday,Light_Load
2.59,4.1,0,53.41,100,Weekend,Saturday,Light_Load
37.33,16.88,0.11,91.12,100,Weekday,Thursday,Medium_Load
39.35,0.22,2.56,100,99.79,Weekend,Saturday,Medium_Load
2.59,4.46,0,50.22,100,Weekday,Tuesday,Light_Load
53.06,34.49,0,83.84,100,Weekday,Monday,Maximum_Load
3.06,0,16.7,100,18.02,Weekend,Sunday,Light_Load
46.22,12.67,0.22,96.44,100,Weekend,Saturday,Maximum_Load
63.22,29.99,0,90.35,100,Weekend,Sunday,Medium_Load
34.7,7.92,0,97.49,100,Weekend,Saturday,Maximum_Load
39.96,28.73,0,81.19,100,Weekday,Thursday,Light_Load
50.04,32.98,0,83.5,100,Weekday,Friday,Medium_Load
49.21,13.43,0,96.47,100,Weekday,Tuesday,Medium_Load
28.58,0.83,4.72,99.96,98.66,Weekend,Saturday,Medium_Load
81.18,34.7,0,91.95,100,Weekday,Thursday,Maximum_Load
3.1,3.49,0,66.41,100,Weekday,Wednesday,Light_Load
5.98,4.72,0,78.49,100,Weekend,Saturday,Light_Load
3.35,2.27,0.11,82.78,99.95,Weekday,Friday,Light_Load
3.2,4.79,0,55.55,100,Weekend,Saturday,Light_Load
36.43,1.04,2.38,99.96,99.79,Weekday,Tuesday,Medium_Load
3.02,0,6.08,100,44.49,Weekend,Sunday,Light_Load
3.85,0,22.36,100,16.97,Weekend,Saturday,Medium_Load
75.46,29.02,0,93.34,100,Weekday,Tuesday,Maximum_Load
3.38,2.34,0.07,82.22,99.98,Weekday,Thursday,Light_Load
42.3,14.69,0.04,94.47,100,Weekday,Friday,Maximum_Load
6.08,0,16.6,100,34.39,Weekday,Thursday,Medium_Load
4.25,0,25.85,100,16.22,Weekday,Monday,Medium_Load
34.96,12.78,0,93.92,100,Weekend,Saturday,Maximum_Load
3.1,6.05,0,45.6,100,Weekend,Saturday,Light_Load
57.71,22.54,0,93.15,100,Weekday,Wednesday,Maximum_Load
56.88,24.73,0,91.71,100,Weekday,Tuesday,Maximum_Load
57.74,35.32,0,85.31,100,Weekday,Thursday,Medium_Load
4,0,17.35,100,22.47,Weekday,Tuesday,Medium_Load
66.06,8.28,0.97,99.22,99.99,Weekday,Tuesday,Medium_Load
3.74,3.1,0.14,76.99,99.93,Weekend,Sunday,Light_Load
61.31,36.14,0,86.15,100,Weekday,Tuesday,Light_Load
41.58,13.03,0,95.42,100,Weekday,Wednesday,Maximum_Load
92.81,38.02,0,92.54,100,Weekday,Friday,Maximum_Load
63.11,27.11,0,91.88,100,Weekday,Monday,Medium_Load
3.1,3.82,0,63.01,100,Weekday,Thursday,Light_Load
2.63,4.9,0,47.29,100,Weekend,Sunday,Light_Load
115.56,58.57,0,89.2,100,Weekday,Wednesday,Maximum_Load
39.35,13.39,0,94.67,100,Weekday,Tuesday,Medium_Load
2.7,4.75,0,49.42,100,Weekday,Thursday,Light_Load
3.53,0,13.82,100,24.75,Weekend,Saturday,Medium_Load
2.95,1.66,0.58,87.15,98.12,Weekday,Friday,Light_Load
5.76,4.75,0,77.15,100,Weekday,Monday,Maximum_Load
46.12,33.91,0.04,80.57,100,Weekday,Friday,Maximum_Load
44.96,9.86,0,97.68,100,Weekend,Saturday,Maximum_Load
3.64,0,23.18,100,15.51,Weekend,Saturday,Medium_Load
3.13,5.11,0,52.23,100,Weekday,Friday,Light_Load
2.99,5.44,0,48.17,100,Weekday,Friday,Light_Load
3.2,4.5,0,57.95,100,Weekday,Thursday,Light_Load
81.94,37.98,0,90.73,100,Weekday,Monday,Maximum_Load
89.57,41.62,0,90.69,100,Weekday,Friday,Light_Load
61.27,29.7,0,89.99,100,Weekend,Saturday,Medium_Load
58.61,28.91,0,89.68,100,Weekday,Tuesday,Medium_Load
3.92,6.77,0,50.11,100,Weekday,Friday,Light_Load
2.92,4.5,0,54.43,100,Weekday,Tuesday,Light_Load
70.92,29.77,0,92.21,100,Weekday,Wednesday,Maximum_Load
4.03,4.14,0,69.75,100,Weekday,Friday,Light_Load
4.9,0,25.16,100,19.12,Weekend,Saturday,Medium_Load
104.22,53.14,0,89.09,100,Weekday,Tuesday,Medium_Load
4.54,0,26.17,100,17.09,Weekday,Monday,Medium_Load
70.06,40.5,0,86.58,100,Weekday,Monday,Medium_Load
40.93,14,0,94.62,100,Weekday,Tuesday,Medium_Load
3.85,0,18.76,100,20.1,Weekend,Sunday,Light_Load
2.84,5.26,0,47.51,100,Weekend,Sunday,Light_Load
3.46,6.59,0,46.49,100,Weekday,Tuesday,Light_Load
47.52,31.28,0,83.53,100,Weekday,Wednesday,Medium_Load
36.43,3.13,0.47,99.63,99.99,Weekend,Saturday,Medium_Load
56.34,20.34,0,94.06,100,Weekday,Friday,Maximum_Load
3.74,4.28,0,65.8,100,Weekend,Saturday,Light_Load
97.96,41.44,0.18,92.1,100,Weekday,Wednesday,Medium_Load
4.03,4.5,0,66.71,100,Weekday,Friday,Light_Load
3.35,5.29,0,53.5,100,Weekday,Thursday,Light_Load
3.71,3.89,0,69.02,100,Weekday,Wednesday,Light_Load
3.28,0,14.8,100,21.64,Weekend,Saturday,Light_Load
3.67,0,21.6,100,16.75,Weekend,Saturday,Medium_Load
88.42,29.48,0,94.87,100,Weekday,Monday,Maximum_Load
54.07,25.42,0,90.5,100,Weekday,Wednesday,Medium_Load
4.72,0,26.21,100,17.72,Weekday,Thursday,Medium_Load
61.16,31.72,0,88.77,100,Weekday,Monday,Maximum_Load
3.67,0,16.7,100,21.46,Weekend,Saturday,Light_Load
5.76,0,24.95,100,22.49,Weekday,Wednesday,Medium_Load
3.6,4.14,0,65.62,100,Weekday,Monday,Light_Load
3.85,0.04,15.98,99.99,23.42,Weekday,Wednesday,Medium_Load
2.95,0,14.15,100,20.41,Weekend,Sunday,Light_Load
64.58,38.7,0,85.78,100,Weekday,Monday,Light_Load
48.96,51.26,0,69.07,100,Weekday,Monday,Light_Load
4.03,0,25.16,100,15.82,Weekend,Saturday,Light_Load
101.41,41.26,0,92.63,100,Weekday,Tuesday,Maximum_Load
3.1,3.42,0,67.16,100,Weekday,Friday,Light_Load
3.6,3.6,0,70.71,100,Weekend,Saturday,Light_Load
4.57,4.5,0,71.25,100,Weekday,Wednesday,Light_Load
4.43,0,19.51,100,22.14,Weekday,Friday,Medium_Load
4.03,0,26.57,100,15,Weekend,Saturday,Medium_Load
6.16,7.27,0,64.65,100,Weekday,Thursday,Light_Load
3.6,6.34,0,49.38,100,Weekend,Saturday,Light_Load
99.18,52.02,0,88.56,100,Weekday,Wednesday,Maximum_Load
108.97,47.23,0,91.75,100,Weekday,Monday,Medium_Load
41.11,40.1,0,71.58,100,Weekday,Friday,Light_Load
98.42,49.82,0,89.22,100,Weekday,Monday,Maximum_Load
61.2,37.26,0,85.42,100,Weekday,Friday,Maximum_Load
94.68,48.42,0,89.03,100,Weekday,Monday,Maximum_Load
43.38,7.99,0,98.35,100,Weekday,Friday,Maximum_Load
2.92,3.38,0,65.37,100,Weekend,Sunday,Light_Load
4.18,0,25.63,100,16.1,Weekend,Sunday,Medium_Load
3.89,3.02,0.04,78.99,99.99,Weekday,Monday,Light_Load
2.95,0,17.03,100,17.07,Weekend,Saturday,Medium_Load
3.35,0,5.04,100,55.36,Weekend,Sunday,Light_Load
119.95,47.66,0,92.93,100,Weekday,Thursday,Maximum_Load
6.34,5.36,0,76.37,100,Weekday,Friday,Light_Load
3.06,4.9,0,52.97,100,Weekday,Friday,Light_Load
2.95,5.72,0,45.84,100,Weekday,Thursday,Light_Load
100.84,47.77,0,90.37,100,Weekday,Wednesday,Medium_Load
4.07,5,0,63.13,100,Weekday,Friday,Light_Load
3.31,0,13.64,100,23.58,Weekend,Sunday,Light_Load
70.6,26.1,0,93.8,100,Weekday,Wednesday,Medium_Load
3.42,3.89,0,66.03,100,Weekend,Sunday,Light_Load
50.51,16.24,0,95.2,100,Weekday,Wednesday,Medium_Load
2.95,2.81,0,72.41,100,Weekday,Monday,Light_Load
107.42,37.58,0,94.39,100,Weekday,Tuesday,Medium_Load
68.58,49.86,0,80.88,100,Weekday,Thursday,Maximum_Load
67.93,40.97,0,85.63,100,Weekday,Thursday,Medium_Load
9.04,1.19,18.72,99.14,43.49,Weekday,Friday,Medium_Load
124.45,51.23,0,92.47,100,Weekday,Thursday,Light_Load
24.84,0,10.73,100,91.8,Weekend,Saturday,Medium_Load
91.08,57.31,0,84.64,100,Weekday,Thursday,Maximum_Load
2.7,5,0,47.51,100,Weekend,Saturday,Light_Load
3.17,4.5,0,57.59,100,Weekday,Friday,Light_Load
35.24,10.19,0,96.06,100,Weekend,Saturday,Maximum_Load
32.69,19.4,0,86,100,Weekend,Saturday,Light_Load
7.06,0,17.46,100,37.49,Weekday,Wednesday,Medium_Load
4.39,0,24.26,100,17.81,Weekend,Saturday,Medium_Load
56.81,31.54,0,87.43,100,Weekday,Friday,Maximum_Load
57.74,34.31,0,85.97,100,Weekday,Thursday,Maximum_Load
5.33,5.8,0,67.66,100,Weekday,Thursday,Light_Load
24.62,0,9.22,100,93.65,Weekend,Saturday,Maximum_Load
3.67,0,17.93,100,20.05,Weekday,Tuesday,Medium_Load
63.72,29.77,0,90.6,100,Weekend,Sunday,Medium_Load
3.64,0,14.58,100,24.22,Weekday,Tuesday,Medium_Load
4.25,3.85,0.04,74.11,100,Weekend,Sunday,Maximum_Load
3.38,0,18.29,100,18.17,Weekend,Sunday,Light_Load
40.68,2.99,2.99,99.73,99.73,Weekday,Friday,Medium_Load
4.1,2.66,0.43,83.89,99.45,Weekday,Wednesday,Light_Load
32.26,7.45,0.18,97.44,100,Weekday,Thursday,Maximum_Load
4.5,0,16.2,100,26.76,Weekday,Friday,Medium_Load
4.43,0,13.9,100,30.37,Weekday,Thursday,Medium_Load
100.15,38.02,0,93.49,100,Weekday,Friday,Maximum_Load
3.17,4.72,0,55.75,100,Weekend,Saturday,Light_Load
58.39,30.96,0,88.35,100,Weekday,Friday,Maximum_Load
3.06,4.46,0,56.57,100,Weekday,Friday,Light_Load
4,6.01,0,55.41,100,Weekday,Tuesday,Medium_Load
2.56,5.76,0,40.61,100,Weekday,Monday,Light_Load
2.95,4.82,0,52.2,100,Weekend,Sunday,Light_Load
2.84,5.04,0,49.09,100,Weekday,Friday,Light_Load
3.02,3.38,0,66.63,100,Weekday,Wednesday,Light_Load
38.56,7.2,0,98.3,100,Weekday,Tuesday,Maximum_Load
3.2,6.34,0.07,45.06,99.98,Weekend,Saturday,Medium_Load
3.31,5.65,0,50.55,100,Weekday,Tuesday,Light_Load
3.06,5.04,0,51.9,100,Weekday,Wednesday,Light_Load
3.71,3.6,0,71.77,100,Weekend,Sunday,Light_Load
4.14,2.27,0.36,87.68,99.62,Weekday,Friday,Light_Load
86.4,35.28,0,92.58,100,Weekday,Monday,Medium_Load
2.77,4.61,0,51.5,100,Weekday,Thursday,Light_Load
3.02,0,14.76,100,20.05,Weekend,Saturday,Medium_Load
54.94,45.83,0,76.79,100,Weekday,Wednesday,Light_Load
4.57,0,20.74,100,21.52,Weekend,Sunday,Medium_Load
5.26,0,25.78,100,19.99,Weekday,Thursday,Medium_Load
2.99,0,13.93,100,20.99,Weekend,Sunday,Light_Load
2.56,2.3,2.12,74.39,77.02,Weekend,Sunday,Light_Load
2.88,0,16.7,100,16.99,Weekend,Saturday,Light_Load
2.88,2.81,0,71.58,100,Weekend,Sunday,Light_Load
119.2,60.34,0,89.22,100,Weekday,Friday,Maximum_Load
3.64,4.46,0,63.23,100,Weekend,Sunday,Light_Load
3.42,3.96,0,65.36,100,Weekday,Thursday,Light_Load
4.61,4.54,0,71.25,100,Weekday,Monday,Light_Load
3.82,0,11.45,100,31.65,Weekday,Monday,Light_Load
3.02,3.71,0,63.13,100,Weekday,Wednesday,Light_Load
44.1,10.37,0,97.34,100,Weekday,Thursday,Medium_Load
6.19,5.44,0,75.11,100,Weekday,Wednesday,Light_Load
35.78,1.62,1.22,99.9,99.94,Weekend,Sunday,Maximum_Load
3.31,2.63,0.04,78.29,99.99,Weekend,Sunday,Light_Load
2.95,4.72,0,53,100,Weekday,Monday,Light_Load
83.84,23.87,0.04,96.18,100,Weekend,Saturday,Light_Load
4.86,4.86,0,70.71,100,Weekday,Thursday,Light_Load
40.39,31.21,0,79.13,100,Weekday,Thursday,Light_Load
2.59,4.57,0,49.31,100,Weekend,Saturday,Medium_Load
94.72,34.16,0,94.07,100,Weekday,Friday,Medium_Load
2.84,3.96,0,58.28,100,Weekday,Tuesday,Light_Load
2.99,5.08,0,50.72,100,Weekend,Saturday,Light_Load
2.66,4.93,0,47.48,100,Weekday,Friday,Light_Load
2.88,3.56,1.3,62.89,91.14,Weekday,Monday,Light_Load
4,3.85,0.04,72.05,100,Weekday,Thursday,Light_Load
2.95,5.44,0,47.67,100,Weekday,Friday,Light_Load
116.6,52.81,0,91.09,100,Weekday,Wednesday,Medium_Load
70.16,39.06,0,87.37,100,Weekday,Tuesday,Maximum_Load
51.16,26.96,0,88.47,100,Weekday,Monday,Maximum_Load
79.31,15.48,1.22,98.15,99.99,Weekday,Monday,Medium_Load
2.63,0,11.74,100,21.86,Weekday,Wednesday,Light_Load
103.5,42.91,0,92.38,100,Weekday,Tuesday,Maximum_Load
7.38,0,25.34,100,27.96,Weekday,Tuesday,Medium_Load
3.31,2.34,0.11,81.66,99.94,Weekend,Saturday,Light_Load
40.25,2.92,0.04,99.74,100,Weekday,Wednesday,Medium_Load
4.14,4,0,71.92,100,Weekday,Monday,Light_Load
46.08,17.82,0,93.27,100,Weekday,Tuesday,Maximum_Load
3.17,0,4.82,100,54.95,Weekend,Sunday,Light_Load
52.78,29.66,0,87.18,100,Weekday,Wednesday,Medium_Load
4.57,3.02,0,83.43,100,Weekday,Monday,Light_Load
5.18,0,18.18,100,27.4,Weekday,Wednesday,Maximum_Load
3.1,5.44,0,49.51,100,Weekday,Thursday,Light_Load
2.99,0,17.35,100,16.98,Weekend,Saturday,Light_Load
98.96,49.36,0,89.49,100,Weekday,Tuesday,Light_Load
3.49,4.82,0,58.65,100,Weekday,Thursday,Light_Load
2.92,5.47,0,47.09,100,Weekday,Thursday,Light_Load
4.25,4.1,0,71.97,100,Weekday,Thursday,Light_Load
2.56,4.5,0,49.45,100,Weekend,Saturday,Light_Load
2.88,4.57,0,53.32,100,Weekday,Monday,Light_Load
3.31,0,13.97,100,23.06,Weekday,Wednesday,Light_Load
69.73,34.34,0,89.71,100,Weekday,Friday,Medium_Load
3.35,3.6,0,68.12,100,Weekday,Friday,Light_Load
2.81,4.25,0,55.15,100,Weekday,Thursday,Light_Load
3.46,0,13.82,100,24.29,Weekday,Tuesday,Light_Load
55.15,13.32,0,97.21,100,Weekday,Friday,Maximum_Load
3.35,0,15.88,100,20.64,Weekend,Saturday,Medium_Load
3.96,5.26,0,60.15,100,Weekday,Tuesday,Medium_Load
93.56,32.29,0,94.53,100,Weekend,Saturday,Maximum_Load
2.84,0,5,100,49.39,Weekend,Sunday,Light_Load
5.08,4.82,0,72.54,100,Weekday,Thursday,Medium_Load
42.88,14.54,6.12,94.7,99,Weekday,Wednesday,Maximum_Load
2.7,4.9,0,48.26,100,Weekday,Monday,Light_Load
8.21,0,20.95,100,36.49,Weekday,Monday,Medium_Load
3.56,4.28,0,63.95,100,Weekday,Thursday,Medium_Load
3.13,3.71,0,64.48,100,Weekday,Monday,Light_Load
4.18,0,20.3,100,20.17,Weekend,Saturday,Medium_Load
59.98,10.91,0,98.39,100,Weekday,Thursday,Maximum_Load
3.1,0,16.92,100,18.02,Weekend,Sunday,Light_Load
2.59,5.15,0,44.93,100,Weekend,Sunday,Light_Load
3.38,0,18.4,100,18.07,Weekend,Sunday,Light_Load
34.34,1.55,1.33,99.9,99.93,Weekend,Saturday,Medium_Load
62.17,31.39,0,89.27,100,Weekday,Wednesday,Medium_Load
57.6,28.48,0,89.64,100,Weekday,Monday,Maximum_Load
137.74,54.54,0,92.98,100,Weekday,Wednesday,Medium_Load
46.94,8.06,0,98.56,100,Weekday,Tuesday,Maximum_Load
3.06,3.56,0,65.18,100,Weekend,Saturday,Light_Load
3.06,4.39,0,57.18,100,Weekday,Tuesday,Light_Load
53.53,25.56,0,90.24,100,Weekday,Friday,Maximum_Load
3.35,0,19.48,100,16.95,Weekend,Saturday,Light_Load
62.96,24.48,0,93.2,100,Weekday,Wednesday,Medium_Load
4.9,4.57,0,73.13,100,Weekday,Wednesday,Light_Load
60.55,47.48,0,78.69,100,Weekday,Friday,Maximum_Load
34.27,0.5,5,99.99,98.95,Weekend,Saturday,Maximum_Load
2.92,0,17.03,100,16.9,Weekend,Sunday,Light_Load
77.47,44.86,0,86.54,100,Weekday,Tuesday,Medium_Load
4.68,3.78,0,77.79,100,Weekday,Tuesday,Light_Load
50.33,29.41,0,86.34,100,Weekday,Thursday,Medium_Load
3.64,0,17.14,100,20.77,Weekend,Sunday,Light_Load
46.58,14.87,0,95.26,100,Weekday,Tuesday,Maximum_Load
139.03,72.4,0,88.69,100,Weekday,Monday,Light_Load
27.32,29.38,0,68.1,100,Weekday,Monday,Light_Load
4.21,4.07,0,71.9,100,Weekend,Saturday,Light_Load
3.2,4.21,0,60.51,100,Weekend,Saturday,Light_Load
2.92,5.08,0,49.83,100,Weekday,Thursday,Medium_Load
2.7,0,17.6,100,15.16,Weekday,Wednesday,Light_Load
67.97,31.46,0,90.75,100,Weekday,Monday,Maximum_Load
80.32,63.4,0,78.49,100,Weekday,Thursday,Light_Load
6.73,6.08,0,74.2,100,Weekday,Tuesday,Light_Load
2.52,4.86,0,46.03,100,Weekend,Sunday,Light_Load
80.53,39.53,0,89.77,100,Weekday,Wednesday,Maximum_Load
3.13,2.63,0,76.56,100,Weekend,Saturday,Light_Load
2.81,5.44,0,45.89,100,Weekday,Wednesday,Medium_Load
69.8,53.28,0,79.49,100,Weekday,Tuesday,Maximum_Load
3.56,6.19,0,49.86,100,Weekday,Tuesday,Light_Load
3.13,0,14.22,100,21.5,Weekend,Sunday,Light_Load
59.9,33.12,0,87.51,100,Weekday,Thursday,Maximum_Load
3.64,6.41,0,49.38,100,Weekday,Friday,Light_Load
4,3.96,0,71.07,100,Weekday,Tuesday,Light_Load
58.03,43.13,0,80.26,100,Weekday,Thursday,Light_Load
49.61,13.97,0,96.26,100,Weekday,Tuesday,Medium_Load
73.94,25.78,0,94.43,100,Weekday,Friday,Medium_Load
4,4.39,0,67.35,100,Weekend,Saturday,Light_Load
2.77,5.4,0,45.64,100,Weekday,Tuesday,Light_Load
104.36,44.71,0,91.92,100,Weekday,Tuesday,Medium_Load
3.38,6.66,0,45.26,100,Weekday,Friday,Light_Load
2.66,5,0,46.97,100,Weekend,Sunday,Light_Load
3.06,3.85,0,62.22,100,Weekday,Monday,Light_Load
121.07,44.93,0,93.75,100,Weekday,Friday,Medium_Load
2.81,2.95,0,68.97,100,Weekend,Saturday,Light_Load
2.92,0,13.46,100,21.2,Weekend,Saturday,Light_Load
54.97,30.17,0,87.66,100,Weekday,Friday,Medium_Load
63.83,29.41,0,90.82,100,Weekday,Tuesday,Maximum_Load
3.13,4,0,61.63,100,Weekend,Sunday,Light_Load
3.56,0,21.56,100,16.29,Weekend,Sunday,Light_Load
3.06,0,16.45,100,18.29,Weekend,Sunday,Light_Load
129.35,72.29,0,87.29,100,Weekday,Monday,Maximum_Load
3.46,4,0,65.42,100,Weekday,Tuesday,Light_Load
21.06,20.45,0,71.74,100,Weekday,Tuesday,Light_Load
116.68,49.93,0,91.94,100,Weekday,Monday,Maximum_Load
56.74,29.59,0,88.67,100,Weekday,Tuesday,Maximum_Load
4.46,6.62,0,55.87,100,Weekday,Wednesday,Light_Load
3.28,2.7,0,77.21,100,Weekday,Wednesday,Light_Load
4.07,3.67,0,74.27,100,Weekend,Sunday,Light_Load
52.63,23.26,0,91.47,100,Weekday,Thursday,Maximum_Load
3.24,4.46,0,58.77,100,Weekday,Friday,Light_Load
5.26,0,16.78,100,29.91,Weekday,Wednesday,Medium_Load
3.24,4.57,0,57.84,100,Weekend,Saturday,Light_Load
43.2,13.36,1.51,95.54,99.94,Weekday,Thursday,Medium_Load
2.74,0,17.5,100,15.47,Weekday,Wednesday,Light_Load
2.95,5.08,0,50.22,100,Weekday,Friday,Light_Load
3.6,4.18,0,65.26,100,Weekend,Sunday,Light_Load
2.7,5.69,0,42.87,100,Weekend,Sunday,Light_Load
4.36,0,21.85,100,19.57,Weekday,Tuesday,Medium_Load
2.74,5.26,0,46.2,100,Weekday,Friday,Light_Load
3.53,3.71,0,68.93,100,Weekend,Sunday,Light_Load
45.43,22.28,7.31,89.78,98.73,Weekday,Wednesday,Maximum_Load
3.38,0,5.22,100,54.35,Weekday,Wednesday,Light_Load
69.7,42.7,0,85.27,100,Weekday,Wednesday,Maximum_Load
40,9.4,0.04,97.35,100,Weekday,Friday,Medium_Load
79.09,39.85,0,89.3,100,Weekday,Monday,Medium_Load
3.53,4.93,0,58.22,100,Weekday,Thursday,Light_Load
4.1,4.25,0,69.43,100,Weekday,Wednesday,Light_Load
5.18,0,25.38,100,20,Weekend,Sunday,Light_Load
3.06,3.89,0,61.83,100,Weekend,Saturday,Medium_Load
5.94,0,20.38,100,27.98,Weekend,Saturday,Medium_Load
47.16,21.6,0,90.92,100,Weekday,Thursday,Medium_Load
3.64,0,15.95,100,22.25,Weekend,Sunday,Medium_Load
4.25,0,21.96,100,19,Weekday,Wednesday,Medium_Load
111.46,49.32,0,91.45,100,Weekday,Tuesday,Maximum_Load
4.18,0,20.02,100,20.44,Weekday,Monday,Light_Load
46.73,11.48,0.07,97.11,100,Weekday,Friday,Maximum_Load
2.77,0,4.57,100,51.83,Weekend,Sunday,Light_Load
37.3,2.88,1.22,99.7,99.95,Weekday,Wednesday,Medium_Load
45.36,3.06,2.84,99.77,99.8,Weekday,Tuesday,Maximum_Load
3.13,0,16.88,100,18.23,Weekend,Sunday,Light_Load
3.89,2.52,0.86,83.93,97.64,Weekday,Thursday,Maximum_Load
73.12,37.01,0,89.22,100,Weekday,Friday,Maximum_Load
2.66,4.46,0,51.22,100,Weekday,Wednesday,Light_Load
47.7,25.92,0,87.87,100,Weekday,Thursday,Medium_Load
3.92,4.79,0,63.33,100,Weekday,Tuesday,Light_Load
3.64,0,15.59,100,22.74,Weekday,Tuesday,Light_Load
42.55,0.58,1.22,99.99,99.96,Weekday,Tuesday,Maximum_Load
4.1,0,22.46,100,17.96,Weekend,Sunday,Light_Load
48.85,14.8,0,95.7,100,Weekday,Tuesday,Medium_Load
107.46,58.75,0,87.74,100,Weekday,Friday,Maximum_Load
3.31,4.5,0,59.25,100,Weekend,Saturday,Medium_Load
60.48,36.29,0,85.75,100,Weekday,Wednesday,Maximum_Load
3.67,3.92,0,68.34,100,Weekday,Thursday,Medium_Load
40.03,8.14,1.04,97.99,99.97,Weekend,Saturday,Maximum_Load
108.5,56.95,0,88.54,100,Weekday,Friday,Light_Load
38.2,30.89,0,77.76,100,Weekend,Saturday,Light_Load
55.55,28.33,0,89.08,100,Weekday,Wednesday,Maximum_Load
2.84,2.34,0.04,77.18,99.99,Weekend,Sunday,Light_Load
99.29,34.42,0,94.48,100,Weekday,Monday,Medium_Load
2.99,0,17.42,100,16.92,Weekend,Sunday,Light_Load
96.26,42.77,0,91.39,100,Weekday,Monday,Medium_Load
4.36,0,20.38,100,20.92,Weekend,Sunday,Light_Load
4.21,0,27.18,100,15.31,Weekday,Friday,Medium_Load
3.78,0,25.7,100,14.55,Weekday,Wednesday,Medium_Load
7.2,9.29,0,61.26,100,Weekday,Wednesday,Light_Load
62.14,31,0,89.48,100,Weekday,Wednesday,Medium_Load
3.02,5.58,0,47.6,100,Weekend,Saturday,Light_Load
49.93,32.36,0,83.92,100,Weekday,Monday,Light_Load
30.96,1.12,4.32,99.93,99.04,Weekend,Sunday,Medium_Load
2.81,5.15,0,47.9,100,Weekend,Sunday,Light_Load
14.47,0.43,14.8,99.96,69.91,Weekend,Saturday,Maximum_Load
3.64,4.21,0,65.4,100,Weekend,Sunday,Light_Load
63.83,11.16,0.25,98.51,100,Weekday,Tuesday,Medium_Load
2.77,4.28,0,54.33,100,Weekend,Sunday,Light_Load
2.88,4.46,0,54.25,100,Weekday,Tuesday,Light_Load
2.88,4.93,0,50.44,100,Weekday,Wednesday,Light_Load
138.06,57.13,0,92.4,100,Weekday,Friday,Medium_Load
4.18,0,18,100,22.62,Weekend,Saturday,Medium_Load
2.92,0,13.43,100,21.25,Weekend,Sunday,Light_Load
51.84,30.28,0,86.35,100,Weekday,Wednesday,Maximum_Load
2.88,4.39,0,54.85,100,Weekday,Tuesday,Light_Load
4.79,6.52,0,59.21,100,Weekday,Wednesday,Light_Load
2.77,0,17.42,100,15.7,Weekday,Thursday,Light_Load
3.1,4.07,0,60.59,100,Weekend,Saturday,Light_Load
96.52,31.39,0,95.1,100,Weekday,Thursday,Maximum_Load
3.96,3.17,0.22,78.07,99.85,Weekend,Saturday,Light_Load
3.53,4.43,0,62.32,100,Weekday,Thursday,Light_Load
2.88,4.68,0,52.41,100,Weekday,Friday,Light_Load
3.92,3.28,0,76.69,100,Weekday,Monday,Light_Load
2.95,0,16.67,100,17.43,Weekday,Thursday,Light_Load
3.53,5.18,0,56.31,100,Weekday,Thursday,Medium_Load
3.28,4.72,0,57.07,100,Weekend,Sunday,Light_Load
3.06,5.94,0,45.8,100,Weekend,Saturday,Light_Load
4.61,5.08,0,67.2,100,Weekday,Thursday,Light_Load
69.23,37.44,0,87.96,100,Weekday,Monday,Maximum_Load
110.81,39.46,0,94.21,100,Weekday,Friday,Maximum_Load
