Zone 1 Power Consumption,Zone 2  Power Consumption,Zone 3  Power Consumption,Temperature,Humidity,Wind Speed
32985.14532,19396.74134,17623.27273,22.76,29.73,0.085
34737.64259,29803.00706,14417.28691,15.92,54.44,0.085
27894.68354,20808.51064,16458.79518,15.08,57.23,0.076
42476.93617,23634.14634,25089.67742,12.42,72.3,0.081
21341.14101,12006.10998,11531.63636,14.58,80.6,0.08
22043.5443,13200.0,14810.60241,14.99,69.14,0.074
32509.83051,18302.73556,15844.34171,11.16,70.8,0.08
21390.68852,13222.29102,10593.03644,19.21,89.4,4.923
37286.69202,30716.1706,15834.81393,14.66,65.92,0.075
24966.29508,15169.04025,14913.03644,14.2,81.6,0.079
35012.38938,24290.64449,12067.17058,23.9,64.15,0.264
22031.39241,13367.78116,14359.51807,13.68,82.4,0.074
40993.90728,25383.36798,24960.0,21.03,86.5,0.068
31081.36882,25539.12243,10130.13205,16.38,69.26,0.074
37475.16093,24276.24076,25140.56426,27.06,47.58,4.905
34004.74576,18893.61702,16938.45226,11.86,60.8,0.088
31434.89362,18815.85366,19358.70968,11.83,80.6,0.08
20806.08365,16193.92452,8608.883553,9.38,84.9,0.082
25724.74576,16599.3921,12434.65327,9.39,67.74,4.92
40676.02649,24754.67775,25095.87692,19.2,65.81,4.924
29593.84615,24604.95868,10039.51807,19.74,47.91,0.078
40256.07103,27416.26188,25453.54232,27.11,43.35,4.906
43334.80851,25452.43902,25368.3871,16.66,67.21,4.919
22710.50847,13437.08207,14090.29146,12.11,76.6,4.916
28532.09302,19507.59494,17442.67782,23.96,63.4,4.922
36511.89369,25906.32911,25654.8954,26.92,70.2,4.909
23753.84615,18628.5124,10704.57831,16.98,56.04,0.086
29393.22259,24421.51899,20226.27615,25.37,77.8,4.918
40137.72152,23463.82979,24659.27711,16.32,53.54,4.921
27061.13208,16540.23231,12669.59248,24.6,91.3,4.918
36605.32319,29736.72906,16595.43818,15.9,62.58,0.084
28723.28524,20269.48258,20752.85266,27.12,32.78,4.905
32156.27081,21945.93453,22540.43887,21.33,75.2,4.911
26361.13786,15426.97095,12214.46809,17.22,62.59,4.921
29421.53846,23920.66116,9351.325301,20.53,47.5,0.079
21937.64259,18815.5876,7398.79952,10.95,47.63,0.078
32795.23404,17517.07317,16751.6129,12.73,74.1,0.081
39572.42553,22971.95122,23945.80645,11.88,85.7,0.072
33358.97872,17989.02439,22000.64516,18.43,71.0,0.081
29146.22951,21287.9257,14936.35628,18.94,81.5,0.071
37782.01998,24568.95459,22877.49216,26.64,53.55,4.907
23321.87234,13591.46341,15044.51613,8.7,87.2,0.089
31248.78689,22662.5387,17431.57895,28.72,26.19,0.075
22989.58425,17626.55602,10282.79635,13.87,86.5,4.915
38666.44068,23409.11854,23317.86935,9.89,73.2,0.077
23550.37975,14341.64134,15452.53012,5.593,73.4,0.087
41058.30508,24583.58663,25390.31156,14.1,63.55,0.083
44655.75492,28508.71369,19392.58359,18.47,91.1,0.079
34256.20253,22030.39514,16736.38554,13.66,65.01,0.087
22097.56728,12926.27291,11112.72727,15.81,83.7,0.083
38153.84615,31804.95868,20483.85542,19.6,67.65,0.073
30387.8327,21728.13747,9334.933974,12.4,67.54,0.087
48349.47836,32449.41922,35757.74295,22.79,62.78,0.07
33902.99003,23962.02532,23901.58996,28.01,31.89,4.915
36369.18979,25496.51531,22721.00313,26.6,73.1,4.91
23827.69231,19156.61157,10502.16867,8.34,77.9,4.916
25978.90205,16097.35234,12904.72727,14.41,85.7,0.072
35151.7377,23238.39009,18002.91498,27.98,35.7,4.918
22905.76271,11799.3921,13679.27638,13.84,71.4,0.083
42875.76159,25286.07069,27323.07692,20.32,64.15,0.081
27729.55752,16693.97089,14032.27783,22.17,89.6,0.329
23467.11864,13203.64742,14454.99497,10.4,90.6,0.071
32486.15385,23950.41322,17459.27711,22.27,51.0,0.077
35402.0339,18700.30395,14848.64322,16.71,56.34,0.084
27697.69912,16881.08108,12208.37589,21.28,84.5,0.283
21648.81356,12813.37386,14373.94975,7.29,61.94,0.088
21024.93003,12167.41344,11287.27273,14.32,85.7,0.069
37893.74179,30902.48963,18703.95137,20.75,70.9,0.082
33498.30508,18725.83587,18345.16583,12.96,85.8,0.07
38971.09878,29822.59768,29413.9185,28.8,75.8,4.907
36103.72881,22570.21277,16811.09548,13.98,69.28,0.072
38670.63263,27484.68849,31189.46708,26.18,84.5,4.914
31538.36066,21302.78638,16481.29555,26.1,31.29,0.079
32898.46154,28178.92562,9172.048193,18.66,62.86,0.076
32030.76923,24887.60331,12566.74699,21.64,51.43,0.084
34231.89873,21552.58359,20830.84337,11.18,65.55,0.087
42615.04994,29503.2735,33554.85893,28.09,78.2,4.902
35013.44681,21106.09756,22465.16129,13.77,81.1,0.082
34451.68142,19167.56757,14685.3524,23.88,65.26,4.926
35650.76412,26643.03797,26859.91632,26.56,69.8,4.911
42824.88698,21684.31772,28509.09091,14.42,89.9,0.069
41512.82392,29954.43038,32553.64017,35.98,29.84,4.907
36044.60177,24444.07484,10825.74055,21.62,77.7,4.915
19746.83544,13524.62006,13827.46988,6.003,86.3,0.085
33648.6692,28525.31451,14613.20528,9.86,69.39,0.085
29788.32787,20403.71517,17530.68826,32.99,14.01,3.97
32801.95339,23911.29884,26127.6489,27.96,33.64,4.907
31397.8902,17739.71487,21009.45455,15.39,89.5,0.071
35958.6755,20600.8316,18089.35385,25.51,51.27,0.072
21466.32911,13539.20973,14319.03614,4.408,76.7,0.082
30172.88136,20275.98784,19288.76382,13.75,70.4,0.074
43371.65563,26910.18711,25491.69231,20.47,89.1,0.066
39508.10211,28359.02851,31364.01254,27.35,35.41,4.91
32340.68441,26518.56398,13529.89196,10.95,82.4,0.086
32779.74684,20126.44377,15735.90361,15.47,68.49,4.914
35806.61487,25891.86906,28011.53605,25.02,85.6,4.91
27379.11504,15436.59044,13761.63432,27.56,45.12,4.924
37385.78073,25177.21519,25112.63598,26.59,70.2,4.922
22460.8365,18274.31728,10170.46819,8.89,85.9,0.085
27512.54237,16778.1155,16706.89447,15.84,54.61,0.082
35335.62914,22180.04158,17829.41538,24.46,58.32,0.07
25699.40426,15932.92683,11223.87097,11.4,79.4,0.076
42167.08861,25644.9848,25677.10843,16.37,68.79,0.077
38527.57475,26145.56962,32222.25941,34.56,25.11,4.924
25181.69492,12601.82371,13760.32161,14.04,62.57,0.082
27145.53191,17367.07317,12390.96774,10.91,88.4,0.088
22600.35398,11986.27859,9590.194076,20.41,76.9,4.919
24185.87234,13331.70732,14603.22581,14.47,85.6,4.909
35642.7541,21926.93498,18154.49393,27.25,50.17,0.068
37328.12431,27746.9905,30413.04075,26.67,41.58,4.908
33571.52542,22121.58055,17222.11055,17.53,47.63,0.082
42774.03974,25731.39293,27145.84615,20.98,81.9,0.064
35817.72152,22205.47112,16759.51807,18.66,44.41,0.085
32795.44858,20576.76349,14391.2462,20.06,78.0,4.913
27022.84464,16218.6722,12949.78723,23.47,61.55,4.921
31664.49946,17879.0224,18042.18182,15.74,87.1,0.071
22086.07595,13404.25532,14880.0,14.97,68.97,0.072
30063.79747,20250.45593,19575.90361,8.49,84.5,0.077
33646.21444,20838.17427,10743.82979,21.58,52.96,0.087
38010.64639,32737.64959,16716.44658,10.51,59.35,0.077
32657.03422,26433.87542,9842.016807,12.22,71.7,0.086
24680.2649,13887.31809,13363.2,20.55,82.0,0.066
22037.46835,14235.86626,14122.40964,8.07,86.1,0.089
40779.57447,23337.80488,23928.3871,13.43,59.45,4.921
41176.64817,26994.29778,23684.01254,28.87,40.51,4.905
39210.09967,28496.20253,27486.5272,34.8,25.51,4.908
27027.69231,21057.02479,14590.84337,11.7,75.7,0.082
35884.0678,27559.87842,24290.41206,15.25,64.02,0.082
33493.78723,21029.26829,15985.16129,22.58,48.35,0.076
31027.69231,25471.4876,14862.6506,17.24,77.0,0.076
34349.73451,20746.77755,12849.68335,24.58,56.15,4.919
27169.58175,21764.95858,9939.97599,17.8,57.14,0.083
22971.86312,17482.66339,10913.80552,14.09,71.2,0.081
33506.04255,20904.87805,15816.77419,15.15,65.51,0.079
24938.76106,15960.49896,10143.24821,18.53,85.3,4.918
38400.0,23111.85031,19979.81538,28.58,35.29,4.922
27944.61538,22752.89256,9033.253012,18.21,52.15,0.078
23996.81063,15182.27848,17093.22176,20.52,67.37,4.91
23483.07692,18542.97521,12393.25301,12.35,75.8,0.083
21059.24051,12207.90274,14162.89157,11.6,71.7,4.922
27304.85106,16474.39024,11612.90323,10.61,89.3,0.067
46526.0177,31655.30146,16809.31563,20.92,78.7,4.917
40735.53829,28157.55016,27692.53918,29.54,61.12,4.904
37404.83907,23337.27561,21378.80878,27.53,64.45,4.92
40590.11407,34685.48635,16341.89676,15.49,60.48,0.095
30941.44487,25487.57288,10274.18968,16.49,68.56,0.074
38234.70199,22962.16216,23158.15385,19.27,57.47,4.917
22795.9322,13696.04863,14373.94975,15.53,62.45,0.084
29175.38462,22142.97521,10756.62651,21.37,41.51,4.918
20509.37705,12479.25697,10243.23887,14.08,89.0,4.916
44971.32743,26524.74012,19456.91522,22.43,77.9,4.918
21261.53846,16497.52066,8836.626506,18.97,80.2,0.068
28289.23077,20785.53719,17760.0,20.75,64.81,0.071
30087.07965,17850.31185,14673.58529,21.14,60.22,0.272
37097.98002,25880.46463,28077.74295,31.26,14.04,4.905
32285.93156,26691.6232,10014.88595,20.18,27.47,0.085
24815.21311,16870.58824,11420.89069,18.9,54.41,0.08
20694.68354,13127.05167,14330.60241,13.79,74.5,0.083
25368.51064,14432.92683,15567.09677,10.41,87.9,0.074
32299.74684,21636.47416,13376.38554,15.29,82.9,0.075
35233.90728,19818.71102,16878.27692,25.57,33.6,0.081
26078.9404,14542.20374,14320.24615,21.25,75.9,0.068
39482.88973,33632.40258,16145.97839,11.41,70.6,0.09
29372.30769,23098.76033,11294.45783,21.21,65.88,0.075
36649.47255,20569.85743,19636.36364,17.33,76.8,0.071
32901.26582,21964.74164,13515.18072,15.35,82.0,0.069
22924.55696,14301.51976,15446.74699,13.14,65.28,0.08
30344.61538,25557.02479,17690.60241,20.45,59.34,0.072
22928.39612,13479.83707,14795.63636,13.82,81.5,0.08
34125.16411,20935.26971,13515.86626,24.95,40.58,4.923
39607.94702,21266.94387,24469.66154,23.56,75.4,4.92
40133.8403,34317.27524,14970.46819,13.96,68.18,0.081
33891.99125,21222.82158,15132.40122,20.38,62.79,0.095
32881.02128,20257.31707,15828.3871,15.6,76.3,0.073
34992.31788,19766.32017,17197.29231,23.51,67.8,0.069
23875.61462,16089.87342,18316.31799,24.02,85.8,4.913
31133.24503,18699.7921,22567.38462,27.18,53.8,4.922
47551.85841,28066.52807,21604.41267,22.21,55.22,0.268
44868.03987,28230.37975,35349.2887,27.16,48.37,4.923
36433.27434,21184.61538,14338.22268,24.11,60.82,4.924
23961.35593,14122.79635,14889.16583,8.99,63.3,4.917
34727.40581,20008.9613,17902.54545,16.46,76.5,0.073
34510.39828,20507.53564,18996.36364,16.52,74.3,0.071
45053.16456,29631.61094,27626.0241,14.43,56.99,0.084
25907.69231,20744.6281,10918.55422,12.15,83.6,0.072
26734.97872,16814.63415,12042.58065,13.71,85.7,0.084
50126.70366,33593.6642,40307.96238,26.08,62.28,0.068
41036.00444,30301.58395,31905.70533,26.7,63.99,4.905
26185.30522,19851.31996,15233.60502,21.01,41.65,4.91
37072.40844,22979.93664,17881.88088,27.19,79.2,4.927
23248.34043,13613.41463,14794.83871,9.64,87.4,0.087
34662.0598,22010.12658,30005.02092,27.87,72.3,4.917
48701.08768,32069.27138,35787.83699,25.83,54.65,4.929
30691.52542,18842.55319,14680.76382,13.63,68.93,4.91
33481.16254,20258.24847,18618.18182,16.25,73.8,0.072
44657.31148,24876.78019,26059.91903,29.29,27.75,0.075
30880.60837,24633.32311,9588.47539,15.25,58.11,0.079
23089.60172,10778.00407,12677.81818,14.58,91.0,0.07
48089.00662,28017.87942,33224.86154,21.84,84.2,4.916
37015.38462,29967.7686,17031.3253,18.43,74.8,0.072
38344.77876,23242.82744,15144.26966,22.99,75.9,4.92
41662.31947,34020.74689,19649.3617,21.87,65.33,0.083
25978.90205,16221.99593,12858.18182,14.09,90.5,0.07
23957.52212,13281.08108,9519.59142,18.38,73.4,4.916
32693.27414,23246.04013,17280.0,22.37,53.52,4.906
46902.85714,30239.24051,38867.94979,33.11,23.48,4.916
22643.34601,18635.16416,8343.817527,8.96,92.7,0.082
36259.67213,22305.88235,21833.19838,21.52,49.93,0.079
31538.36066,19326.31579,18008.74494,24.95,41.57,0.072
34918.00222,20246.67371,16635.98746,31.16,38.91,4.934
32476.59574,20315.85366,15625.16129,15.16,63.61,0.081
49907.24252,31131.64557,43332.5523,28.25,52.58,4.91
21864.61538,16824.79339,9837.108434,14.69,55.07,0.082
38018.55716,25291.23548,29498.18182,26.23,80.7,4.918
33468.76211,19591.0387,18286.54545,20.29,51.4,0.089
23033.69803,13208.71369,9197.325228,16.86,90.0,4.914
25648.90365,15858.22785,19738.24268,23.03,74.1,4.91
22104.3038,13294.83283,14469.39759,16.69,62.82,4.92
29081.28746,19338.12038,18658.30721,24.27,76.8,4.911
32256.0,20243.96285,19880.16194,20.95,67.25,0.079
35252.45902,22703.40557,17670.60729,21.4,67.47,4.923
30690.59081,19082.98755,11204.86322,17.3,64.93,4.923
37395.39823,22011.64241,16544.55567,25.14,54.05,4.924
42724.78405,27064.55696,32866.94561,24.46,82.9,4.919
41592.18646,28400.84477,29377.80564,22.34,71.2,4.905
28978.60465,19632.91139,21334.8954,22.2,57.63,4.904
31932.07877,23963.90041,11677.56839,19.47,87.4,0.073
43633.22034,25641.33739,24695.63819,13.05,55.01,0.083
31037.19912,19262.24066,13597.56839,18.38,84.1,0.172
36866.52079,22716.59751,13854.3465,23.69,38.52,4.924
28501.19205,17479.83368,20936.86154,22.07,75.0,4.918
38406.35762,22269.85447,29721.6,22.76,84.2,4.919
29789.40919,25745.22822,16112.82675,18.22,70.1,0.081
31527.45763,19123.40426,14721.28643,13.95,64.85,0.081
38990.76923,32723.55372,17407.22892,19.14,66.01,0.083
26168.49558,18430.35343,8019.284985,19.85,84.7,4.911
22221.63934,12564.70588,9893.441296,18.74,90.3,4.914
44544.0,24824.7678,26298.94737,21.79,46.03,4.922
35288.79023,23687.01162,24653.04075,21.45,74.4,4.912
22442.0339,12036.47416,12897.76884,14.97,56.71,0.08
28869.2459,18583.28173,12977.48988,17.3,87.5,4.918
22886.69202,18716.1706,6978.151261,15.24,64.65,0.081
29822.86349,18459.97888,18574.04389,24.52,88.7,4.918
32658.22785,20538.60182,15452.53012,16.58,71.6,0.073
34126.77966,20213.98176,19595.57789,13.83,68.78,0.077
35052.1519,20447.41641,16649.63855,16.93,73.0,0.074
35088.78689,21154.17957,17897.97571,23.92,50.65,0.073
43257.21854,26356.34096,27275.81538,20.11,69.65,4.917
25541.88184,16405.39419,11175.68389,18.74,85.1,4.915
26966.12691,16394.19087,11881.82371,18.03,66.89,0.114
41401.51899,25265.6535,25573.01205,12.55,69.59,4.923
38518.46809,22964.63415,23254.83871,13.63,74.7,0.087
31759.32203,19973.25228,15566.47236,14.38,65.87,4.916
23052.25532,13423.17073,14010.96774,10.0,82.1,0.071
25999.32203,17135.56231,12266.77387,13.7,69.41,0.071
40371.0299,27968.35443,29703.76569,29.65,49.62,4.911
24736.74419,16465.82278,19997.32218,20.68,67.37,4.91
22544.10596,13846.15385,11756.30769,17.42,72.3,0.076
28130.23256,19344.3038,20328.70293,22.52,50.76,4.912
24081.70213,14326.82927,14620.64516,7.9,87.3,0.084
45563.89381,30753.43035,16626.92543,20.69,79.4,4.923
22918.48101,13885.71429,13995.18072,11.76,56.99,0.09
45077.98687,28064.31535,19357.56839,20.37,78.3,0.081
21329.27757,16926.66462,9478.991597,14.13,83.5,0.079
38344.61538,31619.00826,21808.19277,18.25,72.3,0.072
39859.71143,23569.16579,21047.77429,22.06,75.8,4.92
24406.77966,14629.78723,14906.53266,15.17,57.28,0.079
27085.86433,21121.9917,9979.331307,21.22,57.94,0.085
28052.03108,21094.40338,17911.97492,26.4,63.39,4.905
22067.8481,13750.75988,14012.53012,9.21,76.7,0.081
39188.45727,26644.56177,24279.87461,26.03,41.98,4.927
24826.32911,16154.40729,11629.87952,11.72,82.8,0.085
35877.1116,23228.21577,12249.48328,22.26,71.4,4.917
21262.35741,15807.30285,9352.220888,6.817,87.0,0.09
34364.63895,21047.3029,13381.64134,25.32,36.08,4.918
24789.87342,15297.26444,11722.40964,11.83,49.45,0.087
21225.85551,16867.75084,9709.483794,7.2,78.8,0.085
35325.56962,22263.82979,16580.24096,18.77,42.44,0.086
33915.17761,20764.15479,17960.72727,19.47,58.74,0.071
25293.63934,15187.6161,15262.83401,14.79,71.1,0.072
30824.61538,25687.19008,10906.98795,21.57,64.38,0.073
37653.68771,25720.25316,31625.77406,31.84,54.19,4.91
29950.72142,24382.68215,21691.78683,26.35,61.12,4.901
29611.89789,20782.68215,20415.79937,22.05,43.39,4.909
31752.39344,17892.26006,17052.63158,33.73,22.08,0.639
29175.38462,23876.03306,11635.66265,20.87,62.31,0.074
28990.72848,17820.37422,13469.53846,21.97,77.3,0.069
41442.65781,30056.96203,31167.86611,34.94,24.01,4.906
28360.67797,16566.56535,16851.61809,10.31,82.9,0.075
37974.14449,31485.73182,15731.09244,14.97,78.3,0.082
33418.98305,20772.03647,16405.86935,10.73,65.84,0.079
24473.92405,14403.64742,14452.04819,8.87,81.1,0.084
33350.95802,18289.61303,18688.0,15.86,86.4,0.077
26937.19149,16320.73171,12727.74194,9.14,87.7,0.084
22710.50847,12368.38906,13650.33166,9.88,86.9,0.076
28539.59096,16016.70061,19322.18182,16.02,85.0,0.067
32278.93805,20675.67568,16750.48008,25.07,75.3,0.321
21111.86441,13258.35866,11022.15075,6.243,63.37,0.081
37207.17608,24413.92405,23576.23431,25.84,74.3,4.921
32040.39867,22374.68354,27938.41004,25.47,46.35,4.908
34791.86441,21176.8997,16845.82915,12.81,56.76,4.918
27646.72566,17214.13721,9631.378958,19.64,88.9,4.912
23480.65574,15113.31269,10610.52632,19.31,91.4,4.917
35856.95364,21817.04782,21628.06154,23.85,45.87,0.08
22849.23077,19885.53719,7390.843373,9.52,74.8,4.924
22615.38462,16720.66116,10305.54217,15.17,87.1,0.072
25214.30464,13958.41996,15572.67692,19.94,85.2,0.066
38321.01266,24977.5076,24532.04819,10.58,81.6,0.082
23780.98859,16514.26818,7681.152461,5.514,93.0,0.081
31295.57987,26637.75934,12529.60486,21.34,81.2,0.081
39464.37029,21684.31772,26141.09091,14.72,84.4,0.071
34118.80851,20089.02439,16443.87097,15.55,55.59,0.085
32023.31126,19661.53846,24818.21538,20.55,88.3,4.92
34248.81356,20801.21581,19375.59799,13.78,69.62,0.076
49442.66371,36201.47835,37960.62696,29.05,50.88,4.907
35819.40067,23759.2397,25802.63323,23.44,63.68,4.904
43498.98305,26531.30699,25234.01005,15.72,58.01,0.082
37268.44106,29887.69561,16336.13445,15.93,60.71,0.083
31643.38983,19262.00608,15595.41709,10.36,77.6,0.083
35000.65574,21919.50464,21314.33198,17.24,58.82,4.919
34293.53612,28819.8834,14538.29532,12.27,78.8,0.077
29600.35011,21349.79253,11204.86322,20.67,70.6,4.925
24242.84177,13340.52953,14528.0,16.6,83.5,0.065
22873.78468,16791.12988,16551.72414,25.87,87.8,4.91
24669.95745,14959.7561,14835.48387,11.7,83.2,0.082
33524.42553,19737.80488,20514.19355,13.45,61.75,4.917
26276.51238,17090.83503,13114.18182,12.33,76.6,0.087
40418.04255,22803.65854,24201.29032,12.97,81.7,0.083
36238.4106,23688.14969,18160.24615,24.11,56.32,0.07
31507.22433,24364.529,9092.917167,11.79,78.0,0.086
39003.07692,32414.87603,17418.79518,20.47,72.8,0.072
42449.49153,25185.41033,24736.1608,10.63,81.2,0.073
31024.72808,21318.6906,21908.46395,27.74,72.8,4.906
39699.88901,25523.12566,23274.73354,27.11,51.28,4.906
40401.52091,34052.16324,16578.15126,12.54,66.19,0.076
31298.68676,17259.47047,22062.54545,15.55,71.9,0.074
23606.15385,18401.65289,8582.168675,13.64,86.4,0.081
35634.00666,25268.42661,27975.4232,25.81,88.8,4.907
40575.71587,28450.26399,31291.78683,23.1,64.48,0.068
29423.04636,21959.25156,15560.86154,22.81,77.0,0.068
31884.41065,25955.20098,9657.623049,17.79,68.26,0.076
37436.81063,24649.36709,29938.74477,24.32,86.6,4.919
22479.08745,17604.17306,6914.765906,13.67,80.2,0.079
29246.51163,19708.86076,23136.40167,24.16,86.7,4.915
33575.38462,27119.00826,14683.37349,14.74,69.56,4.919
32259.82301,21330.56133,16173.89173,26.85,61.85,0.325
20696.57795,15689.4753,9588.47539,13.52,55.04,0.08
28742.46393,18536.00845,19001.37931,23.33,56.55,4.923
31397.71863,26076.71065,9588.47539,15.0,54.92,0.085
38788.86076,23664.43769,24543.61446,13.43,66.96,4.914
35793.37748,22995.842,18337.47692,27.62,33.89,4.916
43133.16456,27311.8541,25555.66265,13.22,75.6,0.083
35714.43038,22953.19149,17950.84337,11.23,66.01,0.089
30886.77966,19032.21884,18733.02513,13.84,66.49,0.083
32045.51422,19206.22407,9436.595745,20.18,55.86,0.09
44804.25249,29088.60759,38777.57322,27.39,37.98,4.921
35122.57492,22333.68532,26819.81191,26.59,77.9,4.925
24280.22198,15806.54699,16244.76489,19.61,44.05,4.909
21450.95057,17493.70973,9611.52461,14.84,58.85,0.078
22310.88608,14148.32827,14920.48193,8.96,76.5,0.082
37077.61589,22262.37006,23116.8,20.44,89.3,0.063
32699.93541,15074.54175,17786.18182,16.47,77.5,0.073
26225.84071,14890.22869,12767.31359,21.53,75.7,4.914
22788.76596,13463.41463,13999.35484,8.58,87.2,0.075
23883.07692,18769.83471,11508.43373,19.0,70.2,0.073
33292.0354,18621.20582,14191.13381,24.12,52.03,4.924
27621.23894,17476.09148,8131.072523,20.55,78.3,4.915
30508.47458,21085.71429,15844.34171,11.87,83.2,4.919
34376.94915,20939.81763,22698.45226,8.88,51.48,0.096
30320.0,25657.43802,9958.554217,16.34,50.08,4.915
26149.38053,14875.25988,12549.62206,21.28,77.1,4.912
22298.73418,13845.59271,14105.06024,9.98,75.1,0.084
33432.21239,21618.71102,12837.91624,21.57,87.0,4.911
40370.86093,24758.41996,24381.04615,20.03,73.1,0.08
25856.98031,14575.51867,12395.37994,20.12,70.8,4.917
31639.08197,20355.41796,15577.65182,25.18,26.63,4.923
37302.85714,26005.06329,27685.35565,29.1,47.88,4.91
28609.23077,21901.23967,16441.44578,20.45,66.34,0.073
25432.02658,16355.6962,17424.60251,21.39,67.37,4.902
27403.07692,19848.34711,15730.12048,20.03,73.1,0.071
20215.38462,14426.03306,7645.301205,18.17,79.9,0.07
32193.04918,20600.6192,16213.11741,22.34,67.96,0.068
44567.52735,25786.30705,19468.44985,22.05,70.6,0.065
31827.93443,20875.5418,14761.45749,19.26,82.5,4.917
41359.82495,34095.43568,19789.42249,17.75,80.1,0.082
20978.46154,14582.2314,9617.349398,12.05,83.5,0.077
38776.14639,21746.63951,25041.45455,16.04,65.13,0.082
20245.78723,12102.43902,10248.3871,11.02,58.11,0.077
27262.31947,16685.47718,11391.61094,19.99,87.9,0.068
24291.64557,15005.47112,11589.39759,8.47,85.0,0.089
26141.53846,21183.47107,11363.85542,21.3,72.2,0.069
23258.73418,15176.8997,14712.28916,9.4,84.4,0.077
34776.15894,18740.95634,16653.78462,23.2,69.83,0.073
32699.93541,18399.59267,17704.72727,22.86,25.59,0.088
31779.0899,21364.30834,21890.40752,26.89,77.0,4.908
29733.55932,18795.13678,18924.0603,9.26,86.8,0.083
21946.32911,13918.54103,14099.27711,10.68,80.5,0.084
40282.79871,22325.86558,26123.63636,17.44,71.4,0.087
23209.12548,19386.31482,10072.509,13.36,85.7,0.084
28313.84615,21663.22314,11230.84337,20.57,53.94,0.079
32519.48936,22112.19512,15979.35484,24.12,37.95,4.919
25393.15589,20122.73704,7854.021609,6.536,87.4,0.082
22953.84615,17933.05785,10114.6988,19.01,81.8,0.07
36578.46154,29588.42975,17170.12048,19.79,74.7,0.066
31987.69231,26624.38017,11068.91566,22.46,49.7,0.087
38606.58228,24167.78116,19408.19277,14.29,49.08,0.082
29358.98734,16756.231,16481.92771,16.75,54.71,4.918
22092.71523,12974.22037,13717.66154,21.14,81.2,4.917
31184.5505,22683.42133,24261.81818,26.97,82.4,4.908
36655.67277,17039.5112,17448.72727,18.13,79.3,0.074
43114.21277,25350.0,25083.87097,16.01,69.95,4.916
49730.34406,33160.29567,38995.86207,26.53,53.68,0.071
32006.15385,26706.19835,10560.0,19.6,57.89,4.918
22574.16393,13434.05573,10610.52632,18.86,90.8,4.919
24985.43046,13861.12266,13959.87692,22.04,72.4,0.068
37353.88704,25169.62025,27528.70293,34.73,29.38,4.907
31787.07224,27295.48941,13449.21969,9.96,76.9,0.083
49046.11296,31572.1519,43971.21339,26.43,77.8,4.913
45071.6849,25887.13693,19526.80851,21.67,72.2,0.067
34584.51064,20773.17073,20647.74194,12.1,82.3,0.084
28935.38462,21860.33058,18777.83133,19.74,67.71,4.922
44858.95671,27020.90813,25062.31975,24.8,89.0,4.92
22598.80851,12885.36585,13482.58065,10.56,67.31,0.083
28929.23077,21607.43802,18737.3494,19.55,69.25,4.921
26388.98361,16019.81424,15851.65992,18.54,72.3,0.075
41342.86349,29799.78881,26783.69906,26.77,74.0,4.902
40899.66102,24787.84195,25372.94472,13.64,67.42,0.084
34547.28477,19541.78794,16647.87692,24.69,35.34,0.083
34445.56291,21521.41372,16854.64615,24.87,66.03,0.072
37288.75274,23560.58091,12395.37994,23.1,71.2,0.075
40785.64784,27330.37975,27570.87866,27.41,63.2,4.908
35479.14894,21556.09756,19718.70968,14.67,68.58,0.083
25494.87236,16327.34952,14986.83386,22.44,75.6,4.911
24399.7377,15183.90093,15047.12551,20.3,73.5,0.076
44846.62252,25589.18919,25657.10769,20.48,85.6,0.065
29322.53165,13889.3617,14648.6747,12.6,65.98,0.083
36529.23077,29941.73554,17112.28916,19.19,69.18,0.076
46264.77876,26928.89813,19815.81205,27.21,35.58,4.925
29563.07692,24902.47934,9333.975904,15.37,37.97,4.914
34802.93008,23960.71806,22052.91536,26.31,73.7,4.908
32336.20253,21443.16109,16632.28916,15.44,64.93,0.074
20848.6692,16278.61307,9490.516206,5.572,85.7,0.084
38565.33907,21119.7556,25146.18182,18.84,55.86,0.082
38444.93617,22876.82927,18174.19355,16.62,66.89,0.073
36265.96721,22744.27245,18346.88259,21.51,70.7,4.921
23236.08511,12468.29268,13796.12903,9.87,88.0,0.084
36412.30769,29904.54545,21443.85542,14.9,85.2,0.076
33733.67089,20925.22796,16158.07229,16.35,73.5,0.075
37489.02128,22679.26829,18063.87097,18.29,45.13,0.078
40205.56291,25342.20374,30206.03077,21.42,71.0,4.915
37665.76271,23679.02736,23034.21106,13.82,66.62,0.085
46054.51327,28313.51351,23440.08172,23.71,76.6,0.273
21753.84615,15958.26446,10484.81928,15.36,81.0,0.074
40243.70861,24522.66112,22573.29231,22.29,50.22,0.079
33100.88496,19564.24116,15238.40654,18.3,80.6,4.925
35170.33113,21139.70894,17870.76923,23.74,57.21,0.07
32635.75221,22703.9501,13443.92237,23.88,64.73,4.923
31667.69231,25594.21488,9837.108434,18.7,58.49,4.918
45863.84106,25596.6736,27476.67692,22.02,78.7,0.084
23601.35593,14235.86626,14663.39698,15.56,64.22,0.077
42791.18644,24459.57447,25413.46734,13.68,74.3,0.073
24524.60177,13150.10395,9619.611849,19.36,69.79,4.92
32221.59292,18130.97713,16215.07661,27.36,34.41,4.927
40876.18202,31544.66737,27873.10345,27.51,73.2,4.905
25867.68061,20339.98159,7663.865546,8.3,86.7,4.918
47808.63787,31963.29114,42796.31799,29.97,40.85,4.907
44603.5443,27133.1307,25856.38554,14.69,73.2,0.076
28997.74086,19131.64557,21636.15063,20.87,70.9,4.917
37778.46154,32511.57025,15585.54217,17.26,52.82,4.921
23272.85106,13803.65854,14225.80645,10.04,84.8,0.078
24836.06127,13836.09959,11870.15198,17.97,86.9,4.915
48038.27243,32612.65823,37217.07113,27.72,46.12,4.903
32424.40678,20027.96353,15132.30151,11.83,65.41,4.916
22454.23729,13480.85106,14466.57286,14.77,57.64,0.079
23362.41119,12724.64358,16011.63636,15.25,72.7,0.07
33149.80989,26883.09297,14866.7467,15.26,56.34,0.081
50755.61462,35008.86076,47429.62343,29.39,33.38,4.909
25062.12766,13192.68293,12611.6129,13.32,55.71,4.919
28368.60759,18496.04863,13283.85542,6.845,85.3,0.093
38932.7414,24185.00528,23124.26332,24.62,87.1,4.92
18526.24327,10253.76782,10164.36364,12.73,83.5,4.916
33092.89037,21877.21519,26474.30962,24.33,85.4,4.914
34057.53191,20732.92683,17761.93548,17.16,61.32,0.074
23179.86755,14332.64033,12819.69231,20.7,89.7,0.067
31643.5443,18860.79027,16603.37349,11.25,67.75,0.089
34578.90591,22275.93361,12838.90578,21.42,69.6,4.92
31433.84615,24515.70248,17482.40964,18.52,66.81,0.075
31025.87729,17897.35234,17832.72727,22.87,51.68,4.92
26766.68852,16450.77399,16265.58704,20.57,70.9,0.078
36889.18033,23442.72446,19483.7247,19.79,60.79,4.924
27684.55142,18362.24066,9815.927052,19.64,75.3,0.104
30330.89701,20327.8481,20961.33891,25.85,51.2,4.92
42571.52542,24765.95745,25205.06533,13.61,75.2,0.072
29889.55752,15769.64657,14667.70174,17.35,61.93,4.924
32584.03042,25800.55232,9674.909964,10.35,77.4,0.088
36195.25424,23022.4924,22762.13065,9.91,85.7,0.087
33370.16949,20947.11246,16046.95477,19.06,44.06,0.083
23489.23077,16988.42975,8934.939759,17.89,87.8,0.072
22025.31646,13550.15198,14313.25301,9.51,62.4,0.081
41006.62252,23115.59252,27990.64615,21.51,77.3,4.917
43184.2623,26191.95046,24485.82996,19.01,87.2,4.914
23707.27869,14095.35604,15414.41296,17.77,67.06,0.079
33720.7947,21106.02911,16281.6,24.81,62.29,0.072
24492.20339,14753.79939,13719.79899,8.65,89.4,0.081
39591.20977,26370.85533,24809.52978,28.08,41.11,4.903
23078.23009,11761.74636,10672.76813,14.27,77.3,4.915
24443.5443,16117.93313,13301.20482,5.524,87.7,0.088
29339.41873,17442.76986,14801.45455,14.13,89.8,0.258
37737.2697,23428.51109,21764.01254,27.19,65.99,4.921
31874.43038,21045.59271,16458.79518,15.34,66.83,0.071
39139.93355,28070.88608,33529.70711,28.65,62.85,4.908
25677.87611,16061.53846,10502.14505,20.46,69.02,0.275
22765.42373,13178.1155,13858.73367,15.17,58.21,0.08
24304.84392,13373.52342,15447.27273,16.19,82.0,0.072
39482.53052,25990.7075,22787.21003,27.62,34.94,4.907
35386.49007,20020.79002,22803.69231,30.06,51.77,0.068
23790.22605,13113.23829,15429.81818,14.4,86.4,0.07
38642.39203,24835.44304,33511.6318,28.23,42.51,4.909
22156.65399,16790.42651,8280.432173,11.39,85.2,0.082
32672.68085,21032.92683,16182.58065,18.56,60.65,0.081
35856.78689,22056.96594,21757.40891,18.31,86.2,4.922
28282.17536,17977.19113,18188.84013,20.04,78.5,4.909
20781.74905,15339.67475,9732.533013,13.68,78.4,0.084
36723.03797,23963.52584,23334.93976,10.93,53.59,0.086
29130.59603,16080.24948,15330.46154,22.64,75.2,4.917
20282.55319,10920.73171,10892.90323,11.81,71.9,0.081
46550.46358,28395.842,28935.87692,23.22,47.37,0.071
29796.4557,19772.64438,14035.66265,10.9,76.1,0.082
24147.93443,14455.72755,14557.40891,18.84,63.45,0.083
38005.77137,29020.48574,29341.69279,28.7,74.8,4.903
21025.09506,15431.72752,9455.942377,8.36,90.1,0.083
42130.63291,26618.84498,25573.01205,13.34,74.6,0.085
31914.8289,25561.2151,9553.901561,16.49,60.45,0.087
22416.95364,11885.23909,11543.63077,20.44,81.7,0.068
30443.07692,26315.70248,11311.80723,22.52,52.84,0.084
34808.00861,19400.40733,19275.63636,19.82,61.19,0.085
24815.20913,19636.69837,7243.217287,8.22,86.3,4.915
26837.52212,15885.65489,14385.29111,19.24,68.06,0.15
22892.93617,12841.46341,14609.03226,10.37,89.3,0.072
34081.57377,21120.74303,17151.74089,20.57,67.76,4.923
22356.61017,13520.97264,13088.80402,7.37,59.83,0.086
28870.32186,20155.43823,22335.79937,25.65,89.3,4.912
46500.99668,30740.50633,43386.77824,25.28,60.09,4.905
22631.18644,13506.38298,13980.30151,6.573,63.64,0.084
30065.31148,19597.52322,13846.15385,18.92,75.7,4.918
23455.41442,12937.27088,15156.36364,15.52,86.4,0.073
26177.3617,16500.0,11218.06452,8.56,88.5,0.087
28710.49945,19718.26822,21306.58307,19.56,57.99,4.905
45046.64452,28484.81013,34192.46862,30.92,34.68,4.915
21758.64407,12627.35562,13887.67839,7.66,88.6,0.085
24590.05382,13905.09165,16535.27273,15.18,69.66,0.075
37263.54486,25162.6556,12196.96049,19.24,88.8,0.079
40899.82301,22617.87942,21292.58427,22.18,60.85,4.92
40154.33628,26794.17879,13402.73749,24.59,51.65,0.287
25457.31148,15778.32817,15379.4332,15.76,87.4,4.917
33104.24508,18336.09959,12272.82675,22.23,71.5,0.068
36298.98305,22201.82371,22681.08543,10.63,79.4,4.916
31447.49193,16196.33401,19083.63636,20.74,54.51,0.076
26162.36066,17282.97214,11840.64777,16.43,89.4,4.91
35090.84746,20936.17021,21870.63317,12.98,70.6,0.079
31472.23085,22181.62619,22076.9906,24.74,65.55,4.904
41899.0455,29784.58289,28053.66771,35.44,28.61,4.908
34721.2056,22160.89613,17931.63636,23.13,42.84,0.085
22460.33898,13823.70821,10524.30151,10.13,84.2,4.914
42342.0598,30026.58228,33945.43933,34.25,34.62,4.91
42620.33898,25258.35866,24655.11558,12.57,49.44,4.922
34938.21313,19143.78819,20101.81818,16.2,85.8,0.069
46165.78723,24954.87805,24752.90323,14.18,74.8,0.073
22272.24335,17799.32495,10066.7467,9.77,85.9,0.079
36800.0,29402.47934,17522.89157,19.77,69.41,0.07
36001.59468,24318.98734,30499.0795,22.91,74.8,4.911
29791.78808,19695.2183,14166.64615,21.8,79.1,0.072
29893.18535,20068.00422,19892.16301,24.49,75.5,4.909
25214.17943,15718.25726,10784.68085,18.6,80.5,4.914
32381.53846,24582.64463,13364.81928,20.44,43.1,0.087
42507.01987,26345.11435,25485.78462,20.98,86.5,0.066
46205.90164,27666.87307,26234.81781,20.28,68.55,4.917
25545.44262,14990.71207,14977.16599,18.28,70.8,0.078
19390.76923,13340.08264,7240.481928,15.48,87.3,0.074
30668.9701,20924.05063,24305.27197,24.22,87.4,4.914
39335.4939,26906.86378,26801.75549,28.63,42.85,4.907
29661.82992,16863.54379,19578.18182,14.96,69.84,0.082
37213.05216,23135.79725,21414.92163,27.13,64.09,4.926
37661.53846,30101.65289,16221.68675,15.96,72.9,0.081
34578.46154,28911.57025,14920.48193,12.4,78.5,0.072
45109.49672,29027.80083,19806.93009,24.01,54.38,0.086
30898.46154,24132.64463,11236.62651,16.22,53.12,4.917
35392.40506,20899.69605,17199.03614,17.79,63.72,4.916
43272.91139,26294.22492,25035.18072,11.95,82.3,0.076
34645.78723,20495.12195,20972.90323,13.16,53.67,0.087
19716.68461,10103.46232,11269.81818,11.48,88.2,0.081
37471.78808,23467.35967,22833.23077,20.62,88.4,0.069
41461.01695,23883.28267,25668.1809,15.05,66.66,0.082
19747.52852,15324.9463,8147.89916,9.21,85.0,0.08
24056.47059,15916.78986,16798.4953,21.49,48.95,4.902
37991.48936,23224.39024,21582.58065,16.11,68.28,0.085
44364.25532,26260.97561,25623.87097,15.57,81.2,4.91
30953.89831,18944.68085,15277.02513,14.55,62.88,0.081
34662.28635,20269.48258,16738.30721,31.41,38.28,4.928
46729.10284,28986.72199,19474.28571,20.31,89.1,0.077
37598.10549,20122.60692,23994.18182,15.35,82.8,0.073
24403.53982,14478.58628,9843.186925,21.73,90.2,0.313
27605.10638,16580.4878,11746.45161,12.43,76.4,0.083
32054.55738,20043.34365,15175.38462,23.03,69.68,4.92
34061.53846,26773.1405,19159.51807,20.3,66.94,0.069
18500.38023,13837.37343,7998.079232,12.87,70.4,0.083
32104.71475,18813.84929,18717.09091,23.1,48.45,4.924
23483.07692,16583.05785,13769.63855,13.78,82.8,0.084
49027.12542,32400.0,38682.88401,25.1,69.95,0.067
33782.27848,21756.83891,17788.91566,12.93,56.53,0.082
22892.93617,13704.87805,13970.32258,14.15,83.7,0.085
34113.5845,16636.25255,18647.27273,16.37,79.3,0.075
46928.37209,30148.10127,38199.16318,25.42,69.06,4.911
26137.18033,16398.76161,15595.1417,16.24,86.6,4.921
21270.50847,13302.12766,13424.56281,7.44,89.1,0.082
33016.70886,20739.20973,17465.06024,13.01,53.92,0.082
36364.55696,23058.96657,23635.66265,13.1,77.9,0.077
31135.47541,18312.0743,18311.90283,27.06,39.53,0.078
44430.68852,27072.44582,26333.92713,21.22,78.7,4.918
36904.77876,19889.81289,15603.18693,25.75,44.78,0.294
22496.94915,13327.65957,14918.11055,8.24,54.46,0.091
31625.78073,20946.83544,25004.1841,22.76,83.7,0.057
49570.52164,33323.75924,36299.43574,26.17,57.73,4.908
30082.12625,19678.48101,23570.20921,24.21,85.9,4.915
26054.23729,15399.3921,16637.42714,13.66,75.6,0.073
32047.65957,19752.43902,15578.70968,15.83,58.16,0.078
35882.38411,20488.56549,23412.18462,24.51,68.65,4.922
33381.23894,18303.1185,13761.63432,23.11,57.13,4.919
24881.15427,16095.45935,16497.55486,25.07,93.1,4.908
36875.48173,27474.68354,35493.89121,25.45,80.7,4.916
35203.53982,21469.02287,15809.11134,25.4,67.89,0.27
18263.11787,13185.63977,6223.289316,9.03,85.4,0.083
25491.06383,15168.29268,16734.19355,12.75,72.0,0.081
46080.0,28118.91892,28752.73846,23.91,45.57,0.069
21478.81967,13062.5387,11560.80972,18.38,83.4,4.916
27625.85551,23484.50445,12112.36495,9.7,79.0,0.084
38472.45283,24029.14467,19657.42947,25.65,84.6,4.924
35277.63934,22878.01858,17845.50607,21.47,66.7,4.918
25423.57414,20196.37926,8084.513806,4.785,86.4,0.083
47036.85246,27804.33437,26392.22672,18.37,74.5,0.068
28481.06312,20559.49367,25389.79079,24.88,85.4,4.916
30766.21444,21674.6888,12763.03951,25.96,39.41,4.918
25281.04918,14752.94118,15490.20243,18.72,87.5,0.067
29363.74468,17282.92683,13889.03226,15.15,75.7,4.916
21332.65823,13739.81763,13948.91566,9.37,84.6,0.089
32699.93541,20393.89002,16750.54545,21.79,41.84,0.073
22529.54048,18997.09544,8800.486322,18.08,65.78,0.087
39214.17722,25925.83587,24520.48193,10.97,54.72,0.086
31756.65399,24563.36299,9490.516206,19.57,44.96,0.083
31412.45902,19530.65015,17909.63563,25.01,46.28,0.072
29020.56893,19404.14938,9115.6231,17.44,87.1,4.914
26443.06346,16476.34855,12056.8997,19.96,89.2,0.276
39847.90875,34457.19546,16174.78992,14.29,51.11,0.092
33363.93443,18969.65944,18580.08097,20.03,58.19,0.072
32387.25664,21644.90644,16309.21348,26.9,60.79,0.307
31291.32743,18778.37838,13955.79162,22.87,81.2,0.276
25583.21311,15811.76471,11799.83806,15.41,87.2,0.068
26140.55494,16658.07814,14890.53292,23.0,60.79,4.923
36407.66416,19939.30754,25262.54545,15.61,72.2,0.073
44915.74468,21954.87805,25734.19355,16.2,70.8,0.081
40237.07641,27030.37975,27775.73222,34.02,30.18,4.907
41110.96346,28386.07595,30794.30962,31.19,45.46,4.92
39809.23077,33954.54545,16522.40964,14.68,78.0,0.072
24972.1519,16785.41033,16586.0241,10.31,79.2,0.076
41992.05298,26715.59252,32882.21538,25.79,61.07,4.92
23260.59574,13858.53659,14388.3871,12.04,86.6,0.087
22570.16949,13914.89362,13789.26633,14.3,64.65,0.083
43687.86885,24828.48297,26007.44939,22.01,53.01,0.082
30910.72848,19313.51351,18538.33846,16.39,77.6,0.07
38342.59136,31363.29114,26118.82845,27.3,53.69,4.904
38926.3485,26363.25238,25507.7116,29.03,48.12,4.923
41023.21865,32734.5301,38628.71473,27.75,79.1,4.903
33144.40678,20031.61094,15942.75377,9.86,86.7,4.921
37513.51831,24082.36536,26687.39812,27.31,74.7,4.921
44743.98249,24927.38589,19427.59878,23.03,59.92,4.923
42844.32787,24256.34675,25476.92308,23.45,40.49,4.921
21719.60133,12611.39241,15611.04603,22.13,80.4,4.911
33603.18937,24383.5443,29155.48117,27.25,70.4,4.912
37949.73451,23931.39293,14726.53728,26.69,43.81,0.303
39762.38298,23268.29268,23783.22581,13.57,60.31,4.926
46155.54098,27429.10217,26194.0081,19.97,76.1,4.922
22116.4557,13582.97872,14955.18072,14.98,69.8,0.076
24083.38983,14458.35866,14808.1206,13.02,57.04,0.081
36501.00656,22010.78838,12004.3769,24.58,50.42,4.978
44915.74468,22507.31707,24363.87097,18.25,70.5,4.915
37900.04376,23769.70954,17385.04559,21.82,61.06,0.104
40428.43854,30550.63291,31300.41841,32.15,35.05,4.907
34231.89873,20615.19757,16620.72289,18.24,63.42,4.918
25565.98007,17024.05063,18292.21757,24.9,60.72,4.907
23982.43272,12680.65173,16570.18182,12.58,85.7,0.079
25956.76596,14904.87805,16008.3871,10.52,87.6,0.074
31298.68676,18733.19756,19857.45455,15.43,61.66,0.081
29178.21313,17211.81263,17355.63636,25.78,37.44,4.918
26780.17699,14527.23493,12826.14913,21.56,45.55,4.921
45431.52318,27737.21414,27264.0,21.1,82.6,0.07
24658.25619,13523.82892,16232.72727,16.04,86.3,0.082
29712.54753,26430.19331,12077.79112,14.15,41.52,0.076
29551.85841,18291.89189,12979.12155,22.13,88.9,0.285
23735.38462,17988.84298,10450.12048,11.14,83.1,0.077
42516.61017,24382.97872,25315.05528,14.28,46.6,0.084
25271.12098,15874.9736,17598.99687,24.27,93.5,4.922
26302.30088,14942.61954,11914.19816,18.61,87.8,4.916
42217.62712,24623.70821,25847.63819,14.17,69.53,0.083
27878.1457,17307.69231,20298.83077,22.58,82.9,4.915
27112.27525,15817.95143,14992.85266,22.3,70.3,4.921
23089.02128,13360.97561,14225.80645,10.98,85.8,0.079
26401.57377,15856.34675,12557.73279,19.06,85.0,0.068
22953.19699,12207.73931,13218.90909,11.67,88.7,0.085
33729.04918,21187.6161,17175.06073,24.96,53.61,4.92
26136.63717,17842.82744,7601.552605,17.23,86.1,4.916
23662.37288,14688.1459,11548.94472,11.49,75.8,0.08
29228.53392,22981.74274,9570.820669,19.42,79.3,0.071
28991.36213,19139.24051,22654.39331,24.25,85.9,4.917
29284.72131,17234.67492,16662.02429,24.9,41.34,4.218
36851.74468,19671.95122,16031.6129,24.34,41.04,4.92
37455.94684,25427.8481,33174.22594,26.84,74.0,4.913
45097.96721,26544.89164,25284.53441,25.44,39.73,0.081
33046.88742,20533.47193,19755.32308,29.28,38.83,4.923
26600.50633,17376.29179,17251.08434,9.98,72.7,0.086
32054.55738,19813.0031,19343.80567,17.8,75.6,0.067
30576.42586,26360.2332,10130.13205,14.23,38.25,0.078
22915.99569,10968.63544,15051.63636,15.02,87.2,0.07
34164.95575,20780.45738,16685.76098,21.71,67.26,0.297
20664.3038,12904.55927,14266.98795,13.36,73.7,0.1
31972.88136,19433.43465,15595.41709,13.62,61.5,4.918
27192.99781,17652.6971,9197.325228,17.1,78.3,0.082
32773.95349,21994.93671,21822.92887,25.06,77.1,4.911
30287.68212,18703.5343,22975.01538,20.87,89.6,4.917
31667.74468,21625.60976,15456.77419,24.57,41.25,4.919
21992.16362,12585.33605,11345.45455,14.38,89.1,0.076
43257.34513,26225.36383,18974.46374,26.7,66.12,4.974
44597.10638,26608.53659,24903.87097,14.25,74.5,0.071
35676.61017,21931.91489,16440.60302,14.13,68.98,0.073
41649.72253,32004.64625,29341.69279,30.3,65.22,4.904
25681.02128,13434.14634,12971.6129,13.61,52.44,4.921
23495.38462,19015.28926,11022.6506,15.57,85.9,0.081
40509.05908,25117.84232,17945.28875,20.3,80.4,4.916
21138.88525,12817.33746,11088.583,14.41,91.1,0.068
37044.95575,23209.14761,14214.66803,23.98,78.1,4.924
26524.98906,16431.53527,11549.17933,19.17,79.6,4.915
18996.92308,12904.95868,6610.120482,12.02,71.8,4.918
38438.1457,23437.42204,19968.0,28.44,36.46,4.92
35957.46835,21702.12766,16933.01205,17.0,29.62,0.087
31606.77966,18167.78116,16093.26633,16.84,37.18,0.082
25920.0,13759.7561,14614.83871,15.16,60.79,4.921
23717.28814,14370.82067,14947.05528,15.32,65.52,0.08
23361.40044,16760.16598,10702.97872,15.9,83.4,4.915
34016.60377,22280.46463,19621.31661,24.89,67.66,4.912
23969.62025,14742.85714,15007.22892,16.52,63.75,4.923
28749.58425,16924.48133,12669.66565,17.78,88.5,4.916
40479.46844,28351.89873,29667.61506,28.98,58.83,4.911
28658.46154,21045.86777,11930.60241,20.29,65.72,4.922
38242.02532,24269.90881,23583.61446,10.62,80.9,0.087
26873.62126,18121.51899,21618.07531,25.25,61.12,4.903
29547.57447,19093.90244,13680.0,17.23,72.0,0.083
26545.02128,15409.7561,16124.51613,11.51,85.9,0.072
20670.76923,16244.6281,7974.939759,13.96,87.4,0.082
32955.13308,27078.24486,12429.29172,15.64,75.2,0.075
26084.05063,16030.39514,11849.63855,15.37,77.3,4.912
27918.98734,18835.25836,17829.39759,14.71,63.97,0.08
34165.82781,21304.3659,16435.2,24.84,65.53,0.069
21508.08511,12614.63415,12942.58065,10.34,66.58,0.084
34685.90164,22484.21053,16796.11336,21.94,69.54,4.925
32578.40708,17943.86694,13443.92237,23.07,75.4,4.916
44678.75135,24140.52953,28637.09091,15.0,86.7,0.077
26067.69231,21878.92562,11225.06024,12.73,74.5,0.073
43069.23588,30292.40506,40416.40167,25.65,78.2,4.914
40364.11379,33109.54357,19468.44985,21.0,71.0,0.084
23626.84385,15030.37975,14574.72803,23.1,49.46,4.914
25923.14754,15696.59443,15968.25911,18.01,88.3,0.224
22098.46154,16404.54545,10288.19277,14.64,86.6,0.074
30299.00332,20301.26582,23299.0795,20.76,72.6,4.916
25454.29787,14593.90244,12750.96774,10.5,78.0,4.919
42957.87611,24477.75468,19186.27171,26.29,35.91,4.921
42685.03311,25001.6632,26903.63077,20.65,83.8,0.066
25409.62025,15614.58967,15117.10843,3.778,78.8,0.081
39086.15716,20738.49287,26926.54545,15.85,76.0,0.081
25954.10118,13934.41955,16878.54545,14.87,87.1,0.075
25169.49153,15672.94833,11195.8191,13.03,74.6,0.084
28164.19672,17557.89474,17035.1417,17.48,86.6,4.919
34872.21239,21139.70894,15691.44025,25.62,64.72,0.261
36165.66372,22636.59044,15456.09806,25.5,42.95,0.273
36309.87342,22599.3921,17748.43373,13.9,49.85,0.078
33275.80328,22298.45201,16895.22267,23.19,58.86,0.072
31430.88608,18124.01216,15996.14458,7.16,80.9,0.085
45736.68874,27651.14345,27831.13846,21.19,62.54,4.918
35577.21854,18621.20582,23359.01538,23.56,65.79,0.054
25444.72131,15596.28483,15047.12551,16.99,86.1,4.917
47317.47508,30691.13924,42187.78243,27.42,57.72,4.914
33211.91489,20568.29268,16478.70968,12.08,62.7,0.082
31898.73418,20491.18541,14787.46988,7.84,86.3,0.09
44419.40426,26480.4878,25304.51613,14.04,64.59,0.075
32457.72152,21749.54407,16817.3494,17.75,56.13,0.082
25095.38462,21454.95868,11456.38554,12.15,54.75,0.087
32955.25424,21687.53799,16753.20603,16.27,56.09,0.08
30819.66102,17817.62918,14507.09548,13.71,74.1,0.072
27691.32743,15111.01871,13320.36772,21.4,83.7,4.919
45136.99115,25824.94802,21280.81716,26.44,33.64,4.922
31114.93671,17317.93313,16528.19277,17.29,49.71,4.916
20361.507,9491.242363,13399.27273,14.54,89.8,0.068
35768.25749,25606.75818,27794.85893,22.51,67.18,0.071
29827.22101,16961.82573,13620.91185,20.39,63.25,4.921
24082.64901,12596.2578,14444.30769,18.98,67.89,0.08
23215.20913,18314.8205,7577.430972,14.38,78.4,0.071
27116.96203,18426.74772,17436.14458,14.58,65.38,0.087
31856.45514,25308.29876,9144.802432,20.63,63.41,0.082
42882.09836,26121.36223,26421.37652,18.68,78.2,0.069
20925.72659,11522.19959,12677.81818,14.87,79.3,0.081
34057.53191,19909.7561,18110.32258,20.83,53.34,0.084
24030.899,14107.28617,11507.96238,24.47,92.0,4.918
29801.46179,19716.4557,24124.51883,23.39,89.3,4.915
23396.92308,18435.12397,7575.903614,8.62,88.6,0.081
25283.90677,17273.91763,16166.52038,24.48,52.55,4.903
32111.52053,22588.38437,21571.41066,25.98,89.0,4.91
33476.81416,18744.69854,15891.4811,24.48,68.59,0.318
24996.92308,19030.16529,12462.6506,18.53,63.78,0.07
19576.70886,12499.69605,13694.45783,14.81,72.1,0.073
22821.26582,13965.95745,14232.28916,10.15,73.4,0.079
28153.84615,23801.65289,16285.3012,19.24,73.4,0.073
40626.85905,32190.91869,24478.4953,30.19,53.42,4.906
45425.31148,26834.67492,25785.91093,20.26,74.0,4.92
31692.30769,25921.4876,13844.81928,13.33,79.0,0.079
37532.697,23778.2471,26266.0815,27.12,77.1,4.926
34871.48289,28101.87174,15074.18968,14.94,76.8,0.085
29337.00333,19687.85639,18694.42006,25.94,88.7,4.908
29950.76923,24419.00826,16343.13253,21.05,61.84,0.072
31316.81416,22273.59667,13844.00409,23.82,66.03,4.922
24902.80851,12804.87805,14765.80645,12.7,85.1,0.086
39166.77966,23777.5076,24591.43719,13.18,55.77,4.915
29438.62217,20577.18941,17623.27273,15.65,83.0,0.072
40147.77409,25313.92405,29824.26778,25.71,74.5,4.923
30871.29856,19322.91447,20644.51411,23.39,86.3,4.922
34232.65574,19478.63777,16848.583,20.47,72.7,4.922
34529.49153,20713.67781,20133.94975,15.27,56.28,0.081
27950.76923,23054.13223,12370.12048,17.39,52.72,0.077
45024.63576,26434.92723,28587.32308,20.94,84.4,0.071
32108.53392,17615.3527,12914.77204,25.74,49.85,4.921
31600.0,25910.33058,17268.43373,21.02,56.47,0.071
37002.4918,22625.387,17449.06883,17.47,70.2,0.068
44129.62025,27767.78116,26746.98795,11.45,68.08,0.089
36276.92308,29380.16529,17181.68675,19.84,67.04,0.068
34051.58235,19660.69246,20160.0,20.41,53.54,0.09
30953.62832,18763.40956,16668.11032,23.07,69.79,0.268
27640.35398,17244.07484,13596.89479,20.97,64.55,0.271
32116.92308,27423.96694,12977.3494,18.26,66.24,0.077
32742.0598,22177.21519,28372.21757,24.94,53.89,4.923
35441.31148,21117.02786,21600.0,18.94,52.6,0.081
32023.14894,20103.65854,14667.09677,21.62,57.12,0.072
27169.23077,20261.15702,13220.24096,20.74,63.88,0.074
25061.27018,14154.37882,16418.90909,12.93,69.94,0.084
36594.43709,20791.68399,18827.81538,23.64,61.02,0.07
28483.78902,16786.55804,17559.27273,14.75,89.6,0.072
32650.50328,20427.38589,14449.60486,19.44,72.0,0.102
35496.23251,19180.44807,20567.27273,16.43,84.9,0.075
23799.23954,19349.49371,10838.89556,8.75,75.1,0.083
48953.64238,26775.46778,29627.07692,23.98,46.66,4.919
30211.40684,25749.00276,9761.344538,17.03,47.5,0.086
29298.22785,19728.87538,19113.25301,8.33,84.7,0.076
34646.80301,18472.91242,18461.09091,16.14,78.6,0.071
28058.42397,17133.26294,16190.59561,24.38,90.0,4.921
30790.26911,18931.1609,20608.0,20.47,55.65,0.081
26023.72881,17018.84498,12452.0201,13.95,57.5,0.083
27880.85106,17912.19512,12443.22581,10.62,87.0,0.089
29196.3596,20204.85744,22251.53605,19.63,61.89,4.902
23403.80228,17876.64928,10452.82113,8.47,82.4,0.088
34297.89123,20007.18057,16985.07837,30.23,42.45,4.919
21814.46809,13371.95122,11055.48387,8.28,88.0,0.077
30528.0,21552.43902,15120.0,14.65,81.6,0.083
32923.14316,19975.96741,20800.0,16.31,58.09,0.085
34522.79871,20335.23422,17227.63636,19.34,49.86,0.09
34651.52542,21165.95745,16168.52261,10.38,76.5,0.076
36183.05085,21738.60182,20869.14573,14.32,65.42,0.082
22167.45763,13174.46809,13771.8995,12.4,75.0,4.915
22387.8327,17957.65572,9813.205282,12.52,48.1,0.078
30631.86885,17751.08359,17495.7085,26.42,38.33,0.081
32810.12658,20589.66565,17418.79518,13.13,49.02,0.087
30033.84284,16551.93483,19636.36364,16.25,74.3,0.081
31707.98479,26783.67597,8827.85114,11.79,64.04,0.09
39002.8884,30973.44398,17921.94529,18.94,76.8,4.919
22027.11864,13046.80851,14148.1809,11.35,66.04,4.917
44277.20311,29681.94298,30894.54545,22.54,69.75,4.91
26918.1457,15975.46778,20133.41538,25.29,66.41,4.923
39331.29568,28215.18987,33565.85774,29.93,58.82,4.906
25608.81356,15782.37082,15722.77387,13.97,62.12,0.079
22672.34043,13510.97561,14005.16129,10.32,84.9,0.073
20782.37288,12226.13982,13436.1407,13.74,70.8,0.071
32463.12986,20949.9472,22666.83386,22.94,80.2,4.908
25595.76159,16776.29938,15661.29231,19.34,75.4,0.079
24193.24004,15279.83707,15057.45455,14.63,76.3,0.079
31676.85246,21388.23529,16323.88664,26.2,29.79,0.083
44302.84464,26189.62656,19351.73252,20.0,74.7,0.083
27162.47788,15702.2869,12302.51277,20.12,72.2,0.294
26620.88496,16286.07069,13855.7712,22.4,80.1,0.254
23603.74468,13587.80488,13813.54839,12.32,73.8,0.078
23988.63294,13358.85947,16000.0,15.26,88.2,0.069
36680.17021,21460.97561,16641.29032,15.43,60.01,0.073
33828.97155,21939.83402,12704.68085,22.11,72.0,4.923
38158.42451,23153.52697,12728.02432,27.31,43.08,4.925
35738.46827,23377.59336,12523.769,20.85,83.9,0.064
31820.33898,19378.7234,15624.36181,13.71,59.43,4.922
22126.21444,12891.28631,8462.006079,16.88,90.2,4.911
24601.51899,15443.16109,14960.96386,7.62,85.4,0.084
30125.30973,19219.95842,12679.06027,21.22,63.35,4.923
23021.77215,15034.65046,15383.13253,8.26,79.9,0.087
36343.72624,31345.8116,16877.79112,8.8,65.49,0.082
28857.34513,17925.15593,10013.81001,19.67,89.1,4.909
29611.89789,19953.95987,19874.10658,20.61,74.4,0.072
24991.89369,16048.10127,18213.89121,21.66,54.56,4.92
24474.52471,20292.11415,10694.83794,11.26,84.8,0.082
22510.76923,16575.61983,10282.40964,14.97,87.6,0.073
23495.6962,17668.08511,13110.36145,8.69,86.7,0.079
31698.22785,18065.6535,17534.45783,18.5,50.74,0.083
47094.21927,30060.75949,41187.61506,26.02,85.3,4.917
23709.62325,11221.58859,12997.81818,14.59,90.9,0.073
46921.06195,28253.63825,23763.67722,23.95,75.9,0.258
26646.37168,14530.97713,12937.93667,20.73,72.0,4.918
21244.10646,16864.06873,8925.810324,12.32,86.6,0.085
22505.31646,12401.21581,12138.79518,11.81,68.38,4.916
37465.20788,22182.57261,11164.01216,21.12,92.2,0.082
46591.43174,27119.74657,22173.29154,24.29,61.42,4.922
34327.14894,21567.07317,16716.77419,14.4,77.4,0.074
25394.36066,15258.20433,14913.03644,18.65,84.6,4.918
25687.14894,15150.0,12048.3871,11.63,60.73,0.086
31193.84615,25750.41322,10311.3253,15.12,44.74,4.92
27427.40426,16152.43902,16461.29032,11.42,83.5,0.082
36133.77049,21733.74613,19437.08502,20.64,69.06,4.924
30072.18646,21033.57973,22931.66144,22.84,59.92,4.901
35723.07692,30071.90083,15678.07229,10.67,70.6,4.919
35767.94702,22674.01247,18591.50769,21.78,79.6,0.067
24813.26157,13281.87373,15610.18182,14.7,80.5,0.081
24443.38983,14936.17021,14148.1809,14.36,62.45,0.081
25495.08197,14459.44272,15880.80972,17.38,90.4,0.069
31661.77215,21093.00912,15822.6506,17.96,50.78,0.081
31425.13274,21446.56965,13649.84678,23.89,65.8,4.924
30845.90164,22276.16099,16982.67206,27.78,30.79,0.074
32724.73628,18619.55193,18077.09091,17.06,80.6,0.076
23075.28517,18675.66738,10925.33013,8.63,81.4,0.082
38760.13319,27632.94615,29305.57994,28.25,65.62,4.905
38765.11475,24256.34675,24031.09312,19.61,84.2,0.069
25390.63457,14672.61411,11607.53799,16.99,90.3,4.913
40741.61464,20401.222,26368.0,18.74,63.53,0.084
30276.76596,18918.29268,18493.54839,13.61,84.5,0.089
38233.84615,31395.86777,21883.37349,17.65,74.9,0.074
36045.63934,23245.82043,18556.76113,27.36,36.64,4.92
38649.97812,22417.84232,12284.49848,22.58,83.7,0.098
37691.96013,26513.92405,29083.17992,39.6,14.31,0.072
38485.1711,33054.31114,16485.95438,13.79,82.4,0.079
28111.85841,15926.81913,14249.96936,27.96,44.61,4.924
33622.32558,22556.96203,30324.35146,29.95,31.58,4.908
24781.39535,16139.24051,15141.08787,22.38,71.5,4.917
28850.86093,17947.60915,17622.64615,17.74,67.02,0.08
24366.84607,13307.53564,16081.45455,14.83,87.3,0.073
32030.31216,16966.19145,17623.27273,16.09,83.2,0.073
34183.65449,24824.05063,27137.07113,24.89,60.23,4.908
36225.69536,20821.62162,18006.64615,23.4,64.96,0.071
33542.80851,21021.95122,16374.19355,22.82,52.22,0.073
32644.0678,20965.34954,16411.65829,12.49,85.1,4.919
31385.55133,22663.39368,9450.180072,12.41,67.17,0.092
28226.54867,17034.51143,13667.49745,20.97,54.18,0.289
39233.89831,22635.86626,25083.49749,8.99,51.29,0.086
24727.08197,15436.53251,13560.48583,20.33,56.22,0.08
21496.01751,14866.80498,8321.945289,15.11,87.2,4.917
27892.51641,16420.33195,12541.2766,24.6,41.35,4.921
26451.93443,15087.3065,16090.68826,17.29,90.2,0.073
27015.9292,15552.59875,12849.68335,18.65,89.3,4.916
29316.92308,20380.16529,11514.21687,17.17,73.1,4.918
39656.57696,22171.89409,26053.81818,17.4,71.8,0.082
42635.48173,29350.63291,39837.99163,31.46,39.71,0.07
27068.85246,18665.01548,12242.91498,14.99,68.87,4.921
41498.73418,24802.43161,25324.33735,13.33,70.7,4.919
35165.30973,20990.02079,14438.24311,23.81,61.49,4.918
42378.4918,26136.22291,24689.87854,21.64,67.44,4.927
39866.1597,33776.00491,15777.19088,14.76,79.7,0.087
32613.1324,18931.1609,18589.09091,24.45,40.61,4.922
26488.21293,21753.91224,10712.12485,17.05,56.17,0.087
37558.26859,26291.02429,29811.15987,24.87,88.6,4.917
45711.25828,27898.1289,27712.98462,21.41,83.0,0.066
40641.04918,24613.0031,23710.44534,19.01,86.5,4.919
34443.07692,27632.2314,15944.09639,15.67,67.71,0.079
35043.61679,20921.79226,19298.90909,15.99,82.6,0.071
32758.46809,20389.02439,14249.03226,16.71,73.7,0.086
24900.06459,14029.73523,16058.18182,14.85,85.1,0.074
40313.62832,22868.60707,21910.35751,24.33,52.42,4.929
43813.77049,26351.70279,25541.05263,18.11,56.86,0.08
35246.91466,28856.0166,15505.89666,17.24,64.84,0.085
22816.24861,15042.44984,11261.19122,24.07,93.0,4.924
43834.57627,25907.59878,25824.48241,13.64,72.1,0.083
23027.69231,19149.17355,7338.795181,16.23,67.02,4.918
50893.85128,34163.88596,38400.0,25.06,58.75,0.074
38941.53846,32318.18182,17430.36145,20.83,67.87,0.074
29384.03042,23620.74256,10228.09124,9.75,79.5,0.089
24949.66631,14088.39104,16546.90909,14.77,85.4,0.068
21183.26996,16665.23473,9012.244898,9.45,89.4,0.082
46016.42384,26767.98337,32391.87692,21.81,85.4,4.918
30216.07973,19788.60759,24016.06695,23.8,54.93,4.918
35064.61538,28930.16529,15626.0241,16.77,62.41,0.084
21073.76426,17585.7625,7877.070828,12.5,78.2,4.918
39123.95437,33437.25069,16001.92077,16.24,75.7,0.069
27587.69231,24076.8595,10565.78313,10.38,90.3,0.081
34677.80409,20342.56619,18816.0,13.59,87.3,0.068
36594.81728,24846.83544,31927.02929,26.9,73.3,4.916
43763.40984,26678.63777,27208.42105,21.48,77.2,4.919
24951.47614,17076.24076,12531.15987,23.95,93.3,4.927
38801.22538,31694.19087,17180.79027,19.33,86.6,0.073
37219.44506,27089.33474,30112.10031,25.91,88.2,4.911
32573.16456,20684.49848,17256.86747,14.71,62.47,0.078
33864.61538,28000.41322,14660.24096,10.23,72.4,4.925
28118.63118,22773.85701,12279.47179,15.55,71.3,0.085
33490.63291,20753.79939,16175.42169,16.42,74.1,0.071
25569.23077,17996.28099,8506.987952,14.86,60.39,4.924
36299.46903,22662.78586,12849.68335,22.72,74.0,4.916
25575.6654,21157.41025,11000.2401,8.96,81.0,0.086
44996.06127,26671.36929,19503.46505,25.02,60.42,4.924
24144.40678,14451.06383,13881.88945,11.26,66.48,4.918
24772.88136,14480.24316,15415.9598,11.88,68.18,4.919
35044.78405,24140.50633,26474.30962,27.45,37.32,4.915
23710.76923,17702.47934,11201.92771,16.29,75.9,0.066
33658.81838,21898.75519,11741.76292,23.92,54.49,0.082
28819.11504,17419.95842,14026.39428,21.87,67.02,0.281
27243.57447,16141.46341,16281.29032,12.8,77.3,0.075
23407.65957,13529.26829,13761.29032,9.83,87.9,0.07
24464.24508,19265.9751,12500.42553,17.85,71.8,0.073
31838.64407,19072.34043,15965.90955,12.29,65.58,4.913
35440.43057,19400.40733,19514.18182,15.99,79.7,0.069
23728.90365,15763.29114,14604.85356,22.61,68.67,4.924
37550.29787,19481.70732,16385.80645,22.17,56.91,0.085
32595.93443,21391.95046,16090.68826,21.18,71.3,0.067
40968.39344,24891.64087,24340.08097,19.02,86.3,0.065
35434.23036,20613.84929,18536.72727,16.61,84.8,0.074
29225.31646,18091.18541,13110.36145,9.45,76.0,0.083
21557.46835,13878.41945,14122.40964,9.47,84.4,0.086
28236.25532,16818.29268,14400.0,11.98,74.6,4.921
41796.61017,23883.28267,25980.78392,10.34,53.67,0.081
35081.3245,21540.12474,21415.38462,19.7,84.8,0.065
21579.54098,13515.78947,10744.61538,19.19,89.2,4.922
31878.327,25778.45965,10084.03361,17.55,50.04,0.075
35509.38053,23508.52391,15579.65271,24.88,72.7,0.327
46842.91391,26217.87942,27848.86154,22.71,75.9,0.073
24430.56478,16017.72152,16828.11715,21.07,79.4,4.905
38813.16456,25163.52584,23664.57831,15.9,58.32,0.077
37517.87072,32023.32004,14947.41897,16.59,70.0,0.074
34757.52212,19440.74844,15891.4811,25.58,61.22,0.303
37342.42623,20949.8452,23220.72874,19.79,57.82,0.07
26612.98013,17027.02703,16783.75385,20.74,85.8,0.066
24692.65823,15592.70517,11479.51807,10.85,77.8,0.076
40740.99668,22951.89873,28167.36402,28.13,64.53,4.911
35284.76821,22067.77547,17516.30769,23.69,60.65,0.069
28296.63717,15762.16216,15544.35138,26.28,43.35,4.963
30914.43038,19809.11854,20686.26506,13.7,78.5,0.084
38297.9402,25241.77215,30631.6318,24.29,84.1,4.918
21642.4918,13957.89474,10779.59514,18.55,81.6,4.912
41896.68874,23841.58004,23955.69231,20.24,85.4,0.067
34988.93617,20034.14634,17169.67742,11.86,85.8,0.087
31575.38462,26509.09091,8321.927711,15.73,72.1,0.072
27757.35099,15552.59875,12914.21538,21.07,77.0,0.078
32774.338,15048.87984,17739.63636,16.41,77.9,0.07
25444.72131,15469.96904,15169.55466,14.84,71.6,0.073
25132.25383,15897.51037,8170.212766,15.19,84.9,0.096
44332.22591,29301.26582,34433.4728,23.37,62.76,4.908
32997.54575,18219.95927,18548.36364,15.84,86.5,0.078
25775.0547,17861.82573,8794.650456,17.08,89.8,4.92
42948.03987,28818.98734,37771.38075,30.5,25.11,4.914
26694.91525,16085.10638,17442.09045,8.22,50.45,0.089
36284.85246,23060.06192,16889.39271,18.33,78.0,0.08
44554.92341,27907.46888,18768.1459,21.16,78.0,4.917
43938.37958,30670.32735,33843.76176,23.01,61.32,4.911
34242.11921,18411.64241,20623.75385,20.32,59.75,0.08
29986.44518,20156.96203,25600.66946,23.46,57.65,4.908
24205.64047,13637.47454,15650.90909,13.37,76.3,0.084
33587.8481,20819.45289,16620.72289,15.81,68.32,0.073
24199.56236,19097.92531,11181.51976,13.06,87.3,4.909
36136.88213,31758.20804,15419.92797,10.83,74.4,0.079
40777.74834,24848.23285,24729.6,20.07,73.1,0.083
31100.27987,15510.7943,18856.72727,15.78,82.1,0.074
40609.89059,23915.3527,18079.51368,21.03,76.5,4.917
23720.17021,13503.65854,13349.03226,11.49,78.8,0.085
31932.51942,22493.34741,25610.03135,26.17,84.7,4.909
32029.66887,20881.49688,17285.90769,22.12,50.88,0.081
34878.93688,22105.06329,22997.82427,30.28,27.11,4.916
30523.07692,26152.06612,11207.71084,22.84,50.13,0.084
43272.39344,24453.25077,25803.40081,23.02,41.59,4.918
24317.24435,13784.11405,11636.36364,14.12,89.7,0.079
25192.91803,16283.59133,11782.34818,18.86,78.8,4.916
24180.83961,13696.13035,15936.0,15.07,71.8,0.072
27329.63374,17980.99261,20132.91536,24.16,93.0,4.92
40806.15385,34895.45455,17511.3253,15.61,73.0,0.072
31324.59574,18347.56098,16850.32258,26.37,36.14,0.082
36320.86114,20368.22811,19147.63636,14.58,72.4,0.072
45009.83607,26975.85139,26089.06883,21.28,62.12,0.082
30752.85171,24324.02577,8729.891957,16.18,65.95,0.079
35882.38411,21237.00624,20588.30769,24.89,62.94,0.069
31912.50807,18876.17108,15901.09091,15.16,84.3,0.071
36544.06889,21775.96741,18885.81818,15.89,86.3,0.071
31056.95364,19665.28067,19111.38462,27.91,46.9,4.925
34493.16456,20728.26748,16690.12048,18.22,63.25,4.917
25011.66846,15316.49695,15057.45455,16.23,75.0,4.92
44430.63263,26815.6283,24809.52978,24.82,89.1,4.913
35702.27848,22220.06079,15215.42169,17.04,74.1,0.076
33113.84615,22592.97521,10213.01205,13.65,65.83,4.921
44439.7351,26584.61538,27949.29231,21.04,81.6,0.069
36420.53097,20806.65281,19821.69561,20.84,77.2,0.278
37140.98361,22751.70279,21739.91903,17.7,88.2,4.918
23672.42196,13967.41344,12765.09091,15.13,66.39,0.075
42109.7593,28747.71784,19375.07599,25.52,55.72,4.922
39254.75083,28568.35443,27510.62762,34.81,25.68,4.909
27892.51641,22331.95021,13486.68693,20.72,68.3,0.082
38081.72228,21006.10998,25163.63636,15.72,83.6,0.077
26880.0,16614.24149,16259.75709,18.78,87.8,0.07
26390.87452,20579.31881,8879.711885,18.4,62.4,0.082
20712.91139,13736.17021,13931.56627,9.74,82.8,0.081
41069.93435,33482.98755,17490.09119,20.54,78.4,0.068
33545.31646,21253.49544,16672.77108,13.11,48.93,0.082
33820.88496,20990.02079,15744.39224,25.4,68.89,0.264
31606.77966,20954.40729,16857.40704,11.81,86.3,4.916
31422.05323,23871.12611,8752.941176,15.81,64.56,0.083
24991.63498,20837.06658,11109.72389,12.99,52.77,0.077
34445.62738,29788.27861,14163.7455,13.48,70.2,0.082
23113.22034,14538.60182,14287.11558,7.26,89.2,0.085
39862.25166,22823.70062,22023.87692,24.9,65.78,0.067
27564.814,19400.41494,11677.56839,16.86,77.5,0.085
32872.91803,20295.97523,16277.24696,21.41,70.6,0.068
32905.53191,17875.60976,16757.41935,12.56,77.3,0.083
47502.45847,31735.44304,43314.47699,35.08,19.04,4.911
38408.52386,24428.29989,21529.279,27.06,64.92,4.924
39650.23256,27296.20253,33174.22594,29.11,48.56,4.911
34603.40151,20962.11813,18368.0,20.25,62.8,0.082
43736.94915,25995.13678,25477.14573,15.46,57.01,0.081
34131.06383,19884.14634,17645.80645,18.98,59.95,0.086
27066.90265,15904.3659,13608.6619,18.66,88.2,0.301
43389.15254,26370.82067,25390.31156,11.62,79.4,0.075
20848.6692,16396.44063,8764.465786,16.51,66.92,0.081
23155.9322,13535.56231,14709.70854,12.21,77.8,4.915
24473.92405,14928.87538,11340.72289,11.83,49.65,0.083
25885.37705,15949.22601,15507.69231,18.81,84.1,4.916
36258.85899,21292.05703,18036.36364,20.97,43.12,0.085
38031.25828,22120.16632,28002.46154,21.26,88.8,4.913
26971.32743,16117.67152,10307.98774,20.32,69.72,0.277
33164.60177,22079.00208,16656.34321,26.17,66.06,0.322
22209.04918,12445.82043,10948.66397,18.61,85.4,0.068
22146.83544,13010.33435,13908.43373,17.41,48.3,0.084
31335.9292,19268.60707,17115.26047,21.47,87.1,0.36
20653.9924,15693.15741,9288.835534,14.18,49.97,0.082
42048.63787,28462.02532,37186.94561,30.13,26.31,4.903
27433.22034,17401.82371,12845.66834,5.801,90.2,4.922
35701.79402,23111.39241,25046.35983,26.54,70.9,4.919
32413.68821,25793.18809,9726.770708,17.95,56.88,0.075
22420.25316,13535.56231,14324.81928,10.15,74.1,0.086
22363.07692,17140.90909,9605.783133,9.82,87.5,0.081
33663.05085,18951.97568,18235.17588,12.85,85.7,0.073
30555.94937,19116.10942,14301.68675,9.92,80.9,0.09
43077.44681,26180.4878,25223.22581,13.84,72.1,0.084
28296.07973,17312.65823,21883.17992,23.08,78.6,4.914
39010.33113,24137.21414,23872.98462,23.71,47.57,0.08
31061.9469,17614.55301,15920.89888,26.85,36.01,4.926
32360.17021,20546.34146,15851.6129,21.29,58.91,0.082
39731.8535,28400.84477,31063.0721,26.22,85.7,4.907
25214.30464,14037.00624,17528.12308,20.33,89.1,4.916
26257.03422,22044.79902,11576.47059,8.8,81.6,0.085
33691.13924,20498.48024,16348.91566,17.51,75.5,4.915
30998.23009,17498.5447,15756.15935,26.72,41.28,4.93
30594.67681,26308.68365,9415.606242,21.01,26.64,0.088
49455.4495,32194.72017,35342.44514,25.28,55.75,4.902
36676.92308,30585.12397,17066.0241,20.14,68.58,0.071
39442.64901,22958.41996,24286.52308,18.95,58.36,0.082
31837.97468,20057.14286,15290.60241,10.08,79.7,0.092
35111.81916,18887.16904,21009.45455,17.39,78.3,0.075
35510.26616,29394.29273,15103.0012,11.55,81.8,0.081
33873.70213,21032.92683,16629.67742,17.78,61.82,0.074
26970.93649,15118.5336,17728.0,14.51,71.2,0.081
42813.22974,30544.87856,33127.52351,28.92,28.61,4.908
32660.42553,20246.34146,16676.12903,16.65,68.16,0.073
26997.20311,16874.76241,15004.89028,22.22,84.9,4.915
37276.98113,21999.15523,17502.69592,28.09,70.3,4.928
23568.06084,19331.08315,7145.258103,12.5,74.2,0.085
36596.92308,29789.2562,17251.08434,19.75,74.3,0.07
30602.36324,18534.0249,11105.6535,16.51,78.4,0.087
29838.68852,18297.21362,17262.51012,17.97,86.3,4.922
33265.39924,27538.50875,13385.83433,16.58,58.04,0.084
33078.14855,19554.37882,18222.54545,13.67,86.8,0.07
28655.21311,18902.78638,12866.72065,18.95,85.0,4.91
31732.31939,24920.52777,9225.45018,12.88,76.8,0.082
34839.49367,21198.78419,16267.95181,18.26,40.73,0.088
24478.44995,13615.47862,16145.45455,13.69,84.7,4.923
33778.01325,22243.65904,22313.35385,27.47,55.0,4.923
21956.92308,17278.5124,8304.578313,13.59,86.9,0.079
36218.73418,22603.03951,22733.49398,13.15,86.4,0.085
21661.53846,15002.47934,10640.96386,12.03,83.3,0.078
36687.7377,23230.95975,18125.34413,21.22,67.43,4.927
26953.52298,16289.62656,8853.009119,18.53,64.32,4.923
47700.19934,31158.22785,47278.99582,28.02,43.18,4.906
31106.48009,16170.6721,18496.0,14.26,89.5,0.07
37781.69492,23226.74772,17743.11558,12.14,83.2,0.077
33498.77913,26838.43717,23744.20063,27.03,59.42,4.903
23562.53165,14115.50152,14932.04819,9.29,81.2,0.09
28768.03552,17319.53537,14475.23511,23.76,63.42,4.919
25316.02649,15997.921,12181.66154,20.75,89.0,0.066
45939.82301,27916.83992,20104.10623,21.17,73.2,4.923
41604.23841,25469.43867,25473.96923,18.11,74.3,0.074
24047.21311,15209.90712,10948.66397,18.12,88.6,4.918
35227.27869,21845.20124,17361.61943,18.8,81.0,0.069
21302.55738,13211.14551,10703.80567,17.75,79.1,0.067
35144.61538,29644.21488,18407.71084,20.11,80.0,0.067
29843.38983,16150.75988,13974.51256,15.54,57.61,0.08
30454.75285,23918.99356,9357.983193,14.15,72.3,0.086
30252.30769,24642.14876,11745.54217,20.74,61.67,0.073
35865.76271,21089.3617,17170.01005,13.56,51.32,4.922
28301.35405,17631.2566,16942.94671,19.58,80.7,4.909
40211.56146,21565.82278,25052.38494,30.23,51.7,4.92
22734.83444,14736.79834,11100.55385,20.41,86.4,0.076
33040.34043,17992.68293,16751.6129,12.96,75.7,0.078
29827.69231,21733.8843,9871.807229,17.51,49.23,0.084
32718.98734,19641.33739,18066.50602,18.08,62.12,0.091
36192.21007,23448.54772,12634.65046,23.04,64.33,4.919
25081.51899,16183.58663,12219.75904,13.24,47.35,0.083
31087.61488,24173.02905,9926.808511,20.04,74.3,0.07
43128.69752,21995.92668,28375.27273,16.47,80.0,0.074
33498.77913,26682.57656,28787.96238,26.8,77.3,4.906
26008.22757,15946.05809,8893.860182,19.08,59.46,4.922
24694.46809,14685.36585,15218.70968,10.63,78.4,0.07
35831.60656,23242.10526,16761.1336,18.18,79.6,0.082
25277.88079,15163.40956,18284.30769,21.6,72.4,4.919
42317.72429,27436.92946,18190.39514,20.56,87.2,0.071
36876.25532,25609.7561,23278.06452,11.23,83.0,0.074
39003.06326,26853.64308,30545.45455,25.72,40.22,4.909
43918.4106,27707.27651,32805.41538,23.88,58.87,4.92
24326.80851,14367.07317,14347.74194,10.79,83.5,0.072
30081.35593,17026.13982,12955.65829,14.43,63.27,0.081
33332.65823,14804.86322,16811.56627,13.8,57.26,0.086
33062.65487,20836.59044,15426.68029,25.25,70.2,0.246
31943.48936,19017.07317,19869.67742,15.93,85.3,4.909
25434.74836,16599.58506,11064.80243,17.46,89.7,4.937
25616.20253,16066.8693,15967.22892,10.4,72.9,0.085
28998.1798,18669.06019,19236.11285,20.68,77.4,4.913
41643.57447,24190.2439,25292.90323,13.75,58.44,0.077
32366.29787,19917.07317,15781.93548,16.88,64.91,0.084
29995.23179,18838.25364,18579.69231,26.52,57.67,4.922
32973.55932,20571.42857,16139.57789,14.24,66.34,4.919
22509.15254,13590.27356,13777.68844,14.41,63.85,0.08
31677.56654,26080.39276,10141.65666,16.88,56.92,0.076
22252.88136,13181.76292,13951.35678,12.19,77.1,4.914
33171.15178,18494.90835,18466.90909,21.66,34.47,0.085
28702.37288,17671.73252,17442.09045,13.14,56.38,0.081
37360.26578,24998.73418,27715.48117,29.07,50.76,4.91
37698.38074,23448.54772,16328.7538,19.66,69.26,0.09
22905.76271,13608.51064,14356.58291,14.93,57.34,0.082
48918.44617,35490.6019,39916.73981,29.91,65.59,4.904
32067.69231,25482.64463,18783.61446,21.06,61.87,0.069
48223.25581,32107.59494,43585.60669,24.33,69.76,4.91
22487.08861,14327.05167,14492.53012,10.39,82.2,0.086
31757.50269,18403.25866,18874.18182,19.2,70.3,0.075
27867.30853,17432.36515,12167.78116,18.69,86.3,0.166
49294.88372,31560.75949,42223.93305,30.91,35.15,4.924
32067.69231,26059.09091,14880.0,15.5,66.61,0.081
34241.3617,20301.21951,16832.90323,21.68,55.63,4.918
43618.73474,34559.2397,37828.21317,28.28,76.4,4.905
33996.25532,21051.21951,15944.51613,13.63,85.0,0.071
27589.38053,16798.7526,13314.48417,21.9,70.1,0.277
38811.27636,28803.80148,28264.32602,30.21,45.45,4.904
26363.31539,14784.92872,17233.45455,12.51,71.9,0.084
26474.5733,18067.21992,11239.87842,19.71,70.9,4.916
23616.0,11890.2439,14835.48387,15.02,77.4,4.911
32066.77026,20109.82049,21679.74922,23.08,88.3,4.92
30860.33223,20783.5443,25269.2887,24.94,38.98,4.915
24032.68085,13993.90244,14910.96774,11.63,90.7,0.079
20489.73384,16878.79718,9346.458583,14.56,61.05,0.083
32669.20152,28138.69285,12872.9892,16.29,63.75,0.087
33867.54098,20344.27245,16778.62348,20.53,74.0,4.924
33547.11864,19181.76292,17575.23618,12.1,49.81,0.084
33492.38624,20467.15945,19555.10972,24.39,91.0,4.916
33169.02128,22884.14634,16188.3871,23.54,35.38,4.917
44786.54867,25686.48649,22422.22676,23.1,78.3,0.272
30661.59696,26617.98098,10199.27971,14.47,38.52,0.079
30313.22034,17719.14894,16226.41206,13.9,70.4,0.076
40025.92675,27218.58501,32838.62069,25.87,82.5,4.923
39631.09635,26908.86076,27347.94979,32.21,24.35,4.916
42602.0339,24849.84802,25980.78392,12.76,85.3,0.068
31658.29925,19818.32994,21550.54545,20.61,55.71,0.079
41793.48837,31112.65823,32360.83682,33.11,33.08,4.906
23180.93617,14590.2439,10614.19355,7.21,87.9,0.087
23040.0,13741.46341,13854.19355,12.11,90.1,0.082
29202.7525,19733.47413,20150.97179,20.41,75.8,0.068
45298.5558,29169.70954,19859.45289,23.94,54.58,0.087
32278.93805,19747.60915,17556.52707,20.78,82.0,0.271
22228.47458,13681.45897,12984.60302,10.16,60.38,4.922
40364.65116,28055.6962,32788.61925,28.79,50.63,4.907
23872.24335,19216.93771,9749.819928,12.96,57.98,0.09
23138.04255,13232.92683,14580.0,9.85,85.3,0.089
29686.64452,19898.73418,24437.82427,23.95,47.52,4.91
45097.96721,27024.14861,27220.08097,21.28,78.1,0.071
22978.98305,14071.73252,13910.83417,14.11,66.32,0.08
35894.55738,22183.28173,21075.30364,17.61,89.2,4.923
23997.9661,14637.08207,14958.63317,13.94,65.77,0.077
34988.32408,21523.97043,16702.19436,24.68,92.4,4.917
32871.07221,25663.07054,15494.22492,18.66,75.9,4.919
21636.92308,15445.04132,10629.39759,12.08,86.5,4.919
34459.16849,25565.9751,12412.88754,23.66,63.21,4.928
34019.24051,21220.66869,16464.57831,16.92,58.58,0.077
31144.3326,20442.32365,10142.73556,19.05,92.9,0.075
31844.30571,16493.27902,18496.0,21.07,57.53,0.085
26473.11258,16675.25988,13664.49231,21.13,67.68,4.921
31177.53191,18508.53659,15886.45161,14.25,77.1,0.087
19011.14754,11126.93498,10779.59514,19.13,58.77,0.08
34923.18584,20772.97297,13608.6619,31.37,18.47,4.921
32167.86885,21380.80495,15146.23482,19.51,80.3,4.921
26618.47176,17491.13924,17249.87448,20.18,69.47,4.912
23374.81163,12387.37271,14429.09091,11.71,75.8,0.084
37573.50993,23632.01663,23536.24615,20.6,70.8,0.079
25883.23404,15563.41463,15863.22581,12.6,71.8,0.079
44556.59016,26790.09288,25920.0,18.79,84.8,4.922
32377.52422,19349.0835,17152.0,18.5,70.1,0.072
42322.66954,21589.00204,28369.45455,16.94,69.92,0.088
23169.23077,17289.66942,10750.84337,15.28,85.6,0.071
47175.9292,32340.12474,16885.80184,21.18,77.3,4.922
32693.09735,22408.31601,12743.77937,21.76,93.1,4.916
27974.44201,15792.94606,13848.51064,15.59,66.66,4.917
32562.38298,19880.4878,19637.41935,11.36,86.1,0.082
30188.84822,17380.44807,21015.27273,13.84,85.2,0.082
34859.80066,23851.89873,31571.54812,25.08,50.95,4.916
24292.01521,18377.41639,7571.668667,8.67,86.9,0.084
28040.93023,18318.98734,20654.05858,24.07,85.9,4.918
21189.35361,16801.47284,9536.614646,9.41,85.7,0.082
29858.87043,19218.98734,23208.70293,23.01,83.3,0.06
29706.89362,17593.90244,13987.74194,9.9,86.1,0.084
42989.73451,25750.10395,20027.62002,23.63,55.49,0.315
37907.8481,23985.41033,19194.21687,14.06,50.38,0.08
37556.45902,22053.25077,17588.98785,21.0,68.3,4.925
36543.57616,23111.85031,18798.27692,24.88,50.38,0.068
31123.95437,25796.87021,9732.533013,14.3,44.09,0.08
36044.60177,22352.18295,16091.52196,26.04,67.16,0.259
21272.93864,12204.07332,11403.63636,15.13,87.8,0.069
35705.70492,20035.91331,19786.88259,26.85,52.44,0.067
21507.69231,16966.1157,9761.927711,5.888,85.6,4.914
46258.01325,28811.22661,29745.23077,22.79,71.1,0.067
33245.55436,19525.05092,18251.63636,14.32,80.1,0.073
23211.57447,13646.34146,14475.48387,9.27,68.45,0.082
31434.22053,26629.02731,11830.012,16.69,65.61,0.074
36593.67061,16933.19756,19141.81818,16.46,81.1,0.073
33705.76271,19969.60486,16087.47739,11.07,52.62,0.084
24829.7593,18840.24896,11595.86626,16.52,81.9,4.914
26095.80466,17349.9472,15654.92163,24.11,89.3,4.911
37998.47909,33094.81436,16768.30732,11.66,55.54,0.077
26180.66225,16716.42412,16098.46154,17.63,62.94,4.919
26346.90265,14418.71102,12708.47804,21.6,84.1,4.92
43108.72131,25084.82972,25634.33198,19.56,84.2,0.071
39867.10963,26829.11392,28878.32636,31.89,40.39,4.929
42843.97351,26779.20998,32267.81538,22.46,65.24,4.924
41723.32226,27763.29114,28125.18828,34.03,33.18,4.906
30662.80851,15570.73171,16211.6129,19.99,55.21,0.082
44770.62295,27388.23529,25797.57085,17.51,70.8,4.925
36746.78337,23060.16598,16550.51672,19.74,81.0,4.916
28716.89234,19311.51003,18664.32602,21.04,52.16,4.903
37673.34073,24253.43189,26934.16928,27.48,74.0,4.927
36284.85246,21978.94737,18585.91093,28.65,34.87,0.085
22335.31915,13778.04878,13790.32258,12.87,85.9,0.09
35210.12658,14575.07599,16603.37349,13.57,60.13,0.087
24777.72152,15370.21277,15614.45783,8.09,77.2,0.083
23684.05063,14819.45289,15562.40964,13.21,64.47,0.081
33421.98675,21802.079,24369.23077,27.73,44.7,4.918
45021.12957,30843.03797,35138.41004,25.11,70.7,4.905
23622.82024,12614.66395,15546.18182,16.19,85.9,0.068
40332.78579,28032.10137,27626.33229,29.33,60.79,4.905
25014.68354,15465.04559,14521.44578,6.475,82.4,0.091
34706.71096,24049.36709,24136.56904,35.22,32.88,0.069
21850.16949,12992.09726,14032.40201,10.23,49.98,0.093
37212.30769,31012.80992,21744.57831,16.51,80.0,0.071
26894.29787,16434.14634,16542.58065,13.92,85.4,4.914
41820.75949,25243.769,25607.71084,12.46,69.96,4.923
24889.83389,17981.01266,18195.8159,23.92,81.9,4.914
35780.66225,22606.65281,18302.03077,22.6,78.9,0.069
30276.92308,23150.82645,16198.55422,13.62,73.2,0.086
37669.38053,23923.90852,14891.27681,26.68,38.28,0.272
27476.67037,19505.38543,21017.68025,26.04,86.1,4.912
38120.50633,24339.20973,24115.66265,12.79,67.21,0.082
25495.08197,15239.62848,15140.40486,15.85,77.2,4.915
31979.01639,18323.21981,17676.43725,20.76,61.53,0.072
33512.16362,19913.64562,17757.09091,20.93,60.19,0.082
34038.6755,22928.48233,16382.03077,23.31,58.28,0.072
33455.59322,20746.50456,19508.74372,13.83,69.72,0.074
23765.42519,13802.44399,11723.63636,14.4,81.0,0.085
36384.31894,25439.24051,29095.23013,30.81,52.45,4.91
24631.89873,15078.41945,15475.66265,14.94,85.2,0.083
35164.98906,24834.0249,13580.06079,23.59,65.7,0.078
40562.12389,22988.35759,22075.09704,23.69,54.98,4.919
22180.98859,17103.40595,9790.156062,16.43,76.5,0.079
39087.45763,23704.55927,19149.82915,14.37,69.69,0.074
21698.46154,16720.66116,10473.25301,19.23,69.48,0.074
27922.64901,21779.62578,15135.50769,22.76,77.0,0.066
32166.15385,23526.44628,11878.55422,20.59,72.6,0.068
28018.77287,14480.65173,19345.45455,13.99,86.8,0.07
22217.49049,18933.41516,10003.36134,11.39,49.03,0.079
42632.54237,24973.86018,25095.07538,13.62,74.8,0.071
27402.89362,17151.21951,11996.12903,12.43,84.9,0.077
33474.96233,19931.97556,17256.72727,18.22,76.8,0.087
25840.08879,17425.97677,16389.2163,25.63,91.8,4.906
22633.84615,15162.39669,9039.036145,9.93,84.4,4.932
22010.55319,13273.17073,13656.77419,10.48,86.0,0.084
34694.23729,21465.04559,23972.0201,12.56,67.49,0.084
46344.39344,27659.44272,26456.35628,19.37,78.8,4.924
40496.45514,32833.19502,17898.60182,20.56,56.27,4.92
37730.8768,24238.22598,25808.65204,28.12,48.52,4.926
41660.85246,24516.40867,25873.36032,26.11,31.22,0.083
40795.9322,25112.46201,23653.62814,14.43,65.22,0.081
27459.14754,17130.65015,16510.44534,18.76,87.7,0.071
25510.37199,14571.78423,10557.08207,16.93,89.9,4.907
39209.12548,34250.99724,16203.60144,13.05,65.77,0.083
36057.34513,23557.17256,14502.96221,28.71,32.98,0.313
32100.53097,18984.19958,16232.72727,25.83,49.22,0.337
30094.88372,20267.08861,23262.92887,24.61,68.4,4.904
34608.81356,21173.25228,15954.33166,13.28,64.51,0.082
31774.52954,26070.12448,11484.9848,17.09,77.0,0.079
21961.97719,16403.80485,7923.169268,8.08,94.3,0.079
29409.23077,23991.32231,13093.01205,14.52,68.89,4.917
22582.25166,11645.73805,13522.70769,20.03,81.6,4.919
33034.17219,20971.30977,17522.21538,22.23,51.79,0.078
32958.93688,22439.24051,24214.8954,27.07,72.3,4.914
32683.07692,26613.22314,10652.53012,19.55,55.79,4.92
42909.76744,28302.53165,39645.18828,27.31,32.48,4.911
29603.72093,19537.97468,24257.07113,22.54,51.72,4.916
21746.44068,13342.24924,13847.15578,13.46,72.4,0.077
35936.44779,21676.98574,19368.72727,19.46,61.54,0.074
30859.86755,19594.17879,14580.18462,21.75,81.1,0.084
28946.71096,19105.06329,22654.39331,23.82,82.8,0.066
23708.35443,15906.38298,11820.72289,10.75,78.7,0.082
45799.64602,27621.20582,20192.35955,22.59,78.2,4.926
43468.47458,25506.38298,25645.02513,13.74,71.7,0.08
28410.89701,17946.83544,22208.53556,21.39,80.2,4.922
31462.81967,18653.86997,18247.77328,24.9,42.88,0.083
25907.74468,15475.60976,15973.54839,9.05,85.2,0.076
29561.70492,19382.04334,13344.77733,15.87,79.0,0.089
32930.84746,20436.47416,16272.72362,12.02,48.58,0.091
23370.59603,15099.7921,13044.18462,20.37,86.7,0.069
21913.84615,17207.85124,9652.048193,8.46,70.8,4.917
21709.83051,13750.75988,11288.44221,12.84,67.56,0.085
41317.2919,28632.73495,27223.0721,28.91,64.99,4.904
30871.89873,18649.24012,19408.19277,15.35,59.3,0.077
26162.36066,16621.67183,15356.11336,16.91,75.7,4.921
43542.01998,29016.68427,30455.17241,22.58,70.1,4.912
33858.30508,21224.31611,15120.72362,13.41,56.44,0.083
37194.4186,25260.75949,28607.19665,29.44,51.19,4.907
35682.65781,20643.03797,27637.15481,31.01,33.12,4.912
28094.29658,21938.0178,10032.17287,16.4,60.31,0.081
26042.0339,20064.43769,13922.41206,15.86,63.18,0.079
27430.0885,17116.83992,14085.22983,19.84,89.1,0.273
26884.13348,13721.79226,18664.72727,13.88,87.7,0.069
34063.98278,20269.24644,17035.63636,16.32,86.2,0.071
50606.17092,35023.02006,40163.51097,26.41,84.5,4.907
26606.91466,15994.60581,11520.0,19.02,61.25,0.095
25161.97719,19754.52593,7283.553421,12.43,80.2,4.926
30037.47508,20081.01266,25088.53556,22.78,58.26,4.908
24813.26157,13813.44196,15936.0,13.34,76.8,0.085
39846.15385,32969.00826,17025.54217,21.19,67.34,0.07
24453.64909,13234.21589,15581.09091,12.26,73.0,0.089
42235.86652,21647.65784,28346.18182,18.45,67.47,0.074
35382.85714,26194.93671,31704.10042,24.12,57.6,4.918
33910.89716,22653.11203,12856.41337,24.49,52.95,0.095
24987.30853,19736.51452,12366.20061,20.61,66.73,0.082
34361.59311,21237.06721,17309.09091,19.07,51.82,0.082
36337.69912,23018.29522,13785.16854,21.59,91.0,4.916
38707.9646,23605.82121,20751.29724,22.7,84.3,0.33
27437.26236,20958.57625,8781.752701,17.76,67.22,0.083
29138.07309,19234.17722,22811.04603,25.81,43.25,4.912
27358.40532,17718.98734,20310.62762,21.77,60.26,4.905
33974.23729,20720.97264,22426.37186,8.83,51.07,0.092
20733.07985,17026.08162,9559.663866,14.77,59.91,0.082
22295.59322,13531.91489,13933.98995,14.17,76.8,0.083
27879.91247,16487.55187,13124.86322,20.91,65.99,0.198
34094.86726,19343.45114,16968.1716,23.86,72.9,0.301
32910.68852,20745.51084,17396.59919,20.61,72.2,4.92
36734.17943,23597.92531,12296.17021,22.76,59.8,0.095
22569.53642,14231.60083,10816.98462,17.81,70.4,0.077
25957.81182,20188.38174,12436.231,15.16,82.9,4.92
23040.0,13798.778,11857.45455,16.43,73.8,0.09
22756.92308,16988.42975,9958.554217,12.29,71.8,4.918
40683.58804,23202.53165,27992.63598,27.83,66.4,4.913
25969.02128,14919.5122,15607.74194,11.17,62.75,0.086
18902.27848,13316.71733,14139.75904,17.17,50.03,0.082
23126.80301,12182.07739,13300.36364,14.7,87.7,0.088
39886.72566,23965.07277,19386.31256,23.52,55.49,0.33
20899.67213,11795.66563,10738.78543,19.49,77.7,0.077
34406.15385,29116.1157,18031.80723,14.73,78.5,0.084
39596.96203,24000.0,25798.55422,14.09,64.87,0.078
44778.73754,28048.10127,33668.28452,30.62,35.51,4.918
45952.56637,27647.40125,21504.39224,23.24,57.65,0.273
47352.18646,31867.79303,36269.34169,24.26,78.6,0.066
27598.13541,18726.08237,13704.82759,24.13,93.3,4.922
22784.81013,14279.63526,14330.60241,7.23,87.4,0.083
40502.27848,25258.35866,24248.6747,15.04,76.9,0.075
38491.25475,32763.42436,15909.72389,11.48,73.9,0.078
27273.0038,22206.81191,9749.819928,15.31,69.59,0.085
26225.31148,15763.46749,16079.02834,17.07,72.0,0.077
35269.61154,25222.80887,28806.01881,26.52,40.05,4.906
26658.46154,21369.42149,8692.048193,10.78,67.9,4.922
39937.27575,27637.97468,28251.71548,35.97,21.31,4.921
26430.45952,15949.79253,11870.15198,16.75,78.5,0.082
25218.09836,15009.28793,15665.10121,17.88,72.8,0.08
32024.61538,25073.55372,18997.59036,20.96,61.51,0.069
31642.18818,20278.0083,11134.83283,23.8,67.69,4.921
33955.01094,19247.3029,13819.33131,22.58,59.03,4.921
28418.46154,20458.26446,9432.289157,17.03,55.76,4.925
42335.68106,34222.78481,29342.25941,30.77,42.69,4.908
42583.72881,24397.56839,25176.1206,14.38,47.06,0.088
41400.39956,28073.91763,25423.44828,27.66,44.78,4.905
38753.74029,26659.76769,26127.6489,28.26,37.55,4.909
36653.9924,32012.2737,15137.57503,13.63,84.0,0.085
32985.55133,26960.41731,10931.09244,16.25,53.16,0.083
32538.72982,19451.73116,15325.09091,19.0,70.2,0.073
30825.85551,25734.27432,9611.52461,14.51,54.89,0.084
22430.41825,17939.24517,9893.877551,9.6,73.4,0.083
33709.23414,21383.40249,11747.59878,21.09,65.52,4.923
36477.86903,23660.40127,25200.75235,23.8,84.3,4.919
33011.40984,20845.82043,16265.58704,21.08,72.0,0.071
37110.50847,23299.69605,17332.1005,14.44,72.2,0.075
39519.39163,33680.27002,15517.88715,13.66,68.67,0.08
22684.59574,13723.17073,14934.19355,14.54,81.2,0.074
31782.30355,19558.04481,21428.36364,15.91,69.37,0.071
25608.47682,16974.63617,11904.0,20.3,87.7,0.065
35908.47458,21931.91489,21552.24121,11.82,76.8,0.086
24500.45902,14559.75232,14306.72065,18.49,81.9,0.078
36524.50331,21835.75884,28244.67692,22.57,86.6,4.916
48912.05327,29320.80253,27301.31661,25.1,85.3,4.922
40415.68106,29441.77215,32005.35565,35.95,25.08,4.91
32221.59292,19485.65489,17397.67109,24.3,59.49,0.317
27388.60927,19811.22661,17829.41538,22.87,68.52,0.069
22959.69582,18462.10494,7289.315726,12.88,73.8,0.081
22560.0,16899.17355,10160.96386,10.46,85.4,0.077
35176.91803,22517.64706,18276.92308,20.39,57.56,4.923
36390.99338,20888.98129,18786.46154,25.37,51.3,0.072
40026.90265,24765.90437,19515.75077,25.94,47.95,0.351
25646.58228,16037.68997,15868.91566,8.87,85.6,0.084
25193.84615,20811.57025,13335.90361,13.04,77.3,0.091
34875.09847,20860.58091,16182.85714,18.25,76.1,0.073
31458.55513,24983.12366,9334.933974,16.5,64.72,0.088
35820.39387,22944.39834,13037.32523,25.6,41.25,4.917
24621.92691,16146.83544,16870.29289,21.95,80.6,4.913
43923.03797,26735.56231,25434.21687,14.44,66.22,0.082
38717.88079,22191.26819,20665.10769,24.57,59.27,0.074
29550.19868,14358.83576,13073.72308,21.52,77.1,0.072
33922.43346,29309.60417,14803.36134,15.33,64.82,0.076
30904.94297,26352.86898,9323.409364,18.42,60.11,0.088
23672.42196,13314.86762,15243.63636,16.85,71.3,0.084
25806.56455,18332.36515,9389.908815,16.42,86.6,4.919
39975.54817,21664.55696,23208.70293,28.59,61.61,4.92
23562.53165,14407.29483,14677.59036,11.62,51.95,0.083
34851.64557,21056.53495,16574.45783,14.38,57.33,0.084
49862.59136,31556.96203,41018.91213,27.04,66.23,4.909
29128.51711,25292.42099,10781.27251,14.26,42.42,0.079
38561.95339,26903.0623,26181.81818,27.77,54.75,0.064
32304.18251,27034.05953,10147.41897,15.89,56.28,0.082
43862.65487,25581.70478,21945.65884,23.04,79.0,0.264
45128.40263,29065.14523,20104.55927,23.4,56.09,0.089
37191.50442,22314.76091,12790.8478,23.77,59.45,4.922
36843.58804,25989.87342,33662.25941,26.7,69.46,4.904
26066.54867,16345.94595,9360.735444,17.68,90.0,4.918
35535.94684,21991.13924,29878.49372,28.53,70.0,4.917
28210.97955,18098.98167,17559.27273,15.27,77.8,0.078
45317.08609,27490.22869,27370.33846,20.78,86.3,0.071
32905.53191,20956.09756,18162.58065,20.42,47.13,4.923
32861.53846,27420.24793,11745.54217,18.6,62.92,4.915
40688.74172,23587.11019,26850.46154,20.31,86.4,0.068
37489.02128,20890.2439,23109.67742,13.32,66.28,0.085
40942.96578,34306.2289,15742.61705,15.17,78.4,0.086
32461.39535,23624.05063,26185.1046,22.58,59.86,4.909
28359.78471,17351.12016,13550.54545,13.02,74.4,0.082
30734.7046,19680.49793,10918.90578,20.67,52.99,4.919
22400.0,18082.8475,9294.597839,6.136,87.6,0.084
37206.82713,23653.94191,13218.23708,28.95,40.85,4.935
33458.46154,27513.22314,15637.59036,18.76,70.4,0.076
21026.23751,11723.75924,10069.46708,22.07,70.3,4.919
46232.92035,26128.06653,21675.01532,25.25,39.65,4.918
36524.65116,22625.31646,30270.12552,28.28,72.0,4.916
31165.03311,16896.0499,19264.98462,20.25,60.12,0.083
24766.72566,15661.12266,9195.995914,19.63,68.92,4.916
47362.12625,31336.70886,41410.54393,27.59,56.45,0.072
25367.01443,15673.49525,14228.46395,19.04,79.2,4.91
39757.42508,28047.30729,27927.27273,31.46,23.67,4.906
25648.6692,22652.34735,11835.77431,12.84,53.77,0.076
41406.79245,29351.21436,33187.7116,26.28,86.8,4.91
30003.67615,17981.3278,13918.54103,20.66,83.6,0.073
39768.51064,23963.41463,23574.19355,12.12,63.68,0.075
24334.88372,15968.35443,18027.11297,24.19,82.9,4.919
34213.67089,21505.16717,19142.16867,12.97,49.52,0.085
42926.0177,25185.03119,21445.55669,22.96,79.6,0.256
19339.92395,13723.22798,6522.929172,15.45,77.9,0.083
30868.47458,20272.34043,19821.34673,13.77,70.9,0.074
34713.0897,21744.3038,30975.06276,27.79,74.5,4.917
32888.77076,22556.96203,21063.76569,29.3,50.59,4.924
37047.82979,19521.95122,16856.12903,15.75,68.56,0.075
35799.49367,22198.17629,23132.53012,13.06,81.8,0.076
42206.0177,24979.20998,21698.54954,22.74,72.0,0.272
28037.28814,17266.8693,17389.98995,13.91,64.49,0.081
22400.0,17728.5124,10600.48193,14.7,87.4,0.077
32586.89362,19858.53659,16263.87097,24.25,49.45,0.083
36256.74419,23198.73418,29998.99582,23.63,84.8,4.907
41295.94684,28663.29114,31029.2887,33.46,31.38,4.905
24284.74576,14633.43465,15387.01508,11.37,63.22,4.922
23548.41765,13351.52749,15400.72727,14.94,86.8,0.07
26127.30897,16913.92405,16575.06276,21.76,72.5,4.912
27407.26477,18829.04564,13813.49544,21.15,67.32,4.922
34988.06557,20816.09907,21769.06883,19.46,81.0,0.07
36649.96721,20344.27245,20288.25911,22.03,64.36,4.917
33880.13115,20147.36842,19262.18623,18.33,85.6,4.921
25704.61538,21202.06612,8472.289157,9.16,59.33,4.922
19723.07692,14176.8595,9137.349398,18.6,79.0,0.068
32352.72336,14378.00407,17943.27273,16.41,77.6,0.068
35907.14754,22662.5387,17903.80567,20.08,69.0,0.069
28161.37783,15774.74542,18792.72727,15.15,86.9,0.072
42355.44304,26057.14286,25607.71084,15.14,76.0,0.068
22638.98734,13572.03647,14440.48193,8.77,80.3,0.084
21778.46154,16943.80165,11300.24096,19.36,85.3,0.068
29259.54098,18033.43653,18026.23482,20.66,69.42,0.077
31422.6383,19452.43902,14138.70968,12.98,86.4,0.102
39584.81687,24949.10243,22702.94671,27.19,64.65,4.918
37421.09409,30021.16183,17186.62614,18.27,68.78,4.92
35133.45133,21296.8815,15773.81001,28.11,34.48,0.265
35750.44133,20533.19756,18594.90909,14.35,75.7,0.073
32933.42193,22363.29114,22304.93724,25.12,76.8,4.912
46717.16814,27748.44075,23734.25945,24.09,80.8,0.317
31169.23077,26605.78512,17667.46988,20.85,69.88,0.074
37494.68354,24452.27964,23444.81928,12.53,77.5,0.086
25554.48578,16274.6888,11169.84802,18.85,89.1,4.922
27879.91247,16502.48963,11905.16717,24.17,58.62,4.916
38996.67037,26918.26822,26464.70219,28.58,41.55,4.903
30901.87298,15826.06925,18635.63636,20.11,57.11,0.082
37556.45902,22480.49536,19168.90688,21.6,71.2,4.917
32194.7234,21128.04878,15578.70968,15.1,84.6,0.074
45752.29759,29692.53112,19071.61094,21.02,80.3,4.924
34169.70492,21313.93189,17495.7085,23.32,53.65,0.071
43797.9661,25995.13678,25274.53266,14.51,69.19,0.083
31635.49669,19848.64865,19442.21538,28.11,46.3,4.919
23227.37643,18881.8656,8539.735894,11.42,68.93,0.083
22315.23179,14194.17879,11301.41538,20.46,83.6,0.068
27984.42478,16252.39085,13832.23698,21.5,89.6,4.911
22598.80851,13240.2439,13697.41935,10.1,86.4,0.083
23190.87452,19283.21571,7439.135654,11.0,53.91,0.077
21997.35099,15417.87942,11703.13846,15.86,67.57,0.08
30953.61217,24666.4621,9369.507803,15.96,70.1,0.071
22924.0678,11595.13678,15398.59296,13.85,53.97,0.084
23524.78405,15706.32911,18153.64017,25.58,48.68,0.074
32562.27571,22055.60166,10026.01824,19.63,86.6,4.919
19430.88608,11606.07903,10901.20482,13.8,68.01,0.092
41778.22785,26917.93313,25370.60241,10.18,70.9,0.081
27412.92776,23326.17367,12164.22569,12.66,75.0,0.074
45381.26582,28818.23708,26677.59036,11.64,53.12,0.08
34671.60388,20181.26273,17908.36364,14.93,90.9,0.069
38376.55938,26268.21542,24255.79937,27.03,71.6,4.911
25787.65864,13996.6805,11625.04559,13.45,75.1,4.916
43841.06312,28636.70886,37873.80753,27.08,40.81,4.912
40786.68147,28484.4773,30100.0627,28.33,66.66,4.904
23280.0,18814.46281,10617.83133,17.44,54.55,0.078
23346.38298,13521.95122,14533.54839,11.03,85.5,0.08
43356.62597,30472.65048,28420.81505,28.08,79.3,4.91
26015.57522,14104.3659,13037.9571,20.44,73.8,0.304
25175.59322,14877.81155,16492.70352,8.28,50.62,0.096
42437.28814,25225.53191,25297.68844,12.25,76.2,4.917
35063.60656,25017.95666,14959.67611,22.33,40.81,4.92
34477.16814,19365.90437,15456.09806,25.21,46.68,0.203
22607.68212,14478.58628,14739.69231,20.79,73.2,4.914
35980.88496,21977.96258,15891.4811,25.38,68.92,0.27
34206.10169,23689.9696,17627.33668,13.53,77.3,0.082
25297.62712,14782.97872,14900.74372,13.12,68.73,4.915
36025.48673,19433.26403,13979.32584,21.97,57.03,4.923
35212.30769,29476.8595,16169.63855,17.65,77.2,0.085
34849.57377,22064.39628,18160.32389,21.97,56.49,0.073
47642.7907,31108.86076,46158.32636,27.02,51.85,4.91
31698.38298,16990.2439,16327.74194,15.02,49.3,4.917
35157.61589,22011.64241,17179.56923,25.8,56.91,0.073
29717.46835,18401.21581,17962.40964,9.59,75.5,0.084
23812.08511,14809.7561,11938.06452,13.94,82.0,0.085
35554.62295,21678.01858,18480.97166,22.0,68.57,4.919
35987.8481,22482.67477,22421.20482,11.68,71.8,0.087
23697.00997,15975.94937,16984.76987,24.23,82.8,4.917
33280.70022,21760.58091,15272.46201,20.19,85.7,4.913
40880.0,35036.77686,17580.72289,17.15,72.6,0.071
30647.66416,15892.05703,18274.90909,21.46,53.05,0.085
46766.91466,28755.18672,19550.15198,24.26,52.85,0.09
30196.94352,18018.98734,21955.48117,25.23,69.15,4.918
33778.77287,18245.62118,21218.90909,17.73,73.4,0.071
21377.94677,15718.93219,9640.336134,12.64,74.0,0.078
39190.96346,27425.31646,30812.38494,30.9,48.99,0.068
44699.86871,25607.05394,19637.68997,19.67,52.35,4.919
22549.78723,13463.41463,14730.96774,14.63,81.3,0.073
19989.87342,13641.33739,13625.06024,11.55,76.1,0.077
21390.76923,17356.61157,10398.07229,11.22,69.74,4.923
23771.6254,12610.99796,15424.0,15.21,78.8,0.081
33211.13924,21118.54103,16441.44578,14.05,49.35,0.088
27353.89831,22234.65046,16724.26131,16.48,58.43,0.084
32138.76106,19268.60707,15744.39224,21.45,59.02,0.268
33604.24779,18699.7921,15732.62513,24.78,66.99,0.307
40744.61538,34821.07438,17540.24096,16.0,73.2,0.073
22880.68085,13803.65854,13772.90323,10.27,88.9,0.078
29590.87452,25307.14943,9548.139256,17.17,46.4,0.083
28701.53846,22656.19835,9096.86747,12.28,61.49,4.921
42519.49367,27253.49544,26122.40964,10.17,83.1,0.074
28869.32166,17208.29876,13632.58359,20.61,84.6,0.071
23052.1519,14093.61702,14480.96386,3.681,82.7,0.086
23568.78689,11316.40867,13566.31579,17.63,77.4,0.068
36133.77049,24304.64396,17723.07692,23.82,38.0,4.921
23107.69231,17959.09091,10184.09639,13.95,64.86,0.076
40454.25083,28948.25766,31935.79937,27.78,30.24,4.908
43254.75285,31106.47438,15950.06002,12.68,48.0,0.077
18596.92308,12309.91736,8026.987952,9.87,87.6,4.926
30552.09125,25174.59343,9715.246098,16.13,62.75,0.088
37171.10266,31997.54526,17114.04562,8.9,63.62,0.076
33812.42553,18109.7561,15590.32258,15.21,69.36,0.074
31657.67442,21850.63291,28215.56485,27.17,30.54,4.908
31827.06383,18980.4878,16513.54839,15.5,60.58,4.915
40121.59311,20397.55601,27514.18182,14.37,82.3,0.07
18933.55932,10719.75684,10883.21608,6.168,57.6,0.09
34707.03663,22729.03907,27524.01254,23.96,76.5,0.064
37312.56637,23306.44491,15173.68744,26.25,45.52,0.31
21787.55651,10528.7169,12357.81818,14.55,91.1,0.07
45634.96689,27430.35343,28941.78462,25.24,36.99,4.916
43996.59574,26432.92683,24996.77419,15.99,70.6,0.082
33211.13924,21519.75684,17042.89157,17.14,57.23,0.086
32348.35443,21457.75076,16314.21687,15.19,68.68,0.08
40101.26582,25820.06079,24624.57831,11.21,79.9,0.087
42948.03987,29806.32911,39464.43515,29.5,35.98,4.917
39137.48344,20918.91892,20198.4,25.38,61.84,0.069
37551.87569,24397.88807,23371.03448,26.47,51.85,4.905
35743.47541,23026.62539,17554.0081,20.1,69.67,0.072
22404.23841,14239.08524,11147.81538,18.98,76.2,0.082
25352.82276,16704.14938,10119.3921,16.21,86.7,4.917
25252.45033,12626.19543,13298.21538,22.73,46.75,0.081
24379.2465,13520.16293,15581.09091,13.54,85.0,0.074
36460.86379,22473.41772,28287.86611,27.72,67.93,4.913
21569.23077,17497.93388,9478.554217,14.55,88.3,3.082
29105.16556,18943.03534,13894.89231,21.2,81.7,0.069
36496.99115,23471.10187,15032.48212,27.27,38.15,0.318
41972.65823,24631.00304,25544.09639,16.24,62.42,0.081
32030.31216,19451.73116,15621.81818,20.09,56.46,0.085
32444.85246,20667.49226,17466.5587,21.96,58.26,0.071
30664.61538,23916.94215,12052.04819,21.53,64.18,0.073
32600.73197,19305.09165,17716.36364,15.86,83.6,0.068
27312.73523,15680.91286,12552.94833,16.71,80.7,0.072
41998.4106,24687.31809,26897.72308,20.67,83.5,0.066
33954.69027,20005.82121,13190.92952,31.4,14.24,4.927
21563.07692,17419.83471,9519.036145,13.83,89.9,0.067
46640.87527,28452.6971,19410.09119,24.12,53.32,0.089
35704.37086,18740.95634,18632.86154,21.55,63.3,0.08
40170.34221,34398.28168,15316.20648,13.68,69.14,0.117
40236.89234,25158.18374,19332.41379,25.78,83.3,4.924
37192.05298,22849.89605,19873.47692,22.1,81.6,0.065
34394.33628,18845.73805,15709.09091,25.52,61.52,0.315
22539.66102,11573.25228,15404.38191,13.04,59.95,0.085
21063.34426,12980.80495,10616.35628,16.72,79.0,4.921
28819.13621,19792.40506,24504.10042,27.23,43.58,0.083
43314.70398,24012.21996,27601.45455,17.91,69.34,0.085
22339.1635,17784.5965,8228.571429,13.06,55.94,0.083
42778.98305,25546.50456,25372.94472,13.49,71.7,0.086
41748.83721,29954.43038,32878.99582,35.94,29.58,4.908
34854.12766,17967.07317,16403.22581,23.47,45.25,4.918
31009.57377,18237.7709,18154.49393,26.95,38.43,0.081
22227.69231,18018.59504,7512.289157,19.62,77.2,0.068
29663.3698,17014.10788,14712.21884,16.14,64.42,4.921
40698.21313,22461.50713,27467.63636,17.28,80.8,0.086
39991.89873,24477.81155,25989.39759,12.51,68.35,0.077
38274.69027,22584.19958,18015.44433,22.47,84.8,4.913
37641.66302,24531.53527,15004.01216,21.2,79.3,4.916
34676.80608,28724.14851,11778.15126,14.03,43.02,0.08
36698.73418,25054.10334,20131.08434,14.79,50.92,0.082
34184.0708,21985.44699,16597.50766,25.84,66.12,0.314
33722.53052,24131.78458,25904.95298,21.01,74.5,0.073
33426.88525,22435.91331,16230.60729,21.02,72.8,0.07
39118.13541,26074.34002,24514.60815,27.98,40.98,4.903
33192.39544,27372.81375,10251.14046,14.07,40.69,0.076
24540.75949,16737.99392,16476.14458,11.45,77.7,0.074
23300.40904,14517.31161,11956.36364,15.99,68.13,0.086
28185.55133,22118.44124,9438.655462,16.42,64.55,0.08
36695.38462,30495.86777,17071.80723,18.96,73.1,0.072
25293.63934,15287.9257,15105.4251,14.87,70.7,0.067
38946.75497,22730.14553,24115.2,19.12,56.92,0.083
25707.34177,16858.35866,16481.92771,8.78,85.5,0.082
33011.68142,20316.42412,17597.71195,22.73,84.9,0.277
45965.56291,27624.94802,27736.61538,21.37,61.24,4.916
33317.52212,21622.45322,13414.5046,21.52,60.85,0.284
46994.18424,28636.53643,25880.87774,24.78,89.2,4.919
23120.0,18688.01653,9183.614458,15.23,77.6,4.912
33488.66521,19997.92531,11023.95137,18.84,76.7,0.079
24401.52091,20277.3857,11086.67467,10.74,68.4,0.079
45914.70199,27493.97089,27630.27692,20.81,86.0,0.068
45299.40984,27061.30031,26118.21862,19.26,84.9,0.071
31906.44518,22716.4557,22485.69038,25.09,47.22,4.919
34775.38462,29287.19008,21426.50602,20.51,71.9,0.072
24404.04736,13212.21996,12712.72727,13.83,89.6,0.07
33250.33113,21424.11642,22520.12308,27.65,51.33,4.919
23162.55319,14462.19512,10660.64516,11.16,74.2,0.083
49391.52053,32552.05913,39062.06897,25.3,67.91,0.067
20641.8251,15391.2243,9571.188475,8.05,91.6,0.084
39785.96026,24227.02703,25219.93846,19.12,86.7,0.069
32354.43038,19630.39514,16967.71084,15.73,65.09,4.917
28525.10544,19053.0095,20289.40439,24.06,82.2,4.92
37127.78761,22000.4158,14508.84576,31.12,28.48,4.918
39370.61947,22045.32225,20345.33197,22.09,60.72,4.923
43831.89873,27184.19453,25792.77108,13.91,64.66,0.087
43009.27152,27089.81289,32238.27692,22.78,62.74,4.919
22351.3308,17950.2915,10493.15726,8.43,82.1,0.081
34981.93119,22865.89229,14192.3511,25.14,92.1,4.916
33880.13115,23086.06811,17384.93927,25.11,33.43,4.924
43876.72131,26530.03096,25634.33198,19.14,85.6,0.068
32433.41772,18277.20365,16082.89157,7.71,80.6,0.089
35209.10284,21775.51867,13025.6535,24.05,54.32,0.081
23895.62971,11866.80244,15569.45455,13.53,89.6,0.07
36296.06028,21750.3055,19269.81818,19.21,58.11,0.076
43196.81063,27729.11392,30752.13389,35.22,24.15,4.923
30845.90164,19133.12693,18411.01215,16.32,89.1,4.919
22107.98479,19091.74593,10141.65666,12.38,52.74,0.078
32377.52422,17046.84318,19118.54545,20.62,64.5,0.073
39212.30769,33169.83471,17083.37349,17.78,63.89,4.918
36340.13245,22273.59667,19713.96923,22.36,51.95,0.078
47313.83607,28777.70898,26363.07692,18.62,74.5,4.923
43339.74684,26859.57447,24763.37349,16.83,37.33,0.09
39920.91255,33352.56214,15886.67467,15.22,53.97,0.086
20764.0678,13061.39818,10350.63317,6.442,65.74,0.088
37475.28517,32200.06137,16341.89676,10.52,68.1,0.086
32547.52852,25211.41454,8948.859544,11.75,83.2,0.086
25048.86975,13864.76578,15936.0,14.78,83.9,0.069
35446.64452,22583.5443,27004.51883,28.26,63.7,4.908
40225.09506,34273.0899,16042.2569,14.04,63.13,0.092
30326.15385,24709.09091,13116.14458,20.79,63.21,0.071
40614.07325,28435.05808,27566.1442,26.08,67.99,0.064
30094.17722,18331.91489,17332.04819,15.73,59.33,0.076
44069.67177,24397.09544,18488.02432,24.53,52.22,4.917
33720.7947,21648.64865,25308.55385,21.83,81.9,4.916
24794.66093,13861.0998,16546.90909,15.27,87.2,0.067
35822.29787,22748.78049,20543.22581,16.33,68.79,0.074
35307.57447,21545.12195,16484.51613,17.43,71.1,0.073
37427.25664,22909.77131,16597.50766,25.54,72.7,0.262
34884.95575,19713.92931,14867.74259,24.58,59.99,4.918
23131.13924,14534.95441,15209.63855,8.43,86.5,0.088
33295.15608,20078.61507,18507.63636,16.22,73.4,0.074
23307.01987,14452.39085,12577.47692,18.17,65.41,4.924
36057.34513,21023.70062,17709.49949,21.35,62.85,0.271
23946.4918,14288.54489,15099.59514,23.16,41.86,0.078
24565.82781,13505.61331,11277.78462,20.4,81.8,0.067
31968.0,17491.46341,16519.35484,15.08,47.36,4.92
37078.03279,21804.33437,21448.42105,20.48,64.91,0.079
25827.303,15247.72967,16196.61442,22.36,89.5,4.919
40016.18945,24342.15886,26414.54545,17.03,69.94,0.075
40834.7234,23235.36585,24480.0,17.35,86.5,0.072
39099.33775,24399.1684,23701.66154,20.28,89.4,0.067
38560.0,29882.2314,16493.49398,19.23,52.71,2.461
22954.21277,12530.4878,13842.58065,10.17,88.2,0.083
35885.30973,22082.74428,14832.44127,26.01,42.21,0.279
35527.23358,20298.57434,18624.0,16.93,81.2,0.07
33156.92308,27334.71074,14434.6988,10.07,73.0,4.918
37686.12653,23284.05491,21836.23824,27.27,63.59,4.925
46933.80531,28077.75468,21057.24208,21.4,82.0,4.925
31133.40733,21676.02957,22034.85893,26.51,83.5,4.907
30184.61538,25326.44628,13717.59036,20.63,41.79,0.083
31399.86885,18739.31889,17344.12955,24.72,46.68,0.073
29644.55696,19105.16717,19361.92771,12.99,69.52,0.082
33993.44262,21094.73684,17145.91093,20.77,75.1,4.923
25799.2053,14336.38254,14072.12308,20.92,78.7,0.066
25920.0,17073.85892,8421.155015,18.12,86.2,4.914
35626.43703,16790.22403,19240.72727,16.37,80.0,0.069
41272.54162,28780.99261,27770.7837,26.13,89.8,4.908
35689.03654,25412.65823,24805.35565,23.25,62.03,4.905
41711.18644,24496.04863,24932.98492,13.94,70.1,0.085
43114.21277,23762.19512,25472.90323,12.92,80.6,0.082
35315.40984,22027.24458,17501.53846,25.84,53.57,4.92
22408.50498,15098.73418,14375.89958,24.04,82.8,4.916
21274.52471,16738.87696,9767.106843,9.2,85.8,0.08
30036.92308,23942.97521,17418.79518,19.49,68.78,0.07
33254.80851,20608.53659,16281.29032,21.96,50.97,0.085
32320.0,23742.14876,17395.66265,22.12,53.1,0.075
21176.65574,13248.29721,10598.8664,17.18,78.8,3.789
23312.54753,17298.55784,7496.758703,15.53,67.25,0.072
33836.93617,20004.87805,16403.22581,12.86,79.9,0.085
21098.09886,16875.11507,8603.121248,11.87,65.32,0.082
23267.69231,17233.8843,10519.51807,14.9,86.8,0.074
21012.98361,13136.84211,11689.06883,17.35,70.2,0.081
39183.79747,23668.08511,24294.93976,16.15,56.04,4.918
38184.40678,23069.90881,24174.63317,9.42,45.24,0.085
31714.06844,25494.9371,9824.729892,13.05,62.97,0.089
36097.68053,22851.03734,13294.10334,29.09,29.58,4.922
28416.42619,18277.50792,19007.39812,23.86,82.3,4.918
36471.82979,21808.53659,21710.32258,11.82,63.95,0.075
22010.76426,11335.23422,11997.09091,13.74,89.8,0.066
25610.63123,16067.08861,16665.43933,20.47,69.44,4.911
31977.2697,24261.03485,26422.57053,26.35,77.7,4.907
34541.61702,20436.58537,15416.12903,14.27,66.32,0.076
21679.32203,12875.37994,13968.72362,10.63,46.58,0.084
33341.66113,21729.11392,24492.05021,29.96,43.1,4.927
26121.66302,15834.0249,11928.51064,18.44,88.2,0.279
34165.82781,21794.59459,18615.13846,23.26,64.15,0.069
22849.27152,14807.90021,11366.4,19.96,85.6,0.069
34688.13559,21293.61702,21627.49749,8.51,88.8,0.073
26684.60177,15601.2474,12843.7998,20.83,67.92,0.268
33363.35845,18586.55804,18164.36364,18.97,73.2,0.08
22246.77966,13174.46809,14206.07035,6.25,66.68,0.086
30603.07692,24850.41322,18002.89157,19.76,69.55,0.073
31281.3289,20794.93671,23106.27615,22.27,67.87,4.905
45386.78337,25237.3444,19439.27052,24.13,48.58,4.917
33065.08475,18240.72948,16892.1407,17.82,49.5,0.085
34446.68852,21076.16099,17594.81781,20.91,73.4,4.92
30097.75805,22588.38437,22600.62696,27.87,65.86,4.904
29963.07692,24270.24793,16366.26506,21.15,61.94,0.072
37397.46835,24605.47112,19153.73494,14.32,49.35,0.081
30886.15385,25382.2314,17245.3012,22.0,58.31,0.071
27261.45695,15208.31601,18177.96923,20.99,86.4,4.914
24887.78761,13943.45114,12537.85495,22.43,46.99,4.931
43346.44068,25480.85106,24666.69347,13.22,52.17,0.08
36221.6577,20789.8167,18932.36364,20.45,61.17,0.091
35671.89873,22147.11246,21744.57831,15.18,83.3,0.079
36583.29114,22748.93617,22039.51807,12.65,71.6,0.085
29371.86312,23834.305,9329.171669,14.86,59.15,0.088
45261.57158,23590.63136,29381.81818,13.6,86.2,0.074
35076.4557,22103.34347,17360.96386,11.46,60.73,0.085
32819.74468,20524.39024,14841.29032,13.2,52.42,0.082
31683.65019,25631.17521,9404.081633,15.33,81.6,0.081
21298.46154,17494.21488,8535.903614,11.22,63.82,0.085
30820.72131,17933.12693,17524.8583,26.36,38.4,0.079
35426.54867,21551.35135,13390.97038,24.16,59.32,4.92
41963.89381,25473.18087,20245.31154,21.9,68.12,0.29
28213.80531,16664.03326,13326.25128,24.03,51.35,0.301
31464.61538,26285.95041,13827.46988,12.28,54.15,0.084
23095.14894,11919.5122,11340.0,12.51,59.91,4.922
35491.29568,23156.96203,25407.86611,29.59,59.43,4.921
32059.91489,20787.80488,15381.29032,22.86,47.9,4.916
44472.55814,27303.79747,34861.25523,24.61,83.3,4.923
34732.22591,22063.29114,29926.69456,28.01,72.6,4.915
19250.36066,11472.44582,11706.5587,16.83,66.57,0.079
24888.21293,18996.01105,7663.865546,8.61,86.6,0.086
40089.85572,27085.53326,26819.81191,27.56,39.19,4.909
35131.13924,21724.01216,16516.62651,17.97,42.17,0.087
25117.69145,16718.9018,18297.17868,21.71,48.72,4.902
23536.01722,14231.36456,11950.54545,14.11,89.7,0.07
43190.43189,27600.0,32969.37238,30.47,32.24,4.923
47783.12292,30854.43038,40554.97908,28.43,43.12,4.926
26029.36709,16479.02736,17123.85542,13.07,67.18,0.086
24804.76596,15841.46341,10579.35484,11.24,87.4,0.088
21550.76923,17338.01653,7674.216867,19.81,70.3,0.069
40027.54967,23905.19751,24782.76923,18.74,79.3,4.915
30050.23256,20984.81013,18918.82845,25.1,62.77,4.919
31148.06557,20221.67183,17921.29555,21.72,52.91,0.07
36808.10127,23456.53495,22577.3494,10.46,80.8,0.087
25094.44201,16401.65975,11928.51064,17.58,93.3,0.094
25776.47841,14867.08861,19286.35983,25.54,89.5,4.916
34795.60818,21621.99593,20183.27273,16.14,77.1,0.079
40508.35443,23894.22492,25399.51807,15.25,72.3,0.069
35859.06383,21863.41463,16699.35484,18.28,49.1,0.074
22816.79225,14334.01222,12288.0,16.97,69.44,0.082
34560.0,15851.73116,22475.63636,15.66,85.4,0.067
43617.80731,30489.87342,33499.58159,36.37,24.64,4.906
42847.08972,24322.40664,18569.72644,20.97,66.89,4.917
23426.04255,15629.26829,10753.54839,9.89,89.0,0.093
23910.12766,14458.53659,11549.03226,8.63,87.5,0.089
22584.61538,16385.95041,10895.42169,18.83,79.1,0.066
34649.20354,21102.2869,12943.82022,27.35,37.48,4.925
22006.15385,16099.58678,11057.3494,11.84,86.1,4.922
49683.98671,33129.11392,40253.72385,26.54,54.48,4.907
22203.07692,15883.8843,12589.87952,12.84,85.2,0.072
35176.91803,21577.70898,17105.10121,26.16,50.84,4.923
23370.89362,13719.5122,14510.32258,10.97,84.3,0.082
28470.50847,17613.37386,17615.75879,10.58,90.6,0.078
21926.15385,17564.87603,10600.48193,16.3,85.2,0.072
23586.31179,18082.8475,10642.97719,14.91,59.18,0.082
42679.14894,24168.29268,25200.0,14.78,51.64,4.92
36229.38053,22554.26195,14732.42084,29.31,38.78,0.269
37947.10963,28754.43038,37301.42259,25.47,80.2,4.916
21709.36709,13546.50456,13578.79518,12.76,49.82,0.083
35139.14754,23130.65015,16889.39271,21.89,70.6,4.922
38059.31559,32859.15925,16439.85594,13.47,49.77,0.079
32166.15385,24125.20661,10236.14458,14.42,57.92,4.927
30455.45748,17094.50102,14370.90909,12.22,76.7,0.087
49218.33887,33227.8481,39042.67782,25.65,71.5,4.906
19628.06557,12040.86687,10657.16599,18.05,65.44,0.077
41808.81356,24222.4924,25060.34171,13.85,72.1,0.072
23399.61249,13868.43177,12328.72727,14.99,85.8,0.066
34156.98601,18557.23014,19525.81818,13.99,89.9,0.068
27585.76271,15877.20365,16510.07035,10.25,84.2,0.072
36519.26803,17230.14257,18833.45455,16.43,81.3,0.071
37573.80531,23471.10187,14714.77017,27.14,35.55,0.27
35423.04107,23420.90813,25152.60188,23.55,65.91,4.907
38183.84106,20829.10603,18550.15385,22.98,69.48,0.069
47126.12691,28669.29461,20157.08207,21.68,64.43,0.088
24010.16949,13152.58359,12232.0402,15.0,58.04,0.082
39733.15615,26673.41772,34547.94979,26.54,48.29,4.924
23717.28814,14199.3921,14634.45226,15.11,57.91,0.083
37121.3617,21680.4878,22825.16129,13.74,61.05,0.081
44865.34961,26241.60507,23641.88088,23.49,69.32,4.92
29070.76923,21614.87603,9559.518072,20.76,70.5,0.071
36400.17505,24901.24481,12144.43769,19.23,89.3,0.083
38760.13319,26420.27455,24490.53292,26.18,41.61,4.928
25163.44371,12936.79834,13611.32308,17.07,70.2,4.922
38475.54098,23814.24149,20836.2753,21.02,66.07,4.92
29818.98305,23000.6079,17054.23116,16.76,65.02,0.08
30619.01141,25553.85087,9404.081633,16.27,59.11,0.083
40427.01639,24776.47059,24415.87045,19.29,74.7,4.922
42547.11864,24189.66565,25286.11055,13.74,47.4,0.083
21034.93671,13951.36778,14214.93976,12.96,84.6,0.077
35463.05085,22209.11854,17465.24623,15.08,77.8,0.083
38022.29508,22729.41176,22981.7004,18.5,82.1,4.923
39622.81369,33746.54802,15661.94478,12.21,86.0,0.078
41699.60265,26214.13721,30430.52308,22.99,78.2,4.919
36012.74336,22453.22245,13026.18999,22.82,85.5,4.915
36072.47265,21771.78423,13037.32523,25.3,49.76,0.079
22737.83607,13909.59752,10762.10526,18.94,90.7,4.916
24651.54098,14960.99071,16189.79757,18.37,64.89,0.08
29461.70678,22078.0083,12313.67781,21.42,67.65,4.918
30351.25828,17191.68399,20800.98462,25.64,66.28,4.922
27954.38298,18131.70732,13680.0,13.14,83.7,0.078
25938.38298,16382.92683,11647.74194,13.53,86.3,0.08
22794.89362,12731.70732,10318.06452,10.47,63.07,0.085
38383.65957,22931.70732,18040.64516,16.58,68.06,0.073
24503.25081,13116.90428,16942.54545,13.48,84.5,0.086
34861.53846,27721.4876,19176.86747,18.14,68.01,0.072
26086.81967,16421.05263,16003.23887,18.73,88.0,0.069
29896.85106,17143.90244,16287.09677,15.74,49.2,4.916
32280.51064,20220.73171,14446.45161,12.58,89.3,0.081
30892.30769,26077.68595,10906.98795,23.01,52.13,0.078
29499.33775,19021.62162,13002.83077,23.7,59.91,0.082
30303.71681,17266.52807,16432.76813,21.22,80.3,0.267
22196.92308,17479.33884,10056.86747,15.16,82.3,0.082
22039.64602,11952.59875,10031.46067,21.13,74.8,4.92
27047.90875,21393.06536,8464.82593,9.13,86.5,0.087
42366.6383,23059.7561,27098.70968,12.66,81.7,0.07
35775.18987,21235.25836,16412.53012,16.01,63.68,0.074
27200.70796,14968.81497,14938.34525,28.52,40.65,4.953
35353.18033,22473.06502,17431.57895,21.14,75.9,4.918
31916.06557,20474.30341,15187.04453,21.19,77.8,4.929
34381.59292,22441.99584,12690.82737,21.92,93.0,4.914
44401.5894,24039.91684,26389.66154,20.0,65.28,0.082
33564.91694,23088.60759,29794.14226,24.43,52.69,4.912
40957.16814,25495.6341,23316.52707,23.19,67.56,0.288
31427.69231,26308.26446,17233.73494,21.04,69.11,0.074
35227.27869,21035.29412,19233.03644,21.78,65.35,0.07
25396.08181,16317.31161,12346.18182,16.32,66.74,0.081
33618.25095,28867.75084,14359.66387,13.4,59.65,0.076
24830.44248,13625.36383,11014.0143,20.4,74.9,4.918
36733.58491,22261.45723,17508.71473,26.65,79.5,4.921
30190.76923,24709.09091,13630.84337,15.19,68.98,0.081
31716.76596,19185.36585,19329.67742,10.47,89.6,0.075
30375.54817,20681.01266,24757.15481,22.98,76.7,4.908
24999.91247,16465.14523,11881.82371,17.79,93.3,0.103
41395.44304,25097.87234,24144.57831,14.59,35.73,0.078
35781.2459,22168.42105,21885.66802,19.5,87.5,4.919
30698.76106,20851.55925,13526.29213,23.19,71.5,4.925
35378.46154,29911.98347,14845.3012,18.51,62.55,4.919
44185.43046,26685.65489,26171.07692,20.91,84.8,0.07
33791.1733,20001.62933,18338.90909,22.2,48.39,0.087
26249.23418,17456.3886,16413.29154,25.61,92.0,4.91
20937.72152,13043.16109,11115.18072,11.64,50.55,0.086
37057.69912,22370.89397,12673.17671,23.67,59.59,4.927
24135.9292,15163.40956,10631.58325,19.51,90.1,0.317
34887.70241,22824.89627,13340.79027,24.44,53.42,0.089
38215.62914,23748.02495,31677.04615,24.36,73.4,4.916
37519.73422,25834.17722,31270.29289,32.05,40.62,0.067
30758.27243,20768.35443,26185.1046,24.39,55.29,4.917
32596.19772,25598.03621,9496.278511,13.53,65.01,0.083
27815.4939,17425.97677,16190.59561,24.11,92.6,4.921
32188.23529,22215.83949,20367.6489,23.93,55.42,4.922
38904.94297,33551.39613,16411.04442,13.94,62.72,0.082
21421.53846,16742.97521,7922.891566,13.67,87.4,0.083
40217.71365,28632.73495,26181.81818,33.21,17.14,4.904
29816.47059,18889.54593,18140.68966,24.32,90.0,4.918
44213.09735,25570.47817,19733.44229,21.44,74.1,4.919
27619.77186,22236.26879,11490.03601,13.97,79.2,0.083
23405.51422,18515.3527,10737.99392,13.27,86.9,4.915
23717.28814,14633.43465,14657.60804,13.48,72.0,0.075
41275.91489,23385.36585,24480.0,14.96,61.35,0.083
31101.53846,23463.22314,17031.3253,20.25,75.0,0.072
25509.44681,14297.56098,14905.16129,12.96,71.2,0.074
36457.26588,21435.03055,19432.72727,21.51,42.68,0.086
35968.14159,22703.9501,13620.42901,23.56,69.96,4.957
22892.93617,12793.90244,14098.06452,9.74,62.12,0.085
44945.84071,25862.37006,21533.81001,21.05,44.15,4.919
29099.80066,17924.05063,22407.36402,23.23,77.9,4.911
26443.07692,21068.18182,8443.373494,10.13,69.4,4.916
30724.08511,19767.07317,14585.80645,16.15,40.03,0.088
25051.13924,15713.06991,12017.3494,13.32,47.41,0.087
29163.07692,21339.66942,17690.60241,21.05,62.34,0.073
38217.49049,33109.5428,16359.18367,15.21,63.72,0.083
40841.3245,23444.90644,21893.90769,24.41,60.37,0.072
22265.08475,13119.75684,13777.68844,13.9,62.62,0.081
27181.74381,15631.77189,17978.18182,16.7,65.3,0.079
29975.38462,25504.95868,14596.62651,16.24,85.0,0.085
31686.35762,17955.09356,15005.53846,20.64,49.62,0.082
33452.06557,20548.60681,16306.39676,24.78,59.51,4.924
39331.29568,27573.41772,24877.6569,27.29,67.93,4.908
23598.01938,14026.06925,12328.72727,13.25,88.1,4.923
34843.58862,19859.75104,14216.17021,22.41,59.03,4.925
45059.08096,28706.639,19520.97264,18.5,91.1,0.076
29909.10638,17323.17073,16484.51613,15.65,47.83,4.917
19631.93916,14415.46487,8637.695078,12.92,70.4,0.083
29800.35398,17274.01247,15385.4954,26.02,43.51,4.93
38916.92308,32995.04132,20310.36145,16.8,77.9,0.075
20440.67797,12714.89362,10553.24623,10.05,51.89,0.085
39111.78707,32479.90181,15581.27251,15.07,67.29,0.087
37293.77483,22651.55925,20659.2,21.88,78.2,0.067
27335.6962,17872.34043,18442.40964,5.921,75.7,0.081
23350.01076,10246.43585,12480.0,14.3,90.3,0.068
23946.89362,14286.58537,14458.06452,9.39,83.4,0.085
32299.74684,20093.61702,15608.6747,10.44,78.6,0.091
38255.57522,21846.98545,18027.21144,21.03,78.0,4.915
37653.68771,25218.98734,25100.58577,26.67,71.1,4.923
21623.92027,12668.35443,15960.50209,22.46,79.6,4.908
30745.43046,14602.079,14450.21538,21.86,75.6,0.068
37312.84768,24024.94802,28569.6,21.16,70.7,4.921
23137.21519,13914.89362,14556.14458,10.11,74.8,0.083
35869.66887,22767.56757,19359.50769,25.99,39.03,0.071
20962.7234,11429.26829,10451.6129,14.34,86.6,4.913
30294.91525,17299.69605,16353.76884,18.16,54.01,0.083
28873.0038,22394.59957,10326.05042,17.61,58.98,0.083
28627.9646,17015.80042,13196.81307,17.62,82.2,4.919
21899.16039,10986.96538,12253.09091,14.25,90.4,0.068
30734.60076,27070.88064,9196.638655,16.2,54.92,0.083
41104.58472,30246.83544,37271.29707,25.7,51.36,4.913
24142.30088,17468.60707,9607.84474,19.49,66.72,4.915
39742.78481,23795.74468,21617.3494,17.18,47.91,0.088
27785.31646,16891.18541,13353.25301,9.24,67.27,0.084
34118.80851,21160.97561,17036.12903,16.8,67.82,0.076
41505.13274,23414.96881,20857.20123,19.98,66.76,0.195
30967.87746,20311.61826,9594.164134,20.68,86.6,0.221
32249.42966,22781.22123,11271.06843,7.76,92.7,0.087
50041.19601,34074.68354,46266.77824,27.51,62.39,4.904
31314.48578,17253.11203,11128.99696,19.01,85.0,0.076
25743.54486,14930.29046,11724.25532,17.96,90.2,4.914
34713.0897,22963.29114,25444.01674,31.71,40.66,4.926
33089.62025,19903.95137,16215.90361,12.95,58.86,0.085
32570.84746,19951.36778,20035.53769,11.23,90.9,0.079
27660.59016,20689.78328,15863.31984,24.42,60.71,4.923
35197.16814,19171.30977,15420.79673,22.82,48.49,4.922
28883.10766,18148.25766,17659.18495,21.97,87.4,4.921
35126.55738,21533.12693,17985.4251,22.67,53.65,0.071
22566.07595,13327.65957,15498.79518,11.54,73.9,4.915
40101.26582,24113.06991,24855.90361,16.75,52.57,4.917
38310.69767,27110.12658,31589.62343,30.91,58.72,4.906
31844.05063,17686.32219,16840.48193,16.87,49.02,4.916
34073.84615,28223.55372,17453.49398,15.84,87.8,0.069
32823.93972,21134.41955,18437.81818,22.43,42.04,0.073
40307.21421,27594.93136,26121.63009,28.94,43.11,0.07
46842.53829,29158.50622,19485.95745,20.49,88.3,0.075
23739.33775,14879.00208,12583.38462,18.09,64.48,4.919
33623.76749,20283.91039,18722.90909,17.95,78.5,0.075
26977.69912,16854.88565,11520.0,21.97,90.0,0.287
20678.327,16967.16784,9772.869148,6.244,83.6,0.084
47462.65487,29215.38462,22333.97344,23.12,62.09,0.272
31267.69231,26862.39669,14608.19277,20.64,41.99,0.079
29863.86885,19159.13313,17868.82591,17.3,85.1,4.917
42304.06889,22476.17108,27275.63636,17.04,69.77,0.085
35725.86433,22574.6888,13200.72948,25.09,61.72,4.926
41718.6755,26139.29314,24073.84615,28.4,29.15,4.92
20824.61538,16051.23967,9027.46988,18.13,73.2,0.077
37878.6755,21004.9896,18851.44615,23.07,69.32,0.069
24792.51064,16145.12195,10956.77419,9.9,89.4,0.067
22863.05085,12463.22188,13644.54271,10.09,88.5,0.1
38841.76991,23890.22869,21663.24821,24.22,79.9,0.312
28946.54867,19747.60915,8125.188968,19.76,82.7,4.912
23446.15385,18952.06612,12173.49398,15.02,89.2,0.07
35274.4186,22211.39241,23503.93305,30.77,26.95,4.919
25075.53611,17350.20747,9477.446809,18.09,93.2,0.068
35214.68852,22131.26935,17670.60729,21.69,72.1,4.92
23672.42196,12867.61711,14237.09091,16.67,79.9,0.069
35044.78405,23931.64557,24112.46862,35.3,32.72,0.068
38648.77076,26126.58228,32378.91213,34.32,25.85,4.923
18910.42623,11160.37152,10208.25911,16.51,62.73,0.077
37622.19756,24709.60929,25098.4326,29.58,44.65,4.92
45028.86076,27621.8845,26405.78313,13.02,65.88,0.083
29631.85996,17637.75934,8572.887538,19.53,58.53,0.098
36613.67089,21220.66869,16950.36145,17.09,73.2,0.072
38898.85932,33256.82725,16497.47899,13.22,56.48,0.084
30861.53846,23924.38017,11340.72289,17.4,43.68,4.92
24229.83051,12791.48936,14240.80402,15.07,63.66,0.08
35857.75805,26074.34002,23671.97492,28.83,33.54,4.904
33341.66113,23058.22785,30818.41004,24.44,58.25,4.903
22806.15385,17951.65289,10773.9759,19.34,67.21,0.073
23272.85106,12662.19512,14283.87097,9.86,90.7,0.081
41736.07973,29324.05063,31300.41841,34.93,26.95,4.929
35856.95364,22483.16008,19282.70769,25.0,54.74,0.073
40251.79763,21768.63544,27392.0,15.42,83.2,0.077
23665.02128,12589.02439,15270.96774,16.39,77.0,0.081
33224.17021,19993.90244,15990.96774,13.94,73.9,0.075
27684.95575,16282.32848,13496.87436,20.38,75.6,4.919
44070.12766,25631.70732,25414.83871,16.09,55.47,0.078
29232.31788,18576.29938,21693.04615,22.17,83.5,4.917
32945.16556,20406.23701,18219.32308,23.91,66.78,0.068
27817.62712,23139.20973,16463.75879,16.52,58.33,0.081
21922.02532,13334.95441,14070.36145,8.54,81.2,0.082
39297.13651,25272.22809,26651.28527,27.81,72.3,4.927
32413.68821,28536.36085,14077.31092,13.3,54.54,0.076
24094.0366,12808.9613,16093.09091,12.64,82.6,0.085
31122.88525,18635.29412,17239.19028,24.63,47.38,0.073
32304.42478,18018.71102,13838.12053,23.93,43.35,4.921
32261.59696,26168.76342,9409.843938,12.45,58.91,0.081
44396.96203,27705.77508,26596.62651,12.18,57.03,0.087
39814.96115,26659.76769,26043.38558,29.32,42.95,0.073
34247.44186,22636.70886,25064.43515,30.29,44.6,4.917
27124.24779,16446.98545,11949.49949,18.5,89.9,4.916
24939.57447,14590.2439,15387.09677,11.42,90.6,0.08
27598.97872,15735.36585,16594.83871,12.62,88.3,0.073
30111.86441,18714.89362,14553.40704,13.39,76.0,4.913
33175.14894,17751.21951,21721.93548,11.22,87.1,0.073
42112.42525,30224.05063,32137.90795,35.66,22.31,4.908
27327.75665,22129.48757,11639.85594,9.4,85.8,0.084
34852.45033,20084.40748,15915.32308,25.38,57.1,0.078
24082.64901,12996.6736,11106.46154,16.76,65.77,0.079
43826.36066,24806.19195,25809.23077,18.38,70.4,0.071
24614.23729,13783.58663,14900.74372,9.98,90.3,0.076
36792.0775,24320.16293,18501.81818,21.95,41.84,0.086
25061.72185,13995.842,12423.87692,20.4,80.2,0.074
22174.90494,18602.02516,6534.453782,16.04,71.6,0.074
23164.00431,12783.29939,16128.0,15.26,71.9,0.076
44339.74468,26454.87805,25560.0,20.62,58.39,4.912
39072.21007,29744.81328,17367.53799,17.69,80.7,4.922
23436.81378,13597.14868,11613.09091,14.14,89.6,0.09
35808.84956,21117.25572,17656.5475,26.04,59.75,0.262
23647.14829,19025.46793,6672.7491,16.06,70.4,0.07
42960.79734,29377.21519,32878.99582,34.48,36.68,4.908
41858.54305,22636.59044,28634.58462,21.6,78.0,4.917
36500.33898,22333.1307,21783.79899,13.74,67.99,0.084
44516.02649,26966.32017,26637.78462,20.75,87.2,0.065
46105.48673,27490.22869,23475.38304,23.55,82.6,0.273
23540.33898,13831.00304,14999.15578,9.21,90.9,0.08
33980.33898,21446.80851,16174.31156,16.06,58.21,0.083
46578.64595,27294.61457,22612.66458,24.97,56.28,4.928
23082.71186,13386.01824,14605.50754,12.41,77.5,4.916
40294.48505,27672.1519,27854.05858,27.55,68.67,4.906
27417.34513,14459.87526,13708.68233,16.85,64.86,4.923
33113.62832,20241.58004,15403.14607,26.39,58.32,0.266
37090.33113,22834.92723,20990.03077,23.57,69.95,0.07
25469.90164,15778.32817,14674.0081,14.66,74.2,0.08
36765.95745,22675.60976,17599.35484,16.75,66.32,0.076
26283.18584,15111.01871,12967.35444,21.72,87.2,4.915
39944.61538,33508.26446,17349.39759,19.1,66.54,0.078
43413.55932,25783.58663,26206.55276,13.63,50.7,4.922
40601.28746,31609.2925,27517.99373,27.02,73.8,4.904
38466.05993,27408.65892,26398.4953,27.05,81.1,4.907
38248.91803,22904.02477,23792.06478,26.42,31.65,0.081
27907.69231,22061.15702,13162.40964,16.2,77.6,0.068
43283.70291,23238.69654,28002.90909,18.17,74.0,0.072
36681.76991,22715.17672,14985.41369,29.24,33.91,0.271
25370.84746,14381.76292,15178.61307,9.91,88.9,0.073
24216.29301,15152.69271,14535.4232,23.74,83.0,4.919
38670.63263,24108.97571,18212.91536,25.51,87.4,4.922
30861.53846,25597.93388,14081.92771,16.93,79.6,0.08
37160.50633,23409.11854,22160.96386,10.01,67.04,0.088
39198.58407,23819.12682,18974.46374,22.44,63.32,0.276
24888.21293,20855.47714,10919.56783,16.26,75.0,0.071
37548.07947,24365.48857,24310.15385,18.96,58.21,0.078
25544.0708,16091.47609,9954.974464,21.15,93.5,4.913
21292.77567,16735.19485,9069.867947,16.27,68.32,0.07
39760.5298,24829.52183,24404.67692,21.42,66.94,0.08
35165.98007,23829.11392,31300.41841,25.76,50.92,4.923
43037.34219,34515.18987,30854.56067,32.48,35.12,4.909
31667.28477,19792.51559,23973.41538,21.85,81.2,4.914
31246.72566,20260.29106,12326.04699,21.02,64.25,0.279
24277.78723,14923.17073,10579.35484,13.77,80.9,0.085
33949.66887,21338.04574,16441.10769,25.08,61.86,0.073
23660.02153,13410.1833,15313.45455,16.16,82.2,0.069
47221.79402,29806.32911,38042.51046,24.93,82.1,4.909
14612.65823,16486.32219,13052.53012,9.97,85.9,0.081
20684.74576,12237.08207,10750.07035,6.829,81.1,0.088
26567.30038,22228.90457,11397.83914,9.06,80.2,0.084
36853.91685,23695.02075,13399.14894,22.99,68.0,0.099
28378.98305,18908.20669,14570.77387,10.63,61.27,4.921
23137.62712,14779.33131,12590.95477,15.18,64.15,0.082
28689.23077,24136.36364,14683.37349,20.83,62.15,4.915
29351.81916,17450.10183,17710.54545,25.93,37.07,4.923
33187.67213,20871.82663,17227.53036,21.68,63.82,4.922
41793.48837,27816.4557,28107.11297,33.84,33.48,4.907
23610.64639,17880.33139,8482.112845,14.51,78.2,0.069
31827.69231,23359.09091,11849.63855,20.5,73.1,0.071
48617.98002,33034.84688,38761.12853,25.33,86.3,4.919
37015.28525,21585.33605,19095.27273,15.91,86.2,0.069
44680.9628,28527.38589,18552.21884,23.13,60.09,4.917
32955.94937,20844.9848,21727.22892,13.24,78.9,0.078
29033.84615,22853.30579,14307.46988,12.65,88.0,4.92
36970.12209,21999.15523,17370.28213,27.96,70.9,4.926
29464.86127,18269.90496,15709.09091,20.71,70.3,4.914
38807.60456,33499.84658,15442.97719,12.66,55.57,0.078
24738.85899,14180.04073,16017.45455,11.36,75.1,0.081
33660.75949,20257.75076,15527.71084,16.4,59.42,0.076
38738.46154,32734.71074,16788.43373,13.98,44.94,0.082
40908.1465,23466.52587,20391.72414,22.56,71.7,4.923
28787.8327,24600.18411,10124.36975,15.9,73.0,0.072
32132.38938,20529.72973,16244.49438,25.42,73.6,0.299
27236.02649,13535.55094,15891.69231,21.23,60.14,0.083
38004.51827,24383.5443,26408.03347,27.35,71.0,4.919
35164.98906,21461.82573,13440.0,26.51,43.88,4.92
27104.77024,15901.24481,11776.77812,20.04,87.5,0.071
31032.55814,21155.6962,20533.55649,24.09,77.2,4.909
32315.52207,17428.10591,22824.72727,15.06,79.5,0.082
21998.29787,13445.12195,11142.58065,12.81,87.3,4.91
36261.23894,21177.13098,16521.02145,20.02,83.4,4.922
41474.5515,28997.46835,31463.09623,33.95,30.88,4.907
47679.29204,28444.49064,21763.26864,22.73,53.68,0.271
45570.26549,27617.46362,23710.72523,24.04,80.2,0.327
28972.22591,20039.24051,17816.23431,24.36,63.67,4.924
30289.23077,26159.50413,10756.62651,16.03,30.6,4.927
45673.11258,27374.22037,27760.24615,21.06,85.4,0.068
23782.81967,14533.74613,14201.78138,17.4,69.12,0.081
24156.27907,15881.01266,17852.38494,21.76,49.56,4.913
22819.40426,13236.58537,15509.03226,12.38,81.4,0.083
41772.20339,26071.73252,25257.16583,12.87,65.65,0.082
31552.40506,20221.2766,16533.9759,16.07,71.1,0.074
30171.42857,19705.06329,25666.94561,25.29,85.2,4.932
23113.53191,13946.34146,13639.35484,9.64,89.9,0.081
22636.98601,12266.39511,15173.81818,14.24,86.1,0.079
35547.61062,23310.18711,15538.46782,24.89,72.5,0.286
29110.01076,15983.70672,19502.54545,15.15,88.1,0.069
46943.04107,28256.3886,25453.54232,25.78,80.7,4.919
47838.58407,29728.06653,20021.73647,23.07,50.42,0.288
35434.23036,18703.86965,21044.36364,16.15,78.1,0.068
43803.97351,27145.94595,27264.0,21.36,78.7,0.067
47523.15098,29543.15353,19976.17021,22.03,78.1,0.078
32047.65957,15109.7561,15712.25806,13.04,69.72,0.078
38947.52852,33599.26358,16197.83914,13.75,63.62,0.083
35784.61538,30060.7438,19489.15663,15.22,83.8,0.069
34292.65823,21953.79939,16747.95181,15.7,31.15,0.09
23544.15755,18534.0249,11951.8541,16.98,71.9,0.081
42647.08861,26283.28267,25642.40964,15.01,83.7,0.073
34041.35593,19232.82675,16261.14573,13.31,80.8,0.073
26475.25424,19068.69301,13667.69849,15.76,63.38,0.081
22676.92308,18063.22314,10253.49398,7.65,79.5,4.914
41875.9322,24842.55319,24973.50754,10.86,79.9,0.072
32155.27869,19144.27245,17075.95142,21.49,59.86,0.073
40409.50055,28568.10982,25333.16614,26.74,82.8,4.914
32156.27081,22782.25977,22708.96552,25.15,63.92,4.905
38472.45283,27325.0264,26235.98746,34.9,21.44,4.906
37966.97872,22445.12195,22697.41935,11.36,81.1,0.075
25245.54939,14966.42027,11598.24451,21.92,70.3,4.922
20854.75285,16753.6054,9519.327731,7.28,84.3,0.084
26732.30769,22142.97521,11705.06024,9.07,77.2,4.919
18317.28814,10657.75076,10750.07035,6.408,57.23,0.094
35052.1519,21009.11854,16597.59036,17.28,65.42,4.916
27236.92308,21808.26446,13856.38554,15.38,88.7,0.071
44402.39203,30330.37975,35355.31381,24.9,62.92,4.903
21778.46154,15824.38017,11676.14458,12.04,87.6,4.93
34755.25424,21578.1155,16093.26633,11.54,65.84,0.084
22978.46154,16296.69421,12942.6506,12.52,85.1,0.08
33800.17021,18219.5122,15555.48387,24.3,47.88,4.917
31671.48289,25925.74409,9899.639856,12.61,78.5,0.085
23297.3617,13807.31707,14225.80645,11.05,84.4,0.084
34139.46903,20256.54886,15391.37896,26.4,58.39,0.26
30554.70199,19388.35759,22738.70769,22.04,83.3,4.917
44007.41722,26670.68607,26041.10769,18.75,64.06,0.081
31398.12766,15684.14634,16374.19355,20.32,53.67,0.082
47524.79467,31061.87962,36173.04075,25.67,84.1,4.926
21484.55696,12922.79635,12410.60241,8.97,80.7,0.085
43407.96499,26936.51452,19380.91185,24.07,41.65,4.917
23878.48101,15341.03343,15036.14458,5.795,86.9,0.086
36080.0,30551.65289,18962.89157,16.27,87.3,0.07
48432.58602,29286.58923,26855.92476,25.52,82.4,4.917
42416.87014,29271.38332,31977.93103,22.21,55.23,4.907
31738.90205,17266.80244,18245.81818,16.66,82.4,0.075
33714.38298,20436.58537,17750.32258,26.42,40.27,4.918
32366.29787,18296.34146,16536.77419,15.66,60.45,4.922
34811.80328,22127.55418,18137.00405,19.69,60.29,4.925
27098.73418,16942.24924,16742.16867,14.49,78.9,0.077
26678.23009,14583.36798,12961.47089,22.43,43.71,4.918
29104.18251,25038.35532,10020.64826,15.98,71.2,0.086
18947.69231,13626.44628,7951.807229,15.19,86.8,0.072
37772.30769,31648.76033,17979.75904,18.89,75.0,0.075
24311.52318,15926.81913,11667.69231,19.94,77.2,0.069
32018.25095,26864.68242,13869.86795,13.45,76.3,0.076
30331.45318,15576.78208,19706.18182,19.37,63.31,0.073
40925.98007,28336.70886,29986.94561,29.37,62.91,4.909
38274.69027,21581.28898,19939.3667,21.95,60.85,4.926
40938.73754,26510.12658,33740.58577,27.0,72.8,4.912
26438.64407,16931.30699,11682.09045,13.25,62.88,0.088
45450.4918,27551.70279,25914.17004,19.37,83.9,4.922
31360.68891,17593.07536,18885.81818,18.76,64.99,0.073
31546.69537,16328.30957,18955.63636,15.72,82.0,0.07
34339.43107,19669.29461,13912.70517,21.79,57.76,4.924
32603.5443,22460.79027,16175.42169,11.38,66.54,0.08
29902.97872,16309.7561,16153.54839,14.32,60.97,0.088
40115.4273,28370.43295,27319.37304,27.51,69.43,4.903
24182.50951,18657.25683,11173.10924,14.49,71.9,0.081
36861.53846,30562.80992,17245.3012,19.24,69.48,0.073
23518.94967,18093.361,11683.40426,18.04,70.3,0.081
33346.7234,20370.73171,15311.6129,22.15,51.69,0.072
34468.47458,22194.52888,18663.55779,14.43,73.6,0.08
31887.45763,19407.90274,15033.88945,14.7,51.03,0.085
33352.85106,22847.56098,16072.25806,20.05,57.34,4.919
40880.87527,32381.3278,18108.69301,18.83,78.1,4.921
42276.4557,28147.11246,26243.85542,14.81,57.53,0.082
30850.19011,25679.04265,9818.967587,16.33,61.62,0.086
32558.16393,20689.78328,16236.43725,28.62,31.09,0.067
37455.98224,25888.06758,26880.0,26.69,38.39,4.908
27400.9628,21450.62241,9419.088146,19.9,71.8,0.071
41085.56962,25582.97872,24907.95181,12.13,65.38,0.084
34522.18818,26921.57676,15330.82067,17.21,85.4,4.918
31753.35548,21379.74684,26486.35983,27.43,55.62,4.908
38752.40506,23832.21884,24300.72289,15.3,75.5,0.075
24104.61538,18304.95868,12717.10843,18.27,68.45,0.068
30711.82979,19028.04878,19143.87097,9.95,69.08,0.085
36067.40426,21325.60976,21210.96774,19.18,71.7,0.071
23288.77076,14179.74684,18430.79498,20.59,81.4,4.915
35332.08511,22181.70732,16740.0,17.13,68.28,0.075
26248.10127,16745.28875,16435.66265,9.46,59.17,0.089
30902.27848,19885.71429,19512.28916,10.83,60.67,0.087
37879.64602,26000.8316,11731.80797,23.44,62.02,4.922
23125.78723,13726.82927,14016.77419,8.82,88.8,0.082
26256.95364,16147.60915,11839.01538,21.41,81.9,0.068
31769.20354,17659.45946,13608.6619,24.11,47.72,4.929
39384.61538,32734.71074,18216.86747,21.28,63.21,0.078
42471.4747,23172.70876,27578.18182,17.13,77.2,0.073
31114.22863,20588.80676,23304.82759,23.93,75.9,4.91
34368.63787,22826.58228,30499.0795,25.7,84.2,4.916
21189.35361,16503.22185,9110.204082,14.95,77.2,0.072
23833.62756,13842.76986,12026.18182,10.45,80.4,0.082
37594.22951,23212.3839,20515.62753,27.61,47.73,4.924
28243.81798,19193.6642,18850.90909,21.22,51.23,4.903
33444.76596,22039.02439,16234.83871,14.52,67.18,0.086
26905.18033,12858.20433,15099.59514,17.39,80.1,0.068
29548.28897,23871.12611,9196.638655,8.46,82.2,0.086
26380.04376,15707.05394,12033.55623,18.21,80.2,0.081
23542.46809,14465.85366,14040.0,10.94,87.7,0.082
32514.27303,25291.23548,27433.73041,27.17,76.0,4.903
27236.02649,17719.33472,11844.92308,21.93,65.94,0.087
31357.87375,20616.4557,25407.86611,27.27,63.58,4.923
44091.8091,30769.16579,27217.05329,33.23,36.25,4.904
35614.82797,24059.55649,27259.18495,26.42,33.18,4.905
28573.1291,20024.06639,10101.8845,20.06,89.5,0.068
37366.46809,21548.78049,22935.48387,11.62,86.3,0.074
31671.48289,25859.46609,10112.84514,17.09,44.03,0.086
28664.61538,21127.68595,11762.89157,20.4,65.89,4.92
22238.9404,13011.64241,11065.10769,19.54,86.9,0.068
33629.73451,19770.06237,18144.88253,19.56,68.56,0.149
23760.0,18438.84298,12422.16867,13.76,86.4,0.084
31433.87347,21212.24921,19380.56426,23.64,56.82,4.925
36111.25828,20671.93347,23748.92308,24.62,66.88,4.918
33954.69027,19276.09148,16532.78856,20.66,86.5,4.919
31032.55814,20889.87342,25383.76569,26.46,57.85,4.91
25168.14159,14100.6237,13043.84065,22.96,62.19,4.917
42418.98305,25706.99088,25210.85427,13.44,71.9,0.082
33452.06557,21689.16409,17338.2996,26.04,49.64,4.919
46793.62832,31868.60707,16597.50766,22.05,72.0,4.919
22132.31939,17431.11384,8954.621849,11.52,67.49,0.084
22135.38462,17003.30579,11340.72289,13.36,86.4,0.08
27117.37418,15591.28631,11811.79331,17.3,89.3,4.917
31113.84615,27591.32231,8796.144578,18.23,67.46,0.07
28934.25083,18019.00739,17761.5047,19.5,80.0,4.911
27245.30973,15103.5343,13302.71706,21.57,83.8,4.916
23081.36882,17655.72261,6592.076831,8.65,93.4,0.081
44045.56291,27654.88565,33077.16923,24.03,58.04,4.921
23809.23077,17025.61983,14133.9759,14.09,82.3,0.086
23343.81055,12988.5947,15109.81818,14.01,89.6,0.073
37117.97468,24295.44073,23323.37349,12.87,67.96,0.075
31906.30786,17868.02444,18123.63636,16.95,81.2,0.078
39400.85106,22800.0,24201.29032,15.87,62.25,0.083
22448.13559,12342.85714,13974.51256,11.72,68.62,0.085
33883.07692,28227.27273,15041.92771,17.52,71.0,4.925
36071.7608,20958.22785,21756.65272,27.24,68.81,4.917
26657.33042,18298.75519,13585.89666,21.12,66.42,4.918
32039.21225,26372.61411,14099.45289,16.24,88.8,0.085
28944.78689,17286.68731,16953.52227,25.6,41.04,0.081
29266.68147,19676.45195,20903.32288,22.02,66.09,4.911
37590.23307,22322.28089,20313.47962,21.81,77.7,4.923
33409.27152,20671.93347,20109.78462,29.48,38.86,4.921
23722.02368,12801.62933,16401.45455,15.4,67.62,0.073
27390.299,21505.06329,26980.41841,24.91,84.7,4.918
24387.81457,15350.51975,12152.12308,20.18,86.4,0.066
21071.39241,12255.31915,10184.09639,10.1,77.4,0.085
26907.61062,15664.86486,12826.14913,16.81,85.9,4.92
26104.94297,21032.21847,11576.47059,10.07,88.9,0.081
36664.98339,24691.13924,30547.28033,27.12,71.3,4.915
32361.76991,18048.64865,13332.13483,23.21,52.99,4.92
26778.27815,14504.7817,11915.81538,20.72,77.6,0.07
24095.36424,17232.84823,12689.72308,18.01,59.86,0.078
28538.47176,18911.39241,21358.99582,20.93,70.9,4.917
38649.42966,32347.34581,17137.09484,13.11,80.1,0.072
35522.12389,21846.98545,13343.90194,31.55,27.84,4.919
23583.05085,12386.62614,14258.17085,14.63,67.16,0.079
33949.83051,22008.51064,16967.39698,16.4,62.18,0.083
34535.48936,21563.41463,16136.12903,16.7,74.7,0.073
26766.68852,15566.56347,16504.61538,17.52,89.8,0.074
36975.89404,22026.61123,28616.86154,22.61,86.5,4.917
46022.65487,27553.84615,21045.47497,24.37,51.42,0.356
47008.21192,26285.23909,27606.64615,21.02,79.3,0.071
26344.71475,15276.17108,17198.54545,16.26,77.3,0.082
34654.52954,23239.41909,12372.03647,21.47,64.51,4.92
27697.15536,17499.58506,8923.039514,15.24,85.0,0.084
25515.57447,14615.85366,16606.45161,12.48,82.3,0.084
46910.95082,27759.75232,26427.20648,19.38,78.8,4.918
41448.81356,25134.3465,24261.46734,13.29,71.9,0.081
39259.76319,20914.46029,26048.0,14.77,83.9,0.07
39050.63123,26692.40506,28577.07113,33.25,27.44,4.91
30598.80399,20631.64557,23744.93724,23.96,86.8,4.914
25293.63934,14303.40557,15286.15385,17.32,90.7,0.069
23442.71186,13783.58663,14709.70854,8.5,90.4,0.083
40077.06992,24762.82999,19500.94044,24.21,92.2,4.919
24006.35762,15350.51975,10846.52308,20.73,83.4,0.068
23728.2239,12819.95927,14033.45455,15.52,86.8,0.087
25346.52079,15964.73029,11601.70213,17.33,86.1,4.915
28308.44639,19243.56846,9996.838906,18.27,91.6,0.073
27550.76923,23035.53719,9420.722892,15.33,84.6,0.084
21502.72425,12767.08861,15827.94979,22.31,79.9,4.91
34906.60832,22268.46473,12045.22796,21.86,61.82,4.919
27442.83186,15391.68399,14173.48315,28.5,41.78,4.921
42033.41772,26418.23708,25110.36145,10.6,64.14,0.088
44153.92405,27972.03647,25925.78313,11.39,70.7,0.079
25482.4918,15258.20433,16702.83401,18.5,64.35,0.082
34221.92691,25302.53165,27817.90795,25.21,61.96,4.908
31720.3014,18216.29328,17186.90909,13.83,87.0,0.07
45077.98687,27608.71369,18943.22188,20.07,78.5,0.081
45365.5814,29187.34177,36819.41423,24.33,83.3,4.91
37245.4485,25294.93671,24974.05858,26.57,70.7,4.925
43574.55738,24575.85139,25896.68016,22.74,42.46,4.916
36535.38462,29584.71074,15984.57831,15.74,74.8,0.082
46201.06195,25832.43243,21227.86517,22.63,77.5,4.925
38083.65019,31154.34182,16226.65066,14.25,72.8,0.084
32784.78689,20708.35913,17384.93927,21.92,57.89,0.073
23881.06195,17180.45738,9519.59142,19.49,67.06,4.916
36639.64989,23601.65975,13008.1459,24.74,50.79,0.075
25960.91803,16134.98452,15886.63968,17.63,86.6,4.915
26740.25316,16920.36474,16921.44578,15.2,83.9,0.076
21483.57447,11787.80488,10521.29032,14.24,85.5,4.908
41117.34219,27459.49367,27890.20921,34.06,32.45,4.907
33891.64557,20658.96657,16181.20482,14.76,56.66,4.916
35553.9823,20365.07277,16426.88458,20.9,78.9,4.916
22284.41065,17346.42528,9628.811525,7.34,89.7,0.085
40804.78405,28291.13924,32650.04184,29.02,49.26,4.912
31777.57377,20663.77709,16504.61538,26.31,29.06,0.081
29183.26996,22534.51979,8251.620648,18.63,48.77,0.084
46642.57492,33414.99472,37611.53605,32.53,27.61,4.904
35491.67213,23416.71827,18230.2834,18.01,71.7,4.92
35732.38938,22296.0499,13273.29928,32.23,27.11,4.919
23750.88608,14553.19149,11306.0241,8.4,85.1,0.09
42909.76744,29924.05063,34578.07531,26.53,45.32,4.91
37350.79646,20402.4948,16067.98774,25.84,51.12,0.302
33815.38462,28126.8595,17297.3494,15.08,79.1,0.083
43396.08511,26436.58537,24793.54839,15.36,72.0,0.082
34692.34136,25887.13693,12611.30699,23.24,63.48,4.923
24293.00777,13765.15312,13054.79624,23.42,88.4,4.92
35107.9646,22086.48649,13973.44229,19.13,78.7,0.292
31686.15385,24876.44628,17864.09639,19.67,70.7,0.073
23503.72881,14600.6079,12394.13065,11.5,76.7,0.079
29921.75055,24714.52282,11199.02736,20.76,65.28,4.917
33864.71761,23589.87342,25154.81172,27.32,71.1,4.913
36957.33629,23405.70222,23021.94357,25.66,74.2,4.928
32747.01639,21399.3808,17285.82996,21.0,69.46,4.918
24949.04943,20402.57748,10314.52581,13.11,56.24,0.09
41395.44304,26866.8693,25411.08434,13.35,69.86,0.076
26627.79661,16110.6383,16573.74874,10.19,91.0,0.079
24864.31894,14468.35443,18497.07113,25.35,89.2,4.916
46943.3698,27989.62656,19532.64438,24.14,63.79,4.923
36779.80066,25025.31646,33439.33054,29.94,62.42,4.908
39226.81465,26484.89968,24063.19749,26.85,42.88,4.919
27283.53982,15608.73181,12784.96425,20.53,78.9,4.917
22323.03797,13670.51672,13989.39759,10.76,61.53,0.083
41538.33887,29225.31646,30794.30962,34.39,27.91,4.926
21864.63878,17582.08039,9974.54982,9.84,71.1,0.082
40479.29204,25682.74428,15085.43412,25.49,45.85,0.305
35423.04107,24177.40232,26988.33856,26.79,32.81,4.905
29476.92308,21685.53719,19153.73494,19.33,72.2,4.914
27157.41445,21555.07824,7709.963986,15.1,69.23,0.073
22476.25532,12629.26829,14086.45161,15.57,58.48,0.08
21486.52608,17106.65259,16497.55486,24.46,92.3,4.916
19964.69322,10488.39104,14149.81818,14.83,86.2,0.082
29505.70342,25561.2151,12936.37455,13.31,57.24,0.078
30694.48505,21091.13924,23046.0251,26.07,43.01,4.907
29221.01695,22052.27964,16087.47739,16.62,62.35,0.081
34043.80328,20530.03096,20690.52632,20.15,54.84,0.086
30948.97155,19437.75934,14035.25836,19.28,67.59,0.12
34126.77966,20575.07599,21019.65829,12.26,61.18,0.083
37998.13953,25537.97468,30324.35146,32.28,39.45,4.922
31918.70829,20694.50102,17367.27273,22.97,44.88,0.084
35140.46512,23798.73418,32571.71548,33.09,33.38,4.906
31390.76923,24768.59504,10056.86747,20.73,49.04,0.085
43273.51831,31267.15945,27758.74608,31.11,49.68,4.905
34175.58665,18821.18126,18461.09091,14.19,90.0,0.069
32341.78723,18647.56098,16571.6129,24.4,52.1,0.084
22427.23404,13551.21951,14144.51613,13.06,88.0,4.909
32593.78556,25752.6971,9442.431611,20.19,66.44,0.085
24239.20266,16070.88608,21563.84937,23.05,54.92,4.904
39847.86885,23557.89474,24130.20243,18.09,87.4,0.07
23758.42451,19060.58091,8590.395137,12.23,87.5,4.912
32932.45033,19485.65489,19241.35385,24.42,46.51,0.081
24632.69962,18414.2375,8689.555822,8.41,94.7,0.079
24036.5019,18605.70727,7404.561825,12.86,58.74,0.082
27583.26996,23053.69745,11605.28211,12.05,84.0,0.085
35642.7541,22190.71207,21576.68016,19.29,84.1,4.914
32215.22124,19347.19335,17238.81512,22.82,70.8,0.271
42844.32787,26240.24768,25086.31579,20.66,80.9,4.922
26530.79848,20583.00092,8816.326531,12.47,73.7,0.08
28573.1291,16248.54772,13282.43161,20.55,65.66,4.923
32770.7234,21267.07317,15543.87097,13.56,70.6,0.087
20527.65957,11275.60976,10260.0,10.11,87.1,0.081
30695.38462,25378.5124,13827.46988,9.63,75.2,4.919
28616.94915,17726.44377,17673.64824,15.15,64.99,0.079
42545.16556,25813.72141,26903.63077,18.84,75.9,4.921
24658.46154,17021.90083,11843.85542,12.14,83.2,0.081
42723.17881,27508.93971,24245.16923,22.42,71.7,0.071
23050.95057,18848.7266,7127.971188,11.27,87.2,0.083
45309.02655,27733.47193,21433.78958,22.16,66.52,0.279
29243.5443,18740.42553,17968.19277,11.57,72.0,0.084
31909.38053,18018.71102,15232.52298,24.32,39.08,4.927
34412.30769,27468.59504,18899.27711,18.16,68.41,0.071
35835.74751,23798.73418,33047.69874,33.36,29.71,4.908
40249.67814,29252.37592,27722.63323,34.99,13.54,4.904
50056.3818,34365.36431,39254.67085,26.97,83.3,4.904
22679.84791,18366.37005,7393.037215,18.05,51.3,0.081
30600.0,19947.72036,14831.27638,15.41,54.19,0.08
30405.2459,22272.44582,16667.85425,27.57,31.23,0.073
29980.22814,25281.37465,12988.23529,14.42,63.58,4.914
20344.61538,14504.13223,9484.337349,15.16,80.9,0.073
27231.31915,16159.7561,16298.70968,11.21,74.5,0.084
28966.15385,22938.84298,8304.578313,10.03,81.4,0.083
30220.88496,19496.8815,10643.35036,19.21,85.3,4.914
32920.66445,21729.11392,20834.81172,24.81,81.1,4.919
28264.91803,17416.71827,15624.2915,21.74,52.92,0.08
34451.68142,20447.40125,15603.18693,26.67,55.99,0.257
36923.89381,23890.22869,14008.74362,23.59,68.62,4.941
43753.11258,24339.29314,26141.53846,21.96,75.5,0.081
23218.01325,14890.22869,12559.75385,19.3,58.55,0.08
33341.66113,21721.51899,25787.4477,29.92,42.09,4.925
31067.23404,18834.14634,18847.74194,11.35,85.8,0.076
26414.16393,16569.65944,15525.18219,16.24,90.9,4.917
32129.51561,20657.84114,17448.72727,22.68,46.51,0.083
28990.72848,18288.14969,16860.55385,19.58,89.6,0.071
29010.26549,16061.53846,14049.9285,22.73,43.98,4.918
33148.60927,21308.10811,15543.13846,22.94,70.0,0.07
32346.76806,26010.43265,9115.966387,14.28,48.53,0.088
21150.76923,16475.20661,11034.21687,18.64,69.05,0.068
23686.77966,14892.40122,12394.13065,8.62,88.8,0.08
32665.43046,21259.45946,16293.41538,23.54,66.82,0.071
35806.09272,22172.55717,20440.61538,24.12,61.19,0.055
34377.24289,25562.24066,11928.51064,22.46,69.95,4.917
30564.43951,21193.24182,21192.22571,24.41,66.52,4.903
23546.44068,14119.14894,15201.76884,10.64,47.68,0.086
37266.88525,22120.12384,22229.63563,19.74,59.17,0.082
27636.49279,16897.57128,14788.21317,19.49,75.3,4.911
36101.9469,21498.9605,16044.45352,26.41,64.79,0.258
41924.61709,29393.03062,28336.55172,33.45,32.34,4.907
47567.68212,27969.23077,28167.87692,21.0,44.41,0.08
24328.51711,19537.28137,7312.364946,13.69,75.0,0.074
34560.0,21391.95046,16726.15385,20.16,69.5,0.074
32872.27525,25409.08131,26861.94357,26.64,49.48,4.904
27990.87452,23267.2599,9801.680672,19.05,53.6,0.086
31730.97345,21004.9896,16332.7477,27.04,63.55,0.335
27113.84615,22057.43802,8720.963855,14.64,84.9,0.083
21287.48936,13156.09756,10840.64516,8.94,90.2,0.092
20554.93671,13167.17325,14116.62651,12.68,83.4,0.08
31100.21882,19956.84647,10948.08511,21.1,52.69,4.922
24986.8676,14345.01018,16052.36364,16.31,70.5,0.078
27780.53097,18804.5738,10343.28907,19.31,85.6,4.915
27057.7395,17340.1222,13143.27273,16.02,92.8,0.065
25406.95082,15622.29102,15396.92308,17.58,85.6,4.915
19661.53846,13150.41322,6511.807229,12.12,71.0,4.917
31350.50847,19962.31003,19792.40201,9.13,86.8,0.086
50356.84795,33814.14995,40326.01881,25.36,85.7,4.918
28339.71143,17908.76452,18014.29467,19.98,79.0,4.91
36251.23404,19145.12195,15892.25806,15.46,66.92,0.074
22459.53488,14943.03797,14857.90795,23.64,87.1,4.918
40102.64151,24812.24921,19428.71473,25.27,89.7,4.926
42109.7593,26088.79668,18137.87234,19.72,82.2,4.915
26136.63717,15032.43243,13273.29928,20.7,70.1,0.336
32055.09934,21042.41164,14054.4,24.47,63.12,0.07
35360.35011,22391.70124,13101.51976,25.5,42.25,4.92
23373.38403,18664.62105,6868.667467,11.02,87.1,0.078
28057.79468,21345.19791,9784.393758,16.38,61.48,0.08
24820.25316,15457.75076,16499.27711,15.05,71.1,0.078
24836.92308,19647.52066,11242.40964,16.07,81.0,0.084
40714.93671,25108.81459,25578.79518,12.34,81.2,0.077
44071.13025,23451.32383,28701.09091,15.72,72.5,0.07
33747.04595,26514.52282,10580.42553,20.7,66.28,0.086
42051.64557,26246.80851,25422.6506,11.28,71.7,0.091
21025.57377,13144.27245,10558.05668,16.85,78.9,4.918
34305.69536,16866.11227,17203.2,23.23,69.35,0.067
46239.29204,27149.68815,22457.52809,25.42,62.05,0.265
33687.45763,19867.4772,15774.87437,11.8,50.42,0.083
30241.8251,24637.00522,8891.236495,15.54,70.0,0.072
37813.98446,24728.61668,22913.60502,26.78,52.95,4.904
45410.37675,23689.61303,28864.0,17.18,49.65,0.085
24590.05382,14465.98778,12363.63636,14.92,87.7,0.069
20282.0339,11350.75988,10854.27136,10.8,92.2,0.081
23675.76159,15316.83992,12748.8,19.63,89.3,0.071
38623.25581,25853.16456,36903.76569,27.28,30.48,4.912
30564.76596,19869.5122,14736.77419,16.33,32.82,0.085
39593.89831,23653.49544,20313.40704,15.41,59.93,0.083
21897.72152,12981.15502,13665.54217,16.37,55.27,0.087
46785.04918,28149.8452,26473.84615,20.77,66.91,4.922
36886.88742,22659.04366,19643.07692,22.06,81.7,0.066
30241.59468,20593.67089,26606.86192,24.84,48.78,4.909
26248.10127,14651.67173,14151.3253,15.08,51.79,4.916
43788.25532,21051.21951,25380.0,17.11,67.22,0.078
33074.36066,20804.95356,17454.89879,21.87,56.29,0.073
23297.3617,13565.85366,14463.87097,12.35,85.1,0.078
26939.66704,17349.9472,13638.62069,24.22,92.0,4.919
31089.23077,26248.76033,10386.50602,20.06,47.91,4.918
25643.07692,20540.08264,11907.46988,19.9,80.7,0.067
24911.6849,16170.12448,10860.54711,18.0,89.3,4.91
34366.53992,27906.71985,15627.37095,15.25,62.78,0.083
22831.93916,18237.49616,10118.60744,7.76,72.2,0.083
38357.41445,31257.44093,16209.36375,14.82,71.2,0.081
30331.13924,17255.92705,15238.55422,9.68,75.5,0.082
42735.89404,25780.04158,26336.49231,19.92,65.48,4.916
39817.78256,21215.07128,26478.54545,16.15,69.99,0.073
29969.23077,22842.14876,15354.21687,19.39,74.2,0.069
30230.54705,22421.57676,11800.12158,21.21,71.7,4.928
24951.82979,15951.21951,11490.96774,12.04,88.8,0.081
30800.97669,22367.89863,23708.08777,26.68,83.0,4.909
37790.44248,24174.63617,14508.84576,24.53,53.02,0.285
46213.95349,28864.55696,39922.3431,26.13,82.8,4.913
26425.31755,16933.19756,14557.09091,17.02,65.85,0.088
23598.98734,14691.79331,15487.22892,9.93,72.0,0.084
29178.30508,18817.02128,14084.50251,12.99,61.67,4.916
31123.95437,25664.31421,9882.352941,16.62,60.45,0.087
33235.9322,19809.11854,15334.91457,11.23,53.12,0.079
22972.88136,13393.31307,13685.06533,12.18,80.2,4.922
39626.78337,30499.17012,17431.73252,19.57,78.0,4.923
31314.48578,25752.6971,12191.12462,21.56,54.77,4.916
37090.62295,22383.90093,19046.47773,21.62,43.44,0.082
25772.06557,16383.90093,16166.47773,17.88,85.0,4.917
31294.29658,24865.2961,9277.310924,16.46,68.89,0.073
31686.15385,25992.14876,13798.55422,16.11,57.07,0.082
25693.69214,15356.82281,12130.90909,14.43,81.0,0.081
32534.23729,20162.91793,15543.31658,18.66,50.8,0.083
39169.23077,33229.33884,19801.44578,20.25,77.6,0.07
32958.93688,19579.74684,24540.25105,26.77,59.31,4.925
31555.89354,26467.01442,8764.465786,17.54,66.66,0.082
28179.46768,21974.83891,7756.062425,8.56,93.9,0.086
26786.44068,15020.06079,14246.59296,11.85,91.8,0.083
37229.73451,23890.22869,16291.56282,25.68,69.22,0.281
30886.69202,25369.74532,9329.171669,16.78,56.28,0.082
21470.76923,16129.33884,10583.13253,15.75,79.6,0.074
34591.50985,21555.18672,12891.42857,25.3,47.29,0.086
35694.35449,21723.23651,12984.80243,21.93,46.92,4.951
24260.66225,15814.55301,15442.70769,21.34,80.4,4.916
28634.33628,17090.64449,15920.89888,21.17,60.69,4.921
27211.90372,14840.6639,12914.77204,13.76,73.2,4.919
22556.82119,14358.83576,11136.0,17.94,67.79,0.081
20358.29508,12850.77399,10633.84615,17.63,79.2,0.065
39366.35762,24623.70062,24605.53846,16.42,77.9,0.071
31090.63291,20254.10334,14596.62651,7.29,86.5,0.086
33004.0678,20122.79635,20429.18593,7.69,62.57,0.084
46728.47682,25765.07277,27092.67692,21.84,58.72,0.079
37390.76923,31191.32231,16285.3012,16.39,65.78,4.918
23149.83051,13706.99088,14229.22613,15.21,57.41,0.077
38692.45033,24118.50312,23949.78462,16.24,78.5,0.07
37544.61538,30893.80165,15724.33735,11.52,70.3,4.92
41477.08609,25955.92516,23229.04615,21.73,82.9,0.07
31248.78689,20433.43653,14854.73684,18.76,80.3,4.917
24363.57447,15512.19512,11003.22581,8.27,91.1,0.095
23883.07692,18866.52893,10843.37349,8.35,81.7,4.92
45977.9402,31462.02532,41735.89958,26.19,76.9,4.907
32488.85106,20732.92683,15032.90323,12.79,87.8,0.083
47985.08324,33046.25132,36528.15047,29.9,25.74,4.91
21793.57377,12427.24458,10616.35628,16.86,90.9,0.074
36386.04255,21925.60976,21803.22581,10.44,88.7,0.076
31966.77966,21147.72036,16307.45729,19.16,43.66,0.084
44828.35443,27165.95745,25717.59036,11.06,51.02,0.081
24235.9322,14637.08207,14622.87437,10.2,60.42,4.924
38036.41196,25731.64557,30517.15481,32.32,39.59,4.921
33892.72131,23379.56656,17064.2915,23.41,53.85,4.922
22295.38462,17717.35537,11589.39759,19.16,73.9,0.069
32438.02281,26901.50353,10037.93517,15.15,55.02,0.083
23479.32203,14378.1155,14489.72864,10.51,48.45,0.085
35483.5443,22012.15805,21721.44578,14.96,75.9,0.073
34473.19699,19741.3442,17309.09091,16.6,73.9,0.073
29308.60927,19040.33264,13629.04615,20.91,84.8,0.079
34343.84106,22415.80042,19312.24615,24.71,56.11,0.069
29023.75139,18859.13411,20385.70533,24.01,82.0,4.92
35001.13786,23493.361,10901.39818,21.73,75.6,4.917
24164.25856,19677.2016,10354.86194,12.73,49.2,0.079
21950.76923,17338.01653,9825.542169,5.706,85.9,4.917
25735.22124,15309.35551,14138.18182,21.17,56.49,4.92
33064.85106,19500.0,16374.19355,13.8,75.1,0.073
30778.81838,16872.19917,11093.98176,18.0,85.1,0.088
28991.7869,19463.56917,21739.9373,24.25,92.4,4.925
35500.92715,21921.82952,18934.15385,22.78,74.9,0.069
24216.51064,14952.43902,11525.80645,12.01,85.6,0.077
25681.29171,14649.28717,15965.09091,16.72,86.7,0.068
41275.75221,27246.98545,17315.30133,21.88,86.6,0.315
24156.03875,13446.84318,15831.27273,15.72,87.2,0.082
27392.55113,17325.45825,13736.72727,16.17,84.3,0.086
43070.95082,25292.87926,25762.59109,19.58,84.6,0.07
22436.92308,16832.2314,10930.12048,15.43,80.4,0.072
29475.82347,18183.29939,14894.54545,17.48,64.1,0.088
24516.92308,19870.66116,8622.650602,16.02,58.97,0.083
28646.9103,19522.78481,18105.43933,23.77,87.6,4.916
39543.72624,33562.44247,16583.91357,14.66,53.11,0.079
31038.27772,17846.02851,18129.45455,25.33,38.44,4.924
40914.5394,26804.22386,23906.70846,28.45,39.58,4.906
27200.0,20320.66116,9380.240964,20.25,72.0,0.07
28642.45077,19766.39004,8823.829787,17.05,89.3,4.924
37950.76923,32024.38017,19830.36145,15.61,76.2,0.069
27028.67257,16364.65696,13373.31971,20.65,56.25,0.282
29302.46809,17615.85366,17669.03226,10.72,89.8,0.072
27554.43038,17565.95745,12613.01205,8.87,82.3,0.081
37392.05327,25948.89124,26368.40125,28.27,30.68,4.908
30219.8493,20364.56212,14237.09091,17.93,57.66,0.085
35706.90265,22490.64449,15720.85802,25.94,67.92,0.257
22729.98924,12929.9389,13544.72727,15.33,89.7,0.069
29648.37209,18413.92405,23805.18828,26.75,84.0,4.915
33131.55894,27148.20497,10919.56783,16.75,54.75,0.077
39015.84906,24546.14572,22612.66458,26.94,68.32,4.934
43209.58935,30575.29039,29829.2163,28.63,73.9,4.905
23936.94915,13626.74772,14605.50754,12.1,83.1,0.069
22812.30769,19405.78512,10554.21687,11.61,58.25,0.088
36592.94118,23116.78986,22034.85893,24.4,88.0,4.916
22346.78337,19926.97095,9535.805471,17.81,70.4,0.082
31286.28633,19440.7332,15418.18182,19.57,57.56,0.085
39251.92053,23063.20166,23672.12308,19.34,86.2,0.073
26782.78481,17482.06687,16886.74699,8.3,78.6,0.087
28880.6028,15551.12016,18146.90909,15.98,82.3,0.073
36098.54305,22550.51975,19111.38462,21.75,54.79,0.081
32717.87072,26511.19975,10527.73109,17.04,69.83,0.074
32726.12691,20278.0083,10317.81155,25.86,48.02,4.924
27991.14894,17509.7561,12402.58065,9.11,86.1,0.095
25699.44506,16821.54171,15065.07837,22.44,75.3,4.91
34534.56954,22715.17672,26625.96923,22.61,76.5,4.921
31093.91685,24072.19917,11560.85106,19.52,86.9,1.204
36656.20253,22252.88754,20246.74699,15.51,69.63,0.077
29868.07947,16660.29106,16600.61538,23.21,67.05,0.071
43028.42553,26169.5122,25426.45161,18.43,56.54,0.074
23983.65957,15698.78049,15352.25806,17.99,50.75,4.923
40453.67089,22920.36474,24485.78313,16.23,55.21,4.918
31313.22259,21463.29114,26209.20502,24.05,49.12,4.907
29556.92308,25393.38843,10305.54217,16.98,35.14,4.917
47042.12389,24919.33472,22086.86415,22.55,40.95,4.921
21280.60837,15910.40196,10089.79592,15.17,64.52,0.078
24363.07692,20104.95868,10710.36145,12.62,75.6,0.072
23796.92308,17955.3719,11803.37349,12.25,87.6,4.923
26831.15044,19130.14553,10543.32993,17.59,90.5,4.911
48210.49834,30941.77215,39904.26778,32.58,21.91,4.916
36057.79468,29998.15894,14993.51741,15.61,51.64,0.081
20978.46154,17092.56198,8304.578313,15.93,85.8,0.071
22237.97468,13422.4924,14139.75904,16.26,77.9,4.912
37590.87452,30543.11138,15955.82233,15.37,68.09,0.086
35904.42478,22052.80665,13508.64147,31.39,27.81,4.927
23046.30197,15363.48548,7732.522796,15.77,87.3,4.912
38160.0,22546.77755,15338.42697,31.09,29.11,4.925
33328.34043,21003.65854,16025.80645,15.62,59.38,0.075
43322.55319,25598.78049,24741.29032,18.37,79.0,0.071
25846.48169,17106.65259,15360.0,23.92,89.6,4.91
34707.06383,21728.04878,16414.83871,14.04,75.4,0.071
41192.54237,25535.56231,24770.89447,13.47,61.14,4.923
45282.65781,29715.18987,42416.7364,28.95,29.61,4.908
23187.06383,14030.4878,14237.41935,13.18,85.5,4.908
24664.13115,14600.6192,15134.5749,22.47,43.06,0.077
33066.43326,21417.01245,10802.18845,19.34,86.9,4.918
30190.56478,19754.43038,25757.32218,22.78,52.09,4.917
28000.0,22526.03306,9478.554217,19.81,66.51,0.071
24209.23077,18394.21488,11421.68675,16.13,77.1,0.071
30800.0,25568.18182,17170.12048,21.37,67.48,0.073
32454.91525,21439.51368,16405.86935,15.81,60.0,0.082
47132.49169,30326.58228,38645.02092,30.65,22.84,4.915
25308.31858,14995.0104,9525.474974,20.49,67.69,0.276
48170.47725,29640.12672,30924.6395,24.43,82.2,4.922
37263.54486,23108.71369,12582.12766,23.86,57.73,0.082
40490.12658,26447.41641,25486.26506,9.33,83.7,0.076
27757.95782,16715.10032,15516.48903,24.36,90.3,4.92
39361.06548,28731.57339,28637.49216,30.57,62.75,4.907
25130.47725,14856.1774,13831.22257,19.04,80.5,4.91
24066.83544,15734.95441,11392.77108,5.139,86.9,0.085
42518.23009,24634.92723,20274.72932,22.64,65.6,4.922
24290.04255,12343.90244,14237.41935,12.44,85.4,0.081
28978.60465,19279.74684,24160.66946,26.99,31.08,4.908
22464.0,12457.31707,14103.87097,15.72,58.85,0.08
30325.07659,19714.10788,14087.78116,19.26,82.8,4.918
21368.13559,13112.46201,11236.34171,11.02,85.8,0.069
28793.62126,20213.92405,21901.25523,24.03,61.23,4.907
39233.20755,27986.48363,28625.45455,27.18,72.8,4.904
32147.8481,19969.60486,13515.18072,15.22,74.2,0.074
34698.64333,23067.63485,12132.76596,21.53,64.21,4.921
46653.45133,28302.2869,21004.29009,22.75,83.3,4.91
45444.23841,24387.94179,27305.35385,21.7,59.42,0.081
33741.63934,20853.25077,20224.12955,18.58,87.7,4.917
40927.32519,30677.93031,28908.33856,30.64,62.95,4.907
19630.63457,13649.37759,8246.079027,14.85,86.9,4.914
28024.85777,16427.80083,9483.282675,19.87,56.66,4.92
34419.35627,24800.84477,26434.60815,26.33,84.5,4.908
25837.26236,21400.42958,11403.60144,10.23,84.6,0.086
27978.70722,22026.38846,9870.828331,15.62,69.26,0.082
39277.95782,28503.48469,25814.67085,35.89,20.51,4.905
34936.34551,24049.36709,26329.70711,26.74,46.92,4.908
36916.92308,30365.70248,17089.15663,18.53,74.3,0.069
31057.03422,27199.75453,8896.9988,14.25,60.57,0.089
23585.61895,13039.91853,15482.18182,15.04,69.99,0.074
26904.3038,17190.27356,12063.61446,6.086,82.6,0.084
31534.29494,16101.01833,18251.63636,21.0,53.32,0.084
25125.47529,20807.6097,8159.42377,10.52,50.0,0.077
42270.37975,25823.70821,24988.91566,13.42,83.9,0.073
19740.75949,13353.19149,13636.62651,10.34,80.6,0.078
32215.38462,26814.04959,11514.21687,22.97,54.74,0.071
31858.40708,18943.03534,14597.09908,22.19,85.6,4.918
29705.31646,18525.22796,13335.90361,14.09,79.9,0.073
40045.10544,27214.78353,28529.15361,21.46,52.72,4.918
38683.41842,27762.19641,30280.62696,33.65,25.61,4.904
22126.21444,17910.37344,8257.75076,12.66,87.2,4.919
40019.53385,28271.59451,34710.47022,29.15,20.24,4.908
42197.46835,25601.21581,25359.03614,16.88,71.9,4.914
46029.63934,27555.41796,26228.98785,19.37,83.7,0.068
32390.80851,21047.56098,15996.77419,12.57,59.97,0.082
33679.08745,26452.28598,10619.92797,15.74,57.81,0.08
26295.9292,15593.76299,12920.28601,21.7,86.6,4.913
31571.49623,18124.64358,17914.18182,23.84,46.05,4.921
27521.42064,20151.63675,19428.71473,26.79,55.29,4.905
27780.53097,16622.86902,12937.93667,19.85,60.45,0.274
38357.46835,24897.26444,24306.50602,10.96,73.9,0.084
39637.47508,26134.17722,26727.36402,28.13,63.58,4.922
45796.41138,29927.80083,19515.13678,20.67,84.9,4.922
33344.7578,22201.222,17821.09091,23.5,42.81,0.084
23586.75497,10968.39917,11023.75385,21.45,60.37,0.086
37609.12548,32336.29948,16532.05282,10.57,67.92,0.087
27121.02128,17250.0,12843.87097,11.61,84.8,0.082
42263.44062,29161.14044,27012.41379,31.54,33.78,0.072
29362.57492,18072.22809,17358.24451,21.97,87.6,4.924
21393.41772,13539.20973,14214.93976,7.73,80.4,0.086
44939.46903,28844.90644,18415.52605,23.19,82.7,0.266
28756.59849,16764.56212,17338.18182,26.02,35.5,4.919
42454.03279,24765.32508,25576.03239,20.45,48.53,0.081
23874.69027,13254.88565,9501.940756,18.4,73.0,4.919
42979.44506,29643.92819,33259.9373,21.03,51.38,4.905
34264.61538,28480.16529,14770.12048,12.47,53.28,0.083
40252.30769,33913.63636,17783.13253,12.88,61.93,4.918
27869.73451,15414.13721,13485.10725,21.25,84.2,4.918
34658.04255,21728.04878,16020.0,14.0,74.3,0.073
50682.88568,35156.07181,40789.46708,26.49,84.0,4.905
43823.30744,31255.75502,27885.14107,30.65,53.28,4.905
31912.82392,25268.35443,24606.5272,25.46,74.5,4.914
34232.65574,23557.89474,17437.40891,24.08,50.35,4.921
30209.701,20141.77215,26100.75314,24.66,54.22,4.908
35304.40678,21465.04559,21285.94975,14.16,66.49,0.086
39334.16577,29005.29532,28421.81818,16.1,86.6,0.075
34299.59096,20298.57434,18891.63636,16.47,74.5,0.071
39214.02886,26925.87117,27066.58307,28.61,64.06,4.907
28933.95349,21429.11392,22148.28452,25.5,57.62,4.908
43266.83544,26560.48632,25515.18072,13.91,72.3,0.083
43384.37086,26839.08524,25769.35385,20.55,85.0,0.068
35823.79747,22690.57751,21825.54217,10.64,62.77,0.09
43174.51327,21817.04782,24816.8335,20.32,59.19,4.93
29469.76744,19067.08861,22124.1841,24.54,84.8,4.917
25224.61538,20212.80992,13006.26506,15.05,88.7,0.071
39817.78256,21226.06925,26280.72727,17.4,75.6,0.076
38683.41842,25234.21331,22347.83699,25.61,44.85,4.906
28006.15385,23080.16529,12329.63855,9.45,79.1,4.922
21923.38983,12113.06991,14072.92462,10.75,91.1,0.081
36358.80399,24520.25316,32282.51046,31.94,54.05,4.91
22124.74576,13473.55623,13690.85427,13.34,58.14,0.086
33490.63291,21388.44985,16701.68675,15.83,65.45,0.076
25092.19672,17342.41486,11893.11741,17.82,78.9,0.081
25701.26582,14513.06991,13752.28916,15.07,51.82,4.92
32826.90265,21207.06861,14197.01736,23.4,79.3,0.35
23507.22433,18134.39705,10481.63265,8.12,82.8,0.088
27602.62582,16621.9917,12237.81155,15.59,81.3,0.085
45287.2808,30533.47413,34241.00313,24.08,78.6,0.065
35127.45763,21607.29483,21778.01005,13.48,67.31,4.91
35255.28239,23236.70886,25172.88703,26.08,73.3,4.921
34654.52954,25842.32365,12167.78116,22.83,67.38,4.917
36553.84615,29365.28926,17447.71084,19.77,68.31,0.07
22704.40678,13170.82067,14454.99497,6.893,63.31,0.086
37108.67257,22520.58212,15826.762,23.6,79.8,4.922
28743.34426,17806.81115,16784.45344,18.12,86.5,4.921
23297.3617,14934.14634,11589.67742,11.6,84.3,0.089
22536.39344,13786.9969,12161.29555,18.6,62.01,4.917
35553.9823,22535.55094,15685.55669,26.13,67.19,0.26
34480.67797,21884.49848,21696.96482,9.54,85.8,0.079
45865.96721,27440.24768,26194.0081,19.37,79.0,4.921
23145.40366,12984.92872,15127.27273,14.99,89.2,0.07
36381.26915,22682.98755,13194.89362,28.74,30.04,4.921
33137.54153,22545.56962,28655.39749,23.45,87.1,4.91
32790.50847,20968.99696,15589.62814,14.36,67.39,0.083
29410.62295,18442.10526,13677.08502,19.18,68.9,0.07
34863.81055,20206.92464,18810.18182,16.04,81.9,0.072
27858.46154,22741.73554,12404.81928,17.37,66.59,4.924
34479.3972,18799.18534,19525.81818,13.96,90.0,0.067
22851.14754,14191.95046,13589.63563,16.27,91.1,4.918
34012.0354,20103.1185,15367.84474,26.58,57.22,0.258
31165.03311,16630.35343,18290.21538,19.98,84.3,0.068
33426.88525,21031.57895,17402.42915,20.78,71.7,4.918
39623.17425,24671.59451,22510.34483,27.14,65.52,4.925
36772.45033,21281.91268,19294.52308,25.06,54.0,0.071
38418.46154,32511.57025,20177.3494,16.73,86.5,0.074
41668.08511,28741.46341,25786.45161,12.81,82.2,0.074
26053.67089,17576.8997,12549.39759,5.814,83.1,0.085
31827.06383,19609.7561,15462.58065,24.8,54.61,0.081
22620.39735,14336.38254,11236.43077,19.23,57.59,0.08
20773.77049,13292.87926,10645.50607,17.02,78.8,4.924
29200.0,22358.67769,10432.77108,21.12,44.11,4.918
25769.76693,16312.14361,16010.03135,20.9,60.15,4.92
35743.47541,22038.39009,18661.7004,21.05,68.29,4.925
27551.15044,15956.75676,12514.32074,21.17,92.7,4.915
34681.06195,21102.2869,15626.72114,25.51,65.02,0.272
24540.4521,13780.44807,15697.45455,12.11,78.0,0.08
38523.596,26891.65787,27403.63636,28.73,72.1,4.906
23335.38462,18319.83471,10039.51807,9.9,88.9,0.083
35513.92405,23482.06687,21513.25301,16.89,63.5,0.075
38903.92027,26058.22785,29022.92887,28.18,65.03,4.917
33882.35294,26074.34002,28180.0627,27.68,56.85,4.904
30515.58935,25598.03621,9288.835534,17.94,66.72,0.073
28363.07692,20882.2314,16956.14458,21.21,61.74,0.069
23040.0,18539.2562,9796.626506,16.95,65.95,4.916
24760.43764,12992.11618,9244.012158,17.67,85.9,4.915
44500.25316,27731.30699,26666.0241,12.45,56.09,0.085
34799.21311,21748.60681,17215.87045,21.55,73.3,4.923
26146.8709,14922.82158,12266.99088,19.75,70.3,4.921
35469.15254,22114.28571,21853.26633,13.76,66.19,0.085
33101.53846,27130.16529,14307.46988,13.38,78.8,0.082
22341.44681,12892.68293,15276.77419,11.87,81.5,0.087
34080.53274,24032.94615,26121.63009,22.49,67.48,0.074
38478.58407,24414.13721,15020.71502,26.21,40.95,0.322
35378.42842,19180.44807,19473.45455,19.28,70.4,0.079
37292.93617,21878.04878,22308.3871,11.27,80.3,0.075
36038.23009,21652.39085,16085.63841,26.42,63.22,0.26
24280.04306,13289.2057,15918.54545,12.2,77.6,0.082
38997.61589,20585.86279,19985.72308,25.33,62.14,0.069
29426.22174,18810.1833,14690.90909,17.54,62.87,0.083
25593.84615,20737.19008,8657.349398,19.43,56.67,0.084
27619.77186,22052.16324,8672.268908,14.15,63.95,0.086
31966.42623,19642.10526,18055.38462,25.01,41.57,0.072
37172.38938,22935.96674,12937.93667,22.56,74.1,4.915
34157.28814,20498.48024,17320.52261,14.73,62.6,0.079
35084.74576,21195.13678,16695.31658,18.69,46.36,0.081
34309.83051,20414.58967,18142.55276,13.43,43.0,4.918
32721.83607,21035.29412,16166.47773,28.0,32.49,0.067
24710.02188,15736.92946,10627.11246,18.15,87.6,4.916
32098.51453,17002.85132,17582.54545,16.03,84.0,0.075
23815.62914,14661.95426,12494.76923,19.79,89.1,0.067
31175.84245,17611.61826,14531.30699,18.0,88.5,4.916
26023.86885,15105.88235,15880.80972,18.69,86.6,0.064
28569.85572,18296.51531,16726.26959,24.08,91.8,4.919
21000.76046,16764.65173,9859.303721,6.235,84.0,0.082
24584.61538,21559.09091,8402.891566,18.22,48.8,0.086
23008.36502,18598.34305,6949.339736,8.81,93.1,0.083
32290.72121,14359.67413,17728.0,16.42,78.7,0.073
22712.65574,13872.44582,13525.50607,20.27,48.21,0.081
47080.35398,32269.02287,16962.28805,21.14,77.4,4.926
23123.95437,14444.92176,9991.836735,8.03,88.7,0.08
37421.61702,21662.19512,20409.67742,19.76,56.9,4.915
35088.78689,21369.65944,17728.90688,24.19,49.35,0.071
45740.06557,27120.74303,26526.31579,21.32,59.45,0.08
25920.0,17361.41079,8351.12462,20.09,88.6,0.246
27402.71186,18160.48632,13285.62814,14.26,55.93,0.081
40932.3588,28993.67089,37717.15481,25.48,79.8,4.907
31739.80328,22090.40248,14802.26721,19.53,54.15,4.922
24552.47265,13492.53112,9850.942249,13.27,77.5,4.918
26716.72766,19580.04073,20264.72727,15.98,88.0,0.067
24602.0339,14462.00608,15172.82412,12.81,71.7,4.913
24147.69231,19777.68595,12780.72289,19.39,74.1,0.069
43227.90097,26318.12627,25361.45455,18.65,63.4,0.08
42734.86726,22329.72973,25405.18897,21.38,55.29,4.928
30457.41794,25132.78008,10924.74164,20.8,65.74,4.918
34673.43545,23388.79668,11625.04559,22.87,71.6,4.918
22353.70213,13137.80488,13772.90323,10.58,86.4,0.083
32619.33262,28066.80244,25192.72727,16.14,86.3,0.07
37028.57143,24797.46835,27552.80335,34.52,30.58,4.91
35889.23077,30019.83471,15412.04819,10.78,73.4,4.921
24416.44779,13967.41344,15726.54545,13.45,86.1,4.921
29484.03996,20664.83633,21138.05643,26.99,32.61,4.908
31902.6616,25362.3811,9490.516206,16.93,67.16,0.074
26956.29139,16589.18919,12175.75385,20.71,83.2,0.658
22474.93671,13240.12158,10438.55422,9.86,67.53,0.082
38485.1711,33915.92513,15817.52701,12.18,87.2,0.074
22082.0339,13178.1155,13824.0,7.32,89.4,0.072
31012.45033,19201.2474,14432.49231,22.31,75.8,0.071
26449.36543,15322.40664,12506.2614,19.5,69.49,4.917
35239.86885,21458.82353,18131.17409,24.18,50.08,0.071
32743.29114,20611.55015,16747.95181,15.81,68.36,4.916
36234.05813,20049.28717,19729.45455,14.53,71.9,0.074
26798.64407,16026.74772,16446.39196,8.68,66.44,4.912
43203.19645,30008.87012,34764.6395,25.27,40.75,4.91
31956.92308,25635.12397,10745.06024,21.1,49.17,0.084
29335.81395,19583.5443,24377.57322,27.09,44.95,0.077
22217.49049,19135.93127,7427.611044,10.79,48.6,0.08
34287.19053,19466.39511,22615.27273,14.98,85.1,0.082
27532.30769,20897.10744,7587.46988,15.81,68.02,4.922
24400.0,18624.79339,10646.74699,13.24,72.9,4.919
44372.38938,25140.12474,21163.14607,21.68,83.8,4.917
20584.71475,10385.74338,14213.81818,11.36,88.0,0.078
26958.58407,14022.03742,13155.62819,15.13,70.5,4.916
36882.38298,21091.46341,22970.32258,14.93,52.1,4.916
46251.57447,23517.07317,25165.16129,19.01,66.23,4.925
35265.82057,21853.94191,13189.05775,24.29,56.42,0.081
24777.44262,14578.32817,14038.54251,18.4,90.1,4.918
24056.47059,16506.01901,16479.49843,25.15,92.6,4.913
43240.3014,23553.97149,28026.18182,15.03,87.2,0.067
34260.19934,23707.59494,30444.85356,22.36,75.6,4.904
43340.17699,24926.81913,21986.84372,23.81,64.42,0.276
34317.87611,22034.09563,16797.54852,25.88,65.76,0.301
24354.44564,11855.80448,15604.36364,13.53,90.3,0.067
37268.34437,22591.68399,21131.81538,24.38,61.32,0.055
30609.23077,25746.69421,13370.60241,12.43,53.31,0.085
29890.76412,19594.93671,23256.90377,23.93,86.3,4.911
46704.42478,27819.54262,21798.56997,24.42,51.52,0.268
39221.69492,22548.32827,25054.55276,8.9,52.05,0.083
41800.9628,25853.52697,18447.17325,21.37,65.0,0.093
33173.56674,20558.09129,14933.98176,20.13,63.89,0.124
31165.2766,17740.2439,16664.51613,25.63,43.81,0.082
27437.26236,21301.01258,7444.897959,11.35,71.6,0.089
21575.6962,12539.81763,14480.96386,11.73,69.13,4.92
31998.6383,18135.36585,17221.93548,17.51,49.77,0.084
31591.77243,26234.43983,14023.58663,21.34,81.7,0.081
24315.25424,15275.37994,11438.95477,15.32,63.35,0.08
44002.02532,27625.53191,26752.77108,12.32,62.8,0.084
22725.2459,10811.14551,12511.09312,17.67,78.5,0.07
33362.73764,27707.88585,10971.42857,16.56,53.5,0.082
34420.25316,20290.57751,15984.57831,16.85,64.85,4.917
34481.01266,20990.88146,22120.48193,12.39,74.2,4.917
25214.17943,16748.96266,10837.20365,19.95,71.4,4.918
44572.59574,26967.07317,25467.09677,21.23,54.55,4.918
33395.74468,21376.82927,16310.32258,24.4,43.09,0.081
35063.60656,21436.53251,17583.15789,25.47,56.2,4.918
22705.82278,14589.66565,11739.75904,6.874,86.3,0.089
26066.44068,15724.01216,16371.13568,14.16,53.74,4.918
27169.23077,19833.47107,17268.43373,13.62,86.4,4.915
38236.59574,22521.95122,17274.19355,18.5,44.06,0.088
40460.33223,27113.92405,28739.74895,34.25,21.41,4.919
23852.95405,17966.39004,11444.13374,16.47,82.6,4.917
37808.2623,23394.42724,23086.63968,18.45,85.7,4.919
25046.15385,20153.30579,10947.46988,13.11,86.0,0.074
32898.46154,27148.76033,11496.86747,22.92,55.34,0.071
28945.82278,16249.24012,16296.86747,16.77,53.97,4.915
29193.84615,21235.53719,11774.45783,20.37,63.49,4.921
22615.38462,18104.13223,9669.39759,12.28,75.2,0.073
40313.92405,25473.55623,24115.66265,13.02,74.1,0.086
37523.70291,17083.50305,21323.63636,18.22,67.43,0.082
25699.93355,15998.73418,20129.87448,20.54,81.3,4.917
36573.76249,22770.85533,23437.24138,25.76,80.9,4.927
30652.30769,25501.23967,9952.771084,19.07,52.09,0.08
43337.14286,30740.50633,29950.79498,29.76,41.72,4.905
23893.80531,14538.46154,8778.263534,15.87,76.8,4.918
36129.19037,23235.68465,13329.11854,25.37,54.26,0.08
38000.0,28945.04132,17332.04819,15.64,84.2,4.928
42412.88136,24229.78723,25349.78894,13.86,48.73,0.08
24999.91247,16954.35685,12576.29179,19.86,70.8,4.916
22888.10127,14210.33435,14619.75904,7.36,78.1,0.085
32997.54575,19528.7169,17751.27273,22.88,30.7,0.085
34333.37705,22926.31579,17752.22672,27.49,37.23,4.921
46495.53829,27306.01901,22606.64577,24.77,58.19,4.924
38947.11864,23048.02432,24273.04523,12.26,77.8,0.075
22332.20339,13539.20973,14235.01508,6.706,89.8,0.071
34339.40426,19982.92683,21065.80645,13.45,62.02,4.923
38983.72881,23142.85714,25112.44221,9.08,54.44,0.09
36488.40263,22331.95021,13574.22492,25.34,46.02,0.079
22030.76923,18074.38017,7570.120482,9.18,59.89,4.917
33370.16949,23416.41337,17644.70352,14.52,71.5,0.083
22794.89362,13931.70732,13801.93548,11.48,85.5,0.069
24804.55142,19523.65145,12068.57143,20.73,66.03,0.086
42592.40506,26797.56839,25139.27711,11.56,63.67,0.086
29203.32604,21185.47718,10708.81459,20.58,71.2,4.918
30174.47281,19737.27561,21168.15047,21.57,57.12,4.922
32709.2459,18728.17337,17087.61134,23.3,61.03,0.069
48459.2691,31769.62025,43989.2887,26.54,77.1,4.911
33660.59801,22648.10127,29920.66946,25.58,84.4,4.919
37854.15929,23306.44491,13979.32584,24.36,61.62,4.928
33040.34043,17487.80488,19387.74194,13.75,82.3,0.082
36874.17219,20406.23701,21628.06154,26.31,34.67,0.072
34169.2779,20774.6888,9646.68693,19.84,92.8,0.068
30835.53611,25330.70539,11234.04255,17.8,74.2,4.92
40198.53496,24975.71278,19350.47022,25.67,87.0,4.93
31862.19756,19471.17212,15053.04075,24.5,92.4,4.917
41194.93671,24496.04863,25486.26506,15.19,72.8,0.07
31781.72185,20548.44075,22112.49231,27.35,53.34,4.923
40281.8543,25095.2183,24611.44615,21.45,67.08,0.08
30657.04918,21105.88235,14423.31984,17.02,84.1,0.079
22493.24503,13879.83368,11236.43077,17.97,69.56,0.083
23828.34437,14968.81497,12884.67692,18.34,63.31,4.915
30025.53191,17915.85366,18720.0,16.85,86.3,0.073
25897.62486,15730.51742,12170.03135,24.71,91.2,4.925
42078.24945,25857.26141,17927.78116,19.5,84.3,0.121
43639.32203,25655.92705,25355.57789,11.09,57.79,4.918
47277.37418,29322.82158,19929.48328,21.88,78.9,0.083
30216.07973,20870.88608,20316.65272,26.3,44.72,4.908
21937.64259,17618.9015,9248.4994,9.39,91.3,0.08
38490.93649,17629.73523,25117.09091,15.71,84.7,0.072
34812.07877,24819.08714,13334.95441,22.75,70.1,0.08
32014.17722,16949.54407,17187.46988,15.65,59.7,0.077
34110.37975,19984.19453,15845.78313,16.66,66.12,4.914
25281.04918,15897.21362,15461.05263,18.62,88.2,0.068
30418.25095,25874.19454,9669.147659,14.29,44.89,0.077
42843.18584,25577.96258,22869.37692,23.27,65.32,0.267
30734.46717,21786.96538,15848.72727,18.33,64.84,0.084
46412.43063,28514.88912,29889.40439,24.09,84.9,4.917
23824.34043,14301.21951,14452.25806,12.15,84.8,0.078
40687.45247,34350.41424,16007.68307,16.4,74.9,0.073
23562.53165,15643.769,15712.77108,8.14,82.3,0.074
39353.92405,25396.96049,24040.48193,12.41,77.8,0.083
30956.96203,19134.3465,19119.03614,10.13,86.5,0.083
34266.90265,21214.55301,13655.73034,23.54,80.8,4.923
26871.73305,14737.27088,17832.72727,13.76,87.1,0.081
25123.53982,18000.0,9996.159346,19.73,65.62,4.919
29564.60177,17397.5052,13538.05924,24.15,56.19,4.92
22716.61017,13305.77508,14617.08543,13.73,60.01,4.918
28895.68106,19875.94937,19382.76151,22.49,79.0,4.908
34106.7541,23019.19505,17145.91093,20.06,68.23,0.08
24050.63509,13666.80244,15662.54545,14.75,85.8,0.071
32998.81967,18360.37152,17682.26721,20.93,59.52,0.071
42345.76271,26254.10334,25118.23116,10.3,83.4,0.074
23199.31915,13778.04878,13999.35484,8.53,87.2,0.082
35859.06383,19265.85366,15741.29032,15.4,67.76,0.077
42916.14618,34264.55696,29577.23849,30.81,41.75,4.909
37628.17276,25815.18987,25076.48536,34.78,34.95,0.07
29481.36882,23760.66278,8873.94958,12.57,52.14,0.077
20883.03797,19502.73556,16684.33735,11.66,86.5,0.088
33408.0,19489.02439,17111.6129,11.59,88.0,0.085
44603.5443,27001.82371,25515.18072,10.85,51.09,0.08
29651.71103,24117.82755,10579.59184,16.17,59.63,0.075
40338.90591,33016.18257,17379.20973,18.85,51.2,0.083
32955.13308,28020.8653,14382.71309,14.24,63.02,4.92
26011.27869,16272.44582,15851.65992,16.55,70.2,0.079
21692.30769,16869.42149,9652.048193,16.31,58.53,0.078
34421.5082,21447.67802,17915.46559,23.37,58.74,4.921
24142.30088,16780.04158,9225.413687,20.85,79.8,0.314
23009.62025,15202.43161,11757.10843,7.1,87.7,0.086
42584.45183,30068.35443,34288.87029,28.63,50.36,4.908
42964.76821,25929.72973,26933.16923,18.51,75.5,4.916
22110.76923,17520.24793,10051.08434,15.48,81.3,0.083
34887.34426,21930.65015,21605.82996,19.95,76.2,4.926
23837.34219,15869.62025,17310.12552,21.05,50.36,4.91
37755.74751,25781.01266,29173.55649,31.2,44.76,4.908
33770.12658,22092.40122,16614.93976,14.93,59.53,0.085
24317.24435,13388.18737,15825.45455,11.71,83.4,0.082
31150.63457,19183.81743,11385.77508,17.46,63.53,4.919
44922.91391,27116.00832,29166.27692,21.89,76.4,0.067
35416.13115,21544.27245,18177.81377,21.39,62.86,4.916
30867.69231,25921.4876,16302.6506,19.9,81.7,0.067
28415.57987,18507.88382,12249.48328,19.64,87.8,4.921
27415.81395,17616.4557,20358.82845,24.85,48.16,4.914
47389.66887,26876.50728,29012.67692,22.84,74.9,0.069
46705.11628,29244.3038,42730.04184,26.74,80.3,4.914
42416.2623,25344.89164,25302.02429,19.78,61.78,0.08
32588.33154,19865.98778,17821.09091,18.65,72.0,0.076
36070.81967,23208.66873,18037.89474,19.98,56.96,4.92
34635.54098,21183.90093,16697.00405,21.55,72.4,4.921
34804.56274,29180.73029,14538.29532,16.22,55.67,0.074
33335.38462,25523.55372,10340.24096,20.35,42.63,0.085
23888.13559,14804.86322,11097.40704,10.1,52.25,0.082
46150.0885,30532.64033,18627.33401,21.56,54.12,0.293
37312.56637,20724.32432,16162.12462,25.71,56.59,0.298
45840.52516,26663.90041,20098.7234,20.53,72.2,0.069
29247.43982,20136.09959,14531.30699,21.5,66.76,4.916
18536.88213,13384.47376,6252.10084,9.09,85.5,0.083
30553.84615,24597.52066,11774.45783,20.77,61.51,0.073
32079.7377,20764.08669,14306.72065,19.86,64.26,0.082
32107.11864,23339.81763,17007.9196,13.35,72.7,0.084
51412.62458,34336.70886,42055.23013,28.11,46.75,4.907
35626.43703,26725.05092,26775.27273,16.07,87.2,0.066
37129.94451,23839.07075,23003.88715,26.7,71.0,4.94
32038.48101,19976.8997,16273.73494,19.3,45.14,0.083
34114.57627,19163.52584,17598.39196,11.91,54.42,0.084
31513.30798,25966.24732,10763.98559,15.09,63.14,0.076
23015.59322,13659.57447,14605.50754,14.01,56.78,4.921
42595.47901,22846.43585,28229.81818,16.07,70.6,0.072
23575.6674,18343.56846,11455.80547,20.82,64.03,0.084
43616.68085,26385.36585,25409.03226,10.57,67.1,0.081
40849.36543,33408.29876,17414.22492,20.36,79.2,0.07
27007.59494,17018.84498,12312.28916,9.09,82.6,0.08
34157.28814,19127.05167,18136.76382,11.58,49.85,0.088
29370.41981,16845.21385,20404.36364,13.77,86.0,0.087
43005.4485,30956.96203,33987.61506,34.6,31.71,4.906
29010.49834,18846.83544,22262.76151,23.89,86.3,4.915
40230.99338,24833.26403,22478.76923,25.91,32.63,0.071
42180.53097,27606.23701,17680.08172,21.98,86.6,0.288
41094.29508,26165.94427,23144.93927,23.94,63.91,4.92
41155.9322,27811.55015,24753.52764,15.5,61.05,0.081
26975.68106,18148.10127,22533.89121,24.98,38.31,4.906
46652.18543,27744.69854,28510.52308,23.75,43.73,4.917
27383.92027,17969.62025,17448.70293,20.25,73.8,4.903
35214.68852,23149.22601,17204.21053,20.62,75.2,4.918
38138.55319,23030.4878,17709.67742,16.33,69.79,0.077
28443.97351,18520.16632,13717.66154,21.04,43.88,0.08
41796.4557,25809.11854,25231.80723,15.12,75.6,0.076
22906.32911,14542.24924,10999.51807,3.973,77.6,0.084
33590.55738,20712.0743,16189.79757,20.51,75.5,0.07
39010.33113,21802.079,19589.90769,23.74,67.02,0.068
22165.06329,13229.17933,13642.40964,14.53,78.6,0.074
22378.80795,13756.34096,11821.29231,20.72,89.9,0.069
25054.42623,14515.17028,15338.62348,18.72,87.3,0.068
31389.76744,20198.73418,26865.94142,25.67,86.0,4.916
37942.25166,23336.38254,20186.58462,28.74,29.55,4.925
41972.65823,26549.54407,25399.51807,12.02,60.18,0.084
26071.24726,16752.6971,9833.43465,19.77,88.5,0.064
21889.23077,17490.49587,10056.86747,12.41,60.25,0.08
46728.47682,26139.29314,27990.64615,22.75,75.6,0.069
37975.38462,32057.85124,16701.68675,17.31,69.78,0.077
42945.04918,25824.14861,25307.85425,21.01,64.92,0.078
33955.67213,22688.54489,16114.0081,17.34,78.4,0.081
33919.32203,20086.32219,21129.64824,13.3,65.62,0.083
20221.2766,10382.92683,9702.580645,11.26,61.85,4.92
34854.07325,22561.77402,28119.87461,26.34,79.1,4.93
32403.06383,20604.87805,17297.41935,18.05,50.88,0.084
47539.11504,28096.4657,20657.16037,22.01,69.29,4.932
40969.10284,33524.06639,17373.37386,20.68,76.6,0.074
39728.13559,24616.41337,24226.73367,13.08,63.12,0.081
32183.36283,18097.2973,16403.35036,27.86,32.44,4.929
44554.93671,27483.28267,25752.28916,15.37,45.58,0.089
28653.9924,21496.16447,9409.843938,8.59,85.0,0.09
16599.49367,17106.38298,12000.0,10.13,86.3,0.087
21818.73418,13951.36778,14214.93976,5.976,86.8,0.085
35783.36283,23014.55301,14808.90705,20.73,66.4,4.922
40013.61702,23147.56098,24480.0,11.88,85.6,0.067
30172.30769,25322.72727,15892.04819,19.89,81.5,0.07
28806.20022,15191.85336,18449.45455,20.28,60.18,0.073
35108.57143,24979.74684,24269.12134,22.88,64.2,4.906
38768.74172,23965.07277,24345.6,19.84,84.1,0.065
41112.7192,32244.13939,24544.70219,30.89,50.15,4.905
32743.33692,19869.65377,16343.27273,20.84,51.85,0.08
29036.01329,19177.21519,23919.66527,22.94,49.95,4.916
32885.94187,18670.87576,18269.09091,16.2,73.2,0.071
24342.04521,13604.48065,15627.63636,13.27,76.2,0.08
27520.0,20938.01653,13544.09639,12.87,88.2,4.924
33193.84615,24776.03306,10114.6988,19.49,44.2,0.087
35985.61598,25028.93347,22317.74295,26.58,72.9,4.908
44795.76159,25896.0499,23867.07692,22.11,74.2,0.068
35995.27869,23286.68731,18504.2915,21.29,66.73,4.924
21639.54373,17364.83584,9715.246098,7.37,84.7,0.082
30369.19037,18731.95021,14081.94529,18.11,60.42,4.921
45024.63576,26296.4657,29579.81538,21.39,81.7,0.065
30560.0,23426.03306,14891.56627,12.93,88.6,4.918
41778.38298,28851.21951,25496.12903,14.27,78.2,0.07
30720.0,25575.61983,13659.75904,17.22,52.62,0.079
32354.04255,21343.90244,16205.80645,15.02,61.5,0.084
31671.48289,26036.20743,9784.393758,13.37,77.6,0.082
36071.7608,23362.02532,25926.0251,29.12,59.33,4.923
25504.07002,17495.85062,12879.75684,20.4,69.76,4.917
39592.82392,32126.58228,26938.24268,27.66,51.86,4.905
33383.48936,22843.90244,16350.96774,23.61,32.61,4.921
35421.82992,17395.11202,17477.81818,18.44,77.9,0.078
28940.33223,18801.26582,21810.87866,24.32,84.3,4.917
24709.38053,14968.81497,9601.961185,18.83,82.8,0.245
38037.73585,26218.7962,27198.99687,28.1,43.71,4.905
37991.7608,25146.83544,34246.69456,25.9,82.8,4.921
31749.32166,25625.72614,14251.18541,19.38,88.2,0.069
27157.78723,15471.95122,16385.80645,12.46,87.5,0.073
30407.44186,20851.89873,26317.6569,27.85,28.98,4.907
36645.29801,22797.5052,20021.16923,22.65,69.34,0.072
37961.02109,26389.86272,26121.63009,28.49,35.62,4.909
40680.0,25156.231,27763.77889,12.97,66.66,0.084
24775.38462,19811.15702,11624.09639,19.78,81.7,0.068
24602.0339,14841.33739,14669.18593,12.83,70.5,0.087
29271.50442,17947.60915,10284.45352,19.67,89.1,4.912
33772.57266,18663.54379,22237.09091,16.4,73.6,0.081
26648.5253,16013.03462,14033.45455,14.38,75.0,0.072
31824.9453,19460.16598,10790.51672,19.76,64.39,4.933
25797.2459,15020.43344,15758.38057,17.64,90.4,0.066
30380.06557,18404.95356,16673.68421,18.59,90.1,4.917
33113.87234,20257.31707,15085.16129,13.43,51.99,0.083
37644.59016,23268.11146,18445.9919,19.55,61.19,4.921
33088.14159,22965.90437,9078.324821,18.41,83.3,4.916
37980.39735,23456.13306,20487.87692,27.39,54.04,0.066
27047.78761,16076.50728,9907.906027,22.77,43.05,4.919
29803.68479,21368.10982,21938.55799,26.84,36.85,4.904
27863.36283,16641.58004,14079.34627,22.51,87.5,0.292
39095.38462,32065.28926,20154.21687,19.08,73.9,0.071
43437.9661,25772.64438,25239.79899,14.23,70.1,0.084
26327.78761,18467.77547,8172.257406,19.87,84.2,4.913
44772.3588,29935.44304,39482.51046,26.82,53.32,0.065
34522.18818,21420.74689,10662.12766,19.56,91.7,4.92
38924.95156,15620.77393,18693.81818,17.0,87.0,0.073
26361.19149,14809.7561,11885.80645,10.44,84.4,0.087
22035.56512,12779.6334,11799.27273,16.14,80.1,0.073
31906.7234,21358.53659,16316.12903,21.73,55.74,0.082
37024.07002,22331.95021,14379.57447,26.07,46.72,4.915
44312.58278,27284.40748,27346.70769,21.58,47.04,0.082
30088.50498,18174.68354,24467.94979,25.51,87.0,4.917
21578.70722,17685.1795,9450.180072,16.22,69.16,0.072
35911.64693,20342.56619,19188.36364,17.04,80.6,0.069
28483.65019,22151.58024,7894.357743,13.12,57.68,0.082
25916.89989,15950.71283,15604.36364,17.43,70.9,4.92
38974.08638,27049.36709,25962.17573,27.2,68.63,4.905
31497.24289,26077.59336,11327.41641,17.16,77.5,0.082
45027.57112,27743.15353,19211.67173,22.13,66.06,0.082
34308.19672,21317.64706,17005.9919,20.77,74.5,0.068
37775.62708,24496.7265,23214.54545,26.69,52.78,4.905
28959.46844,19169.62025,22594.14226,23.16,71.2,4.91
35200.0,28801.47284,15431.45258,15.93,51.9,0.084
26904.3038,16402.43161,16649.63855,10.19,84.7,0.089
43065.76271,25302.12766,26721.76884,12.67,86.5,0.07
21180.75949,10362.31003,12572.53012,12.39,65.34,0.084
25318.81967,14009.90712,13315.62753,21.52,69.73,0.078
31120.0,24099.17355,11485.3012,15.99,44.44,4.92
32961.35593,20374.46809,16070.11055,14.59,57.7,4.919
26135.38462,21269.00826,9640.481928,14.46,82.9,0.081
31692.1519,21187.84195,15874.6988,17.33,51.38,0.079
27954.43709,18232.01663,21001.84615,22.19,75.0,4.916
33137.31148,21325.0774,16749.47368,21.66,52.55,0.084
30822.93217,25487.55187,11479.14894,16.32,89.2,0.082
47359.29978,29285.47718,20087.05167,21.21,79.9,0.081
29385.44262,18386.37771,17862.99595,17.29,86.4,4.917
25098.51276,15901.58395,14493.29154,19.67,63.99,4.919
27481.06195,16031.60083,13320.36772,20.5,70.3,0.273
32640.0,21588.77339,15602.21538,25.41,60.25,0.072
23747.69231,18658.26446,10594.6988,16.23,59.24,0.085
40401.9256,24710.78838,17244.9848,20.27,77.3,4.919
47579.00332,30596.20253,42193.80753,33.04,23.34,4.913
32121.19149,18113.41463,17053.54839,17.06,51.07,0.085
37161.90899,24496.7265,24755.3605,25.61,78.2,4.922
31729.23077,25281.81818,17997.10843,21.09,61.37,0.07
31910.88608,19634.04255,16077.10843,19.48,45.8,0.089
32494.17722,21275.37994,15926.74699,10.92,62.44,0.085
32657.03422,26595.88831,10101.32053,15.98,52.82,0.091
24168.43918,13069.24644,15354.18182,11.67,77.0,0.083
27589.35361,22077.93802,9818.967587,15.24,68.46,0.08
24534.68354,16639.51368,13445.78313,9.9,81.5,0.076
41697.80731,26141.77215,32168.03347,26.25,75.9,4.916
38895.89404,21644.90644,19300.43077,22.74,70.8,0.069
23229.95745,13928.04878,14434.83871,14.09,82.0,0.087
31901.53846,25832.2314,11236.62651,22.1,57.91,0.079
28723.53982,16607.90021,14067.57916,21.61,89.3,4.915
26254.00438,15990.87137,10953.92097,19.22,65.73,4.924
24740.51054,14875.18479,14126.1442,19.3,80.6,4.911
26023.86885,15700.3096,14878.05668,19.51,67.21,0.078
21440.0,17475.61983,10450.12048,11.14,69.84,4.918
36900.99668,24941.77215,27685.35565,27.89,66.77,4.912
24472.24973,12244.39919,16837.81818,13.68,88.8,0.067
44512.40506,26976.29179,26081.92771,11.55,63.11,0.082
43989.52275,29347.41288,32934.92163,25.74,54.75,4.902
31393.22034,19477.20365,14646.03015,9.71,70.8,4.915
23257.35849,14681.3094,15360.0,24.11,93.3,4.926
42574.97872,23652.43902,25647.09677,12.72,80.7,0.077
31010.97345,15934.30353,18656.75179,19.88,59.35,4.923
30197.46835,17905.16717,16915.66265,18.69,51.74,0.084
44935.62914,26244.07484,25332.18462,21.88,72.6,0.066
31336.85106,18285.36585,15723.87097,17.54,41.12,0.085
32473.84615,27070.66116,14272.77108,17.47,71.1,4.92
32020.30635,17831.95021,12313.67781,18.12,63.43,4.922
38240.53156,25822.78481,31692.05021,23.18,74.2,4.912
28315.27869,18746.74923,13111.57895,18.58,85.6,4.917
36683.44371,22501.8711,19914.83077,22.3,51.68,0.08
37685.10638,21343.90244,20386.45161,23.48,45.31,4.917
36885.66372,20499.7921,17144.67824,24.08,63.55,4.93
27358.1749,20910.70881,8084.513806,11.8,79.0,0.089
37846.38783,31544.6456,16290.03601,12.5,75.8,0.073
45748.67257,27475.25988,23234.1573,22.94,76.0,0.261
34815.71587,25534.5301,28613.41693,25.81,88.6,4.913
31750.0885,19279.83368,14297.03779,23.29,80.6,0.283
38246.9103,26240.50633,30324.35146,27.72,68.28,4.916
30870.79646,16379.62578,15356.07763,17.29,62.52,4.921
24439.0372,12977.17842,8858.844985,17.75,85.5,4.913
30052.44349,18905.49898,15540.36364,16.7,83.6,0.086
34156.67396,19228.63071,12453.7386,22.15,65.2,4.922
27539.60613,16256.0166,11823.46505,20.94,69.96,0.28
43338.64333,26421.16183,18581.39818,19.5,84.4,0.089
23823.71681,15612.47401,9954.974464,21.48,87.9,4.911
39248.37209,26058.22785,26757.48954,28.36,61.27,4.927
26781.53846,21083.05785,14619.75904,17.42,81.6,0.067
22961.01266,13094.22492,14342.16867,11.2,69.24,4.918
37436.81063,25583.5443,32589.79079,26.2,53.72,0.08
28608.63787,20426.58228,21419.24686,25.39,57.59,4.906
42163.45515,30281.01266,28908.45188,29.98,40.49,4.906
31002.28137,25108.31543,10078.27131,16.58,67.22,0.073
39520.8879,25652.37592,23497.42947,26.79,63.29,4.904
28876.54485,31727.8481,25034.30962,33.67,35.42,4.921
30886.15385,26241.32231,10953.25301,22.4,56.57,0.071
31395.51609,22326.08237,24562.75862,22.54,64.65,4.91
26527.47541,16331.88854,16020.72874,19.0,79.6,0.069
33504.63576,16244.90644,16943.26154,22.92,70.4,0.069
35151.7377,19857.58514,17997.08502,26.47,51.57,0.072
41570.04255,25426.82927,25310.32258,13.29,77.9,0.07
28889.00662,18164.65696,21143.63077,22.33,83.4,4.918
30552.21239,17259.04366,15779.69356,25.98,37.28,4.925
24044.50331,15702.2869,14609.72308,20.41,86.8,0.07
33901.53163,22755.64942,27012.41379,24.82,81.1,4.925
24813.26157,15972.70876,15458.90909,14.68,76.0,0.08
24689.25727,13813.44196,15924.36364,16.43,75.4,0.082
36006.37168,21379.20998,13526.29213,28.33,34.04,4.92
33074.36066,21837.7709,16055.7085,20.94,72.5,0.068
34506.46388,29405.33906,13668.18727,20.15,27.5,0.084
34938.30508,20618.84498,19699.77889,13.93,69.15,0.071
39811.39073,21049.89605,24067.93846,21.73,67.65,0.085
30318.98734,19546.50456,17355.18072,15.44,65.04,0.072
45782.27848,27443.16109,26660.24096,13.41,61.58,0.083
21538.46154,16304.13223,9617.349398,10.51,85.3,0.08
34336.79225,19939.30754,18845.09091,20.78,45.39,0.087
24081.70213,13412.19512,14707.74194,10.58,88.0,0.072
37468.70432,25762.02532,24895.73222,35.16,34.52,0.068
38764.55696,23452.88754,22126.26506,14.79,35.16,0.078
26041.51899,17223.1003,12161.92771,4.779,87.7,0.086
36721.57549,23934.0249,12710.51672,22.87,63.97,4.916
38043.07692,32158.26446,19807.22892,19.47,65.78,0.082
22523.07692,17788.01653,9744.578313,19.16,80.1,0.069
23618.46154,19149.17355,10137.83133,12.39,75.9,0.072
29556.92308,21983.05785,10299.75904,20.26,72.8,0.071
38806.15385,33009.91736,16765.3012,20.09,70.5,0.076
30999.7351,20597.0894,13197.78462,24.8,61.58,0.073
27812.38938,16675.25988,14744.18795,20.07,88.3,0.35
28161.21673,23841.66922,12060.5042,16.38,74.9,0.073
39361.06548,27062.72439,30316.73981,21.71,59.3,4.907
34285.10544,24397.88807,23864.5768,24.89,46.75,4.908
25667.92123,15983.40249,9173.981763,24.61,52.42,4.921
26232.21239,15612.47401,12961.47089,21.68,86.5,4.912
36748.676,19701.01833,25588.36364,14.52,89.5,0.073
32918.64407,21005.47112,15259.65829,13.84,72.2,0.084
29493.53612,23731.20589,10671.78872,16.25,59.83,0.074
25099.86755,15720.99792,12748.8,20.17,70.6,4.917
25198.47909,20778.15281,11207.68307,8.94,81.1,0.084
37935.4495,24215.41711,25459.56113,28.45,47.52,4.923
38954.95017,28200.0,33222.42678,31.74,40.48,4.906
41912.65574,24939.93808,24573.27935,21.74,58.51,0.081
21545.08475,12860.79027,14368.1608,7.53,61.0,0.088
37980.19978,25063.14678,24622.94671,27.66,43.68,4.904
24354.01993,15637.97468,15237.48954,22.92,52.93,4.913
41998.97872,23868.29268,25978.06452,14.92,66.22,0.082
30947.52852,25634.85732,11334.45378,16.19,68.74,0.075
27003.596,16437.5924,12681.63009,24.65,91.1,4.92
24190.72142,14597.67687,13548.33856,19.35,81.3,4.911
37703.48936,22141.46341,22854.19355,16.51,84.1,4.907
23248.34043,14103.65854,10457.41935,11.5,55.81,0.08
34270.42623,22487.9257,17618.13765,27.3,37.23,4.919
34862.16393,21469.96904,17763.88664,20.9,65.9,0.069
34680.7947,18666.11227,22992.73846,27.63,55.04,0.069
23134.52954,18702.07469,8602.066869,18.83,84.7,0.07
36458.76106,22651.55925,12949.70378,22.09,92.1,4.914
43184.05316,29726.58228,36253.05439,30.33,35.35,4.911
32346.57807,22329.11392,30655.73222,24.51,36.71,4.907
22978.7234,13221.95122,13587.09677,12.67,73.3,0.079
37288.10127,23755.6231,18737.3494,14.14,47.98,0.082
31208.49558,17782.95218,14261.73647,19.59,83.3,4.916
29484.03996,21892.71383,20494.04389,27.04,66.52,4.903
49052.697,33255.33263,37930.53292,24.62,41.89,4.905
22984.61538,18037.19008,10236.14458,16.63,57.34,0.089
23861.10638,13942.68293,15497.41935,8.87,87.6,0.087
30730.65483,19011.19324,20283.38558,23.3,86.4,4.923
32611.40426,19810.97561,15282.58065,12.92,84.7,0.078
29016.63717,18849.48025,12426.06742,21.39,88.1,0.348
39706.32911,26210.33435,24393.25301,14.83,59.23,0.079
34486.15385,29090.08264,16181.20482,20.58,64.22,4.055
41857.62712,25298.48024,24788.26131,13.45,63.61,4.918
30824.61538,24207.02479,11398.55422,16.55,52.02,4.916
37907.69231,31972.31405,19818.79518,20.2,62.74,0.075
23709.62325,12698.98167,15813.81818,13.62,84.1,4.924
39891.67592,26857.44456,29329.65517,27.82,49.38,0.066
33387.07224,27671.06474,10400.96038,15.88,52.35,0.081
21396.19772,16378.03007,8695.318127,14.51,73.9,0.075
34471.77243,22936.92946,12097.75076,21.61,64.01,4.927
30777.18631,25590.67199,9651.860744,16.17,62.32,0.088
34373.99354,20767.82077,17367.27273,21.35,54.09,0.081
42039.49367,24423.1003,25468.91566,16.07,62.92,0.081
28787.21421,18976.97994,18995.3605,21.01,74.9,0.072
22965.59742,14139.71487,12078.54545,11.5,77.3,0.085
23705.08475,13495.44073,14512.88442,10.44,90.9,0.071
46155.62363,28508.71369,19567.65957,20.43,81.1,0.085
24769.23077,20287.19008,7795.662651,14.44,85.5,0.083
44208.3151,28340.6639,19240.85106,21.91,62.16,0.086
31358.59956,25543.56846,10714.65046,22.37,49.57,4.925
37500.73252,24470.11616,25272.97806,29.63,44.32,4.921
39021.53846,33500.82645,16823.13253,13.04,79.6,0.072
32507.72874,18106.31365,17588.36364,17.17,79.8,0.072
22861.53846,15768.59504,7859.277108,12.43,71.8,4.922
28358.80851,15925.60976,14388.3871,17.54,55.71,0.083
25782.85714,17362.02532,19382.76151,23.18,50.22,4.906
31987.8327,27545.87297,13610.56423,13.38,57.58,0.077
36001.59468,25625.31646,30667.78243,27.59,51.72,4.908
21177.18631,16112.91807,8914.285714,15.56,75.0,0.07
37433.69803,22414.10788,11350.75988,22.74,78.4,0.079
28972.60821,20330.30623,20560.25078,26.74,36.45,4.907
30758.1457,19384.61538,18727.38462,18.98,75.4,4.918
36549.2459,20897.83282,20451.49798,21.49,66.0,4.922
27220.25316,17934.3465,17551.80723,12.16,76.2,0.083
28683.07692,22094.6281,10288.19277,20.96,44.84,4.916
31275.57447,18109.7561,15526.45161,17.4,44.1,0.086
35864.50766,23470.95436,12570.45593,20.13,89.5,0.069
39429.93377,21098.5447,23825.72308,20.07,85.1,0.07
22849.23077,17814.04959,11705.06024,13.64,86.4,0.082
23125.42373,11941.64134,15861.70854,13.55,59.88,0.084
32570.06623,20563.40956,22407.87692,26.95,55.0,4.92
21287.48936,12757.31707,10834.83871,9.72,88.4,0.075
31775.57522,18471.51767,14279.38713,19.17,85.0,4.922
36179.60613,25031.95021,13568.38906,27.36,47.88,4.921
38004.51827,25101.26582,29541.08787,34.88,21.94,4.915
38919.9556,26922.06969,27060.56426,28.45,43.75,4.906
39796.93654,32500.82988,19252.5228,19.38,61.74,0.082
21273.84615,15411.57025,8911.807229,12.08,72.4,4.916
32694.61707,26174.6888,10364.49848,20.62,78.9,4.919
36519.91247,23792.11618,13235.74468,24.73,46.76,0.087
23163.07692,18119.00826,10293.9759,17.51,54.49,0.077
31890.4943,26330.77631,9588.47539,17.71,59.28,0.074
24332.93617,13591.46341,14580.0,14.42,85.6,4.909
36683.44371,20690.64449,18626.95385,23.67,62.56,0.071
21348.87417,13412.05821,13504.98462,20.31,81.4,4.913
23493.2459,16060.68111,11415.06073,17.85,78.2,0.076
33968.13559,20341.64134,16591.11558,11.64,49.52,0.087
35344.58472,25594.93671,26685.18828,28.11,35.75,4.908
36083.40984,23089.78328,17524.8583,22.88,54.05,0.07
32067.51346,18007.33198,18234.18182,16.35,68.96,0.073
41648.2623,24743.03406,25278.70445,23.31,58.31,0.08
34426.32911,21093.00912,16782.6506,16.59,62.58,0.075
26909.40919,15677.17842,12943.95137,16.42,80.4,0.085
36007.97342,24535.44304,28360.16736,31.08,42.48,4.908
29372.30769,21384.29752,10143.61446,18.69,48.88,4.924
24528.81356,14513.06991,15259.65829,9.52,91.1,0.079
27773.16456,17580.54711,17413.01205,11.32,58.16,0.089
23157.80409,12933.60489,15069.09091,14.19,89.1,0.075
46717.87375,29244.3038,35614.39331,25.29,82.0,4.922
32694.68354,21545.28875,16782.6506,15.48,63.76,0.075
26203.58862,15277.59336,12272.82675,16.9,63.76,4.917
21837.9661,12189.66565,14136.60302,10.92,90.8,0.08
44094.87965,24852.6971,19287.53799,20.91,66.12,4.916
31576.27119,18798.78419,15369.64824,12.0,67.85,4.917
34846.72566,21513.92931,15414.91318,22.71,86.5,0.261
39300.53097,26981.28898,13714.56588,21.99,71.7,4.928
35747.69231,29867.35537,15568.19277,16.92,57.96,4.923
27660.59016,18356.65635,12616.03239,18.26,78.6,4.918
32656.80525,26335.26971,12891.42857,21.27,71.9,4.92
35099.23404,21775.60976,20990.32258,18.74,50.35,4.925
33312.21007,18582.57261,12728.02432,22.7,71.5,0.07
28749.58425,23198.34025,11029.78723,19.07,85.9,0.081
21348.87417,9991.683992,11059.2,20.03,85.5,0.068
31749.32166,26417.42739,12745.53191,21.49,78.7,0.08
42068.46071,20789.8167,27688.72727,14.95,82.2,0.071
33636.92308,27721.4876,17326.26506,19.53,71.2,0.071
36419.08096,23963.90041,12010.21277,20.32,76.9,4.917
31022.16393,17665.63467,17379.10931,20.82,60.26,0.07
33195.95264,20690.83503,18676.36364,24.86,37.24,0.075
24717.87072,18049.7085,8522.44898,13.08,75.5,0.085
33739.74684,20866.8693,20934.93976,9.8,76.3,0.086
38427.70255,24812.24921,22438.11912,26.57,66.99,4.938
34736.2623,22473.06502,16848.583,21.03,70.1,4.916
24890.7541,15273.06502,15291.98381,14.97,84.2,4.913
34030.63457,19546.05809,12681.33739,21.85,66.77,4.92
23224.98339,14950.63291,15821.92469,20.77,66.57,4.913
19637.46835,12616.41337,13682.89157,14.94,70.6,0.07
28018.5558,21334.85477,11525.83587,22.01,66.94,4.924
36467.69231,30302.47934,14093.49398,15.87,69.96,4.915
47974.48505,31906.32911,38265.43933,25.4,60.09,4.907
24034.57627,14509.42249,14096.0804,7.49,59.9,0.089
34039.14894,19628.04878,17529.67742,14.98,62.68,4.919
22485.1711,18903.95827,7006.962785,11.03,52.6,0.079
33220.7535,18681.87373,17972.36364,22.07,45.92,0.089
21950.76923,17438.42975,10507.95181,14.81,83.7,0.08
31173.2459,21269.34985,14108.50202,18.31,59.53,4.915
35667.93443,21752.32198,19151.417,20.7,70.4,4.921
46997.52212,32328.89813,16891.68539,21.13,77.5,4.917
36507.30853,22690.45643,13282.43161,24.58,48.88,4.918
41485.86433,34588.38174,17851.91489,19.41,54.74,0.084
35015.6962,22212.76596,21466.98795,10.53,63.14,0.087
38318.64407,23306.99088,23190.51256,12.8,63.38,0.083
39424.99445,24968.10982,21986.70846,27.17,63.19,4.921
36759.7351,20720.58212,18325.66154,23.08,65.33,0.069
40761.13786,33102.07469,17093.25228,20.28,79.7,0.069
34737.64259,29132.86284,15834.81393,7.64,70.1,0.083
46602.47788,30600.0,18733.238,21.61,53.82,0.302
32633.70492,21704.02477,15974.08907,21.2,72.0,0.069
34408.91803,22220.43344,17495.7085,21.73,66.1,4.913
25977.34513,14654.46985,13232.1144,21.13,78.0,4.924
26063.84018,18136.85322,19248.15047,25.73,87.2,4.912
23260.56893,17824.48133,10726.32219,20.15,73.4,0.074
27106.62295,15633.43653,16580.40486,17.64,89.8,0.074
23575.38462,18431.40496,12179.27711,13.25,78.2,0.091
31902.51656,17734.30353,18065.72308,23.45,63.59,0.069
37323.07692,29837.60331,17048.6747,16.23,77.4,0.084
32356.72131,19396.90402,17262.51012,21.34,60.16,0.076
37076.92308,31384.71074,16383.61446,17.03,68.55,0.083
33478.48101,20261.39818,17493.9759,16.44,62.05,0.084
46017.04918,27681.73375,26339.75709,19.49,83.4,0.07
28736.07103,20307.49736,21288.52665,27.04,33.54,4.906
26746.04651,17194.93671,17014.8954,21.76,72.1,4.913
43424.81013,26407.29483,25393.73494,15.08,83.5,0.076
30295.93785,20866.31468,20096.80251,26.02,39.58,4.905
25432.13115,15310.21672,15099.59514,17.39,79.6,0.065
43719.86711,30349.36709,39572.88703,29.2,36.79,4.915
32990.80963,21174.27386,10539.57447,20.37,84.3,0.103
34585.20788,19456.43154,14624.68085,21.43,68.13,4.916
34515.39823,19639.08524,14685.3524,23.85,64.15,4.925
43088.37209,34241.77215,30041.17155,31.59,38.99,4.908
33772.88136,21096.65653,16255.35678,14.53,53.56,4.917
30322.83186,17925.15593,16426.88458,21.26,60.89,4.923
33952.3789,18509.5723,19392.0,13.94,90.1,0.069
48446.51163,30550.63291,38699.24686,25.64,80.3,4.908
33803.07692,26055.3719,16418.31325,13.53,87.3,4.923
34534.81967,20686.06811,17163.40081,22.17,47.48,0.084
29234.36066,16536.22291,15624.2915,19.49,71.3,0.07
37586.54867,23456.13306,13967.55873,24.3,62.02,4.921
30509.5057,25936.79043,12982.47299,9.41,79.1,0.088
38236.46018,23905.19751,14779.48927,25.55,46.85,0.272
41777.05059,24936.04888,27264.0,19.32,66.67,0.06
36167.00219,22055.60166,13294.10334,25.31,46.72,0.082
39057.00997,27360.75949,30474.97908,36.62,22.78,0.079
24168.43918,10528.7169,12770.90909,14.34,90.2,0.068
33321.35593,20425.53191,17343.67839,16.97,37.95,0.086
25926.30197,15176.76349,11934.3465,19.78,85.2,0.073
41189.43396,29111.72122,31075.10972,28.2,68.19,4.903
32615.6962,22362.31003,16441.44578,9.6,77.3,0.09
38489.00662,20896.4657,23294.03077,20.34,60.65,0.08
28052.42553,19660.97561,13285.16129,11.05,88.5,0.09
42592.52459,24813.62229,25885.02024,26.51,29.69,0.082
32885.5082,20177.08978,16248.09717,21.28,70.9,0.07
36709.63455,23320.25316,24630.62762,32.75,21.84,4.919
51533.8206,34974.68354,47405.52301,28.84,32.78,4.91
31975.6654,24898.4351,9352.220888,19.7,43.86,0.084
29228.93617,18171.95122,12663.87097,15.99,80.0,0.086
37662.51656,22831.18503,20671.01538,27.59,28.52,4.921
32017.69912,22554.26195,8995.955056,18.13,83.3,4.914
30941.53846,22600.41322,10369.15663,20.65,42.84,4.914
30117.1116,21641.07884,11426.62614,20.74,70.8,4.921
20866.92015,16403.80485,9634.57383,5.699,85.8,0.086
39210.16146,28869.65377,28992.0,16.0,87.0,0.065
44630.46358,25641.58004,25822.52308,20.52,85.0,0.069
43704.3038,26600.6079,25463.13253,8.9,55.69,0.077
26792.39544,23874.80822,12412.0048,13.07,52.67,0.077
28150.89716,22175.10373,10043.52584,18.11,67.28,0.082
33988.86076,22154.40729,16562.89157,12.0,67.75,0.086
23682.09836,18479.25697,12254.5749,18.22,86.5,4.913
36835.87125,26226.39916,23846.52038,23.95,69.52,0.071
23337.61033,13736.45621,12788.36364,15.09,67.36,0.073
39480.7947,23474.84407,24581.90769,20.95,87.8,0.07
42282.53165,25827.35562,25266.50602,13.79,74.0,0.084
26740.13245,17146.77755,20168.86154,21.14,79.7,4.919
34450.16949,20575.07599,16452.1809,18.96,45.39,0.084
36272.2623,22525.0774,22293.76518,21.04,66.25,0.079
34899.93443,21637.1517,17950.44534,18.62,80.6,0.07
26966.15385,21797.10744,11265.54217,21.59,71.1,0.071
39241.99336,28002.53165,33288.70293,30.72,51.85,4.906
21466.22951,14333.12693,10890.36437,14.53,70.7,0.514
30394.68439,19974.68354,21479.49791,22.09,66.37,4.907
33175.14894,20023.17073,16583.22581,17.11,48.68,0.083
22722.71186,12105.77508,10807.9598,11.26,86.5,0.075
36490.65483,25222.80887,26091.53605,21.73,53.62,4.919
41960.50633,25874.77204,25168.19277,11.31,84.1,0.083
37808.2623,23386.9969,15513.52227,19.67,57.99,4.925
29403.07692,20447.10744,11537.3494,18.56,71.6,4.916
35741.53846,29885.95041,16522.40964,22.39,57.81,0.071
21572.62357,16035.59374,9455.942377,17.85,65.49,0.081
32942.59711,21090.6019,18658.30721,24.32,81.1,4.921
35119.4702,21195.842,18077.53846,23.52,59.08,0.07
26323.32604,14982.57261,12517.93313,20.18,71.3,4.92
25805.29602,14029.73523,17669.81818,15.47,69.69,0.073
28384.07002,17839.41909,9588.328267,23.45,67.92,4.919
44790.35522,24162.52546,28561.45455,15.02,85.8,0.07
23239.54373,19058.60693,8309.243697,12.97,74.4,0.083
28530.38298,16920.73171,16908.3871,11.26,69.06,0.085
23309.61702,13752.43902,14098.06452,16.63,58.22,4.927
35239.86885,21778.32817,20731.33603,18.55,89.3,4.922
25023.57616,14370.06237,11419.56923,18.39,60.13,0.079
36261.53173,21887.55187,16381.2766,18.91,59.69,4.926
32203.07692,26880.99174,16447.22892,19.59,69.51,0.074
49506.59267,32476.02957,35535.04702,24.81,56.95,4.924
22911.02662,18576.25038,7116.446579,12.53,73.8,0.086
38418.22785,22967.78116,24786.50602,15.7,68.18,0.074
32243.74468,20550.0,14492.90323,16.5,45.28,0.085
33338.40304,27549.55508,14538.29532,11.03,87.8,0.081
42327.45763,25167.17325,24851.9397,10.57,81.4,0.073
23105.70342,18517.33661,9836.254502,13.72,80.8,0.083
35681.75055,23104.97925,11870.15198,23.58,48.86,0.091
40252.88136,24131.30699,25089.28643,13.6,66.66,0.082
38900.77691,27857.23337,28306.45768,27.16,72.0,4.905
46367.04319,30075.94937,37795.48117,29.17,25.71,4.916
29317.82464,18577.82471,19579.18495,22.77,89.1,4.922
33267.69231,25214.87603,10334.45783,20.24,42.76,0.083
29893.18535,19501.58395,20861.19122,20.57,78.2,4.908
21855.18987,13889.3617,13983.61446,9.01,62.8,0.085
28215.96958,24276.15833,11824.2497,13.05,72.5,0.084
49020.59801,32654.43038,43935.06276,31.5,29.14,4.919
32086.1141,18073.31976,18333.09091,17.04,81.2,0.079
29590.96346,19860.75949,22672.46862,20.8,72.2,4.918
38400.0,27702.53165,30679.83264,37.38,20.94,0.077
41662.50832,29632.52376,27578.18182,34.89,37.45,4.907
26281.19867,16848.15206,15305.83072,20.39,76.0,0.069
29725.37705,19460.06192,13531.33603,18.24,87.6,4.923
24418.7234,14740.2439,11078.70968,12.11,77.1,0.094
44731.91489,26604.87805,25542.58065,21.83,52.65,4.921
33245.55436,17952.34216,19450.18182,16.41,65.65,0.073
26023.29114,16190.88146,16337.3494,16.96,72.9,4.911
35114.95017,28891.13924,24371.54812,25.89,59.33,4.907
24704.81013,14866.8693,14064.57831,10.18,76.9,0.086
39023.04636,22015.38462,20842.33846,22.54,67.52,0.07
35033.07436,25139.17635,28769.90596,24.93,88.4,4.921
40683.58804,27144.3038,29083.17992,34.55,22.38,4.917
25520.44395,19159.4509,16756.36364,25.52,63.59,4.903
40422.28635,31289.96832,27391.59875,27.01,74.0,4.906
40965.68257,28636.53643,27806.89655,29.25,62.15,4.902
34761.66302,21891.28631,12803.89058,22.82,71.4,0.068
21913.30798,16444.30807,9605.762305,15.12,68.88,0.079
43573.78723,24654.87805,25397.41935,14.11,54.47,4.919
26952.21239,15982.95218,13002.65577,17.33,84.6,4.918
22393.84615,17810.33058,9571.084337,12.3,75.4,0.072
29412.3588,20305.06329,21624.10042,23.13,50.19,4.915
22808.13559,14418.23708,11398.43216,9.8,62.42,4.919
29654.75083,19481.01266,22690.54393,24.62,84.9,4.917
27141.52824,17931.64557,20726.35983,23.67,71.0,4.908
31310.44248,18411.64241,15385.4954,21.02,65.05,0.271
36803.50109,23874.27386,13521.70213,22.94,68.43,0.089
39224.61538,32887.19008,16638.07229,11.85,67.6,4.923
35592.39344,22896.59443,18510.12146,20.08,55.99,4.922
29437.87375,18470.88608,22853.22176,23.91,85.7,4.909
35791.09635,23939.24051,28872.30126,24.32,84.5,4.913
37052.18543,20960.08316,18485.16923,23.25,63.93,0.071
24418.46154,18531.81818,11566.26506,16.02,77.3,0.068
44410.61947,25413.30561,22457.52809,23.06,78.1,0.271
34295.60656,22372.75542,17612.30769,27.46,37.7,4.922
35874.44564,21119.7556,19438.54545,22.03,41.11,0.086
34657.21519,21071.12462,16643.85542,14.69,56.19,0.082
33211.91489,21010.97561,16037.41935,15.42,59.58,0.074
30673.22034,17591.48936,16000.64322,16.41,40.49,0.083
21335.36122,16031.91163,9974.54982,8.49,89.4,0.079
41107.11864,24302.73556,24429.34673,11.49,44.71,0.087
27084.25532,16690.2439,12576.77419,12.15,59.3,0.087
42783.31915,25404.87805,25089.67742,17.64,63.57,4.917
28800.0,18330.37975,22600.16736,21.43,80.3,4.917
26652.74336,13995.842,14667.70174,20.28,55.32,4.922
20763.07692,16047.52066,7714.698795,18.09,73.4,0.074
43158.44617,29438.64836,27493.9185,30.76,34.48,0.074
29443.40426,16452.43902,15694.83871,15.53,50.67,4.925
21788.35443,14203.03951,14382.6506,13.34,83.6,0.079
31312.40844,21580.99261,24580.81505,24.37,74.0,4.908
23846.02799,13468.8391,15505.45455,12.28,70.7,0.08
29184.40678,18335.56231,13407.19598,13.39,69.94,4.917
29220.99668,20305.06329,19418.91213,24.5,81.8,4.917
29820.75949,19440.72948,17239.51807,12.87,53.92,0.082
29826.09836,18393.80805,16562.91498,23.75,49.72,0.071
33452.06557,20619.19505,16959.35223,22.35,49.52,0.082
34529.23077,28268.18182,15198.07229,13.85,76.8,0.078
29713.78556,18653.52697,10084.3769,17.3,79.6,0.078
38127.2364,25154.38226,27313.35423,21.72,72.8,4.912
41395.44304,25243.769,25052.53012,16.9,71.8,4.912
42266.44068,27107.59878,26015.51759,13.24,66.39,0.079
26814.87965,15602.48963,13101.51976,16.36,80.6,0.087
32230.81967,19133.12693,16936.03239,21.97,57.82,0.072
32631.59737,18582.57261,13585.89666,21.39,67.07,4.918
24558.77462,18832.78008,11047.29483,20.04,79.7,0.069
22900.13245,11634.51143,13321.84615,20.01,81.1,4.915
25786.49007,15953.01455,11614.52308,21.24,83.2,0.07
35960.0444,27336.43083,23479.37304,28.36,60.92,4.902
25346.48009,16573.93075,12532.36364,11.8,77.3,0.08
36573.45133,23482.32848,15303.12564,26.99,47.88,0.286
35076.76149,22436.51452,13883.52584,21.12,72.3,4.92
45790.42623,26842.10526,26065.74899,21.39,59.31,0.076
39879.78471,22098.57434,26449.45455,14.77,84.5,0.074
40239.3972,21325.05092,26292.36364,16.53,85.3,0.069
41538.33887,27884.81013,28149.2887,34.08,32.61,4.911
37832.29236,25598.73418,30541.25523,32.54,38.59,4.921
37682.12928,32664.00736,16578.15126,13.53,50.3,0.076
34043.5443,21589.05775,17308.91566,14.65,67.51,0.083
29253.74179,16700.41494,13515.86626,20.56,63.39,4.919
44727.70764,29498.73418,38223.2636,27.62,58.46,4.91
27302.65487,15945.53015,14920.69459,21.61,75.3,4.913
31658.29925,17171.48676,18391.27273,14.29,88.7,0.069
33704.37029,20188.5947,18042.18182,23.0,32.27,0.089
33820.06645,23426.58228,27860.08368,23.59,65.69,4.904
40996.14618,34006.32911,29896.56904,33.58,30.45,4.91
45563.89381,27284.40748,22857.60981,23.51,82.9,0.275
37857.80731,25040.50633,30041.17155,27.66,68.5,4.911
20433.41772,12481.45897,13729.15663,14.87,72.4,0.072
34292.98013,21585.03119,16411.56923,23.14,72.5,0.071
46819.11504,27808.31601,20833.66701,21.41,82.0,4.921
26603.01639,13107.12074,14901.37652,17.24,79.4,0.07
30769.23077,22819.83471,11329.15663,12.29,57.82,4.923
35466.4918,22149.8452,17384.93927,28.9,31.36,0.066
40863.87833,34011.66002,15725.33013,15.42,78.4,0.083
32924.71483,27350.72108,13725.81032,14.32,78.9,0.084
24336.95364,16345.94595,11407.75385,20.13,87.2,0.077
36033.04918,22855.72755,21745.74899,19.79,84.6,4.918
27962.7541,17899.6904,12598.54251,20.65,81.8,4.92
24272.54237,12554.40729,10929.52764,13.12,67.91,0.082
32845.86433,19359.3361,14980.66869,20.69,82.2,0.074
23824.34043,14502.43902,14237.41935,10.3,89.3,0.087
22086.07595,13831.00304,14440.48193,9.32,76.1,0.088
22381.53846,17981.40496,10282.40964,19.28,56.1,0.082
36721.57549,23579.25311,12821.39818,21.01,83.4,0.068
26354.83589,15266.39004,11549.17933,19.96,59.95,4.928
35378.36066,21377.08978,19833.52227,20.48,70.5,4.919
25646.58228,15264.43769,17048.6747,11.18,75.5,4.915
21387.01987,10369.64657,11242.33846,18.93,66.09,0.079
22978.46154,17996.28099,10293.9759,16.81,55.64,0.084
31756.46018,18187.11019,14085.22983,21.8,59.73,0.201
27270.79646,16484.40748,14579.44842,22.73,77.2,0.227
39149.61702,22803.65854,23614.83871,13.59,61.18,4.919
30781.798,21402.32313,21800.12539,27.28,78.0,4.906
43322.7541,26403.71517,24719.02834,20.59,67.9,4.919
24753.41772,14994.52888,14533.01205,14.25,78.9,0.082
48681.90899,31833.57973,33603.0094,22.48,48.92,4.925
34225.99562,21768.04979,13078.17629,22.68,69.59,0.102
35176.68874,20020.79002,22579.2,30.96,43.73,4.921
28939.86755,15567.56757,15123.69231,22.43,75.9,4.914
25758.1749,21650.81313,8355.342137,11.07,49.73,0.078
24756.92308,20573.55372,12173.49398,15.78,84.9,0.083
33265.39924,27181.34397,10481.63265,16.12,59.71,0.085
34509.58425,22720.33195,10656.29179,20.61,73.7,4.919
37584.79087,31430.50015,15535.17407,14.53,80.7,0.081
32711.78707,26879.41086,11490.03601,16.36,54.14,0.078
35461.18162,23026.55602,12943.95137,23.13,67.97,4.92
39360.0,22953.19149,24618.79518,15.63,58.81,4.92
33062.65487,19785.03119,18450.82737,24.38,59.42,0.329
27932.30769,22113.22314,10797.10843,15.62,84.2,0.082
43486.09272,26161.74636,28102.89231,21.23,59.98,0.083
25209.19149,12610.97561,12129.67742,14.46,77.3,4.913
36524.06557,21923.21981,18638.38057,28.94,33.17,0.087
24384.42478,13816.21622,12261.32789,22.19,46.75,4.924
21791.63498,18447.3765,10037.93517,12.01,53.3,0.077
25494.87236,16851.95354,17851.78683,19.24,53.19,4.905
31900.06645,21820.25316,26353.80753,25.36,37.31,4.917
21392.54237,13269.30091,13899.25628,13.7,69.34,0.077
26962.73764,22586.06935,11685.95438,14.07,65.65,4.919
31208.49558,16787.52599,13508.64147,21.35,55.79,4.919
25310.76923,17457.02479,12144.57831,12.37,82.8,0.082
38333.07985,31423.13593,15356.54262,15.81,69.49,0.083
33830.80851,20184.14634,20456.12903,13.94,85.8,4.915
22498.62295,13768.42105,12009.7166,19.66,56.72,0.079
26569.10284,17693.77593,8625.410334,18.19,86.8,4.914
37662.51656,20877.75468,18302.03077,25.95,37.5,0.071
25782.50951,19710.3406,8718.367347,11.8,75.8,0.083
27245.11475,16785.13932,16172.30769,16.45,81.8,0.067
29255.38462,21964.46281,10577.3494,17.41,71.1,4.915
26114.43038,15953.79939,11641.44578,9.16,76.8,0.083
25098.0531,15470.27027,11449.39734,22.02,76.3,4.916
37339.16849,21241.49378,16731.42857,20.87,63.39,4.922
36256.27119,23565.95745,17528.92462,14.2,75.0,0.075
38692.45033,23684.40748,24859.56923,17.99,68.45,0.083
25686.82713,20401.24481,13107.35562,18.02,71.0,0.087
38977.49168,25926.08237,28053.66771,21.77,72.7,4.91
24087.83638,13443.17719,15761.45455,15.64,86.8,0.074
34262.38967,20181.26273,18152.72727,14.11,78.6,0.072
35101.96937,21536.51452,13031.48936,27.25,41.75,4.92
33569.101,21352.90391,24550.721,25.01,90.9,4.923
32205.63934,20221.67183,16119.83806,25.24,24.19,4.923
30031.09635,20111.39241,25401.841,23.4,57.85,4.911
31323.07692,25843.38843,11022.6506,21.44,59.97,0.073
35806.42623,21737.4613,18766.63968,30.87,31.73,0.072
42756.4557,26914.28571,25075.66265,13.95,75.9,0.087
21498.0531,11421.20582,8990.071502,20.61,75.5,4.917
38734.5616,24348.46885,19663.44828,25.75,83.9,4.924
45425.31148,27039.00929,26059.91903,19.41,49.88,0.082
40020.19934,28321.51899,32505.43933,34.82,33.05,4.908
36797.88079,21053.63825,17262.27692,26.9,50.1,0.08
29461.78723,16251.21951,15497.41935,14.09,59.7,0.082
47991.47614,29518.47941,28787.96238,25.54,79.0,4.925
32078.6711,21132.91139,24510.12552,20.79,72.0,4.914
35051.01639,21670.58824,18224.45344,27.41,49.5,0.067
25730.94092,16285.89212,11706.74772,20.02,68.0,0.108
42193.11876,29012.88279,27072.60188,30.03,44.38,4.904
33376.52459,21629.72136,17728.90688,26.95,42.5,4.923
23103.57616,14811.64241,16943.26154,20.62,82.1,4.918
30942.66958,23698.75519,10061.03343,17.61,84.4,4.919
37912.6477,22537.3444,16824.80243,23.43,43.65,4.917
31236.19672,19441.48607,18166.15385,17.97,83.1,0.066
45105.13274,27063.61746,20145.29111,23.04,82.2,4.917
39124.5283,26948.68004,26904.07524,28.55,47.05,4.907
35822.99003,25245.56962,34493.72385,30.6,32.52,4.917
41918.2242,28286.80042,32272.85266,25.37,85.5,4.922
22594.67681,17998.15894,10060.98439,9.81,85.7,0.08
29058.46154,21644.6281,11080.48193,21.27,69.45,0.071
43788.59016,25058.82353,25657.65182,19.78,60.18,0.072
34763.89381,19968.39917,16032.68641,20.87,79.2,4.914
28215.09934,15545.11435,17622.64615,19.89,86.0,0.067
35476.92308,26635.53719,10872.28916,19.79,56.48,4.921
22021.01695,13258.35866,14038.19095,10.63,45.81,0.084
32369.23077,26561.15702,14076.14458,13.19,79.1,0.08
34928.74172,22595.4262,18319.75385,22.48,78.8,0.068
36954.74836,22529.87552,13971.06383,24.22,36.38,4.92
29562.91391,18449.06445,17085.04615,19.6,89.5,0.069
24504.61538,18442.56198,12196.62651,12.54,87.8,4.922
39290.74362,29115.5227,26404.51411,30.09,46.19,4.906
41626.32911,24886.32219,26024.09639,13.34,59.47,0.086
34194.88525,20321.98142,17087.61134,22.42,47.95,0.081
27955.53611,18728.21577,9261.519757,19.12,79.1,0.108
31165.03311,17741.78794,21297.23077,25.1,67.85,4.93
34152.91139,20731.91489,16030.84337,14.61,67.79,0.085
25835.01639,15689.16409,15257.00405,18.45,85.3,4.915
38818.98305,25772.64438,25957.62814,12.23,88.0,0.077
37128.51711,29773.55017,16370.70828,15.94,61.15,0.081
39493.50993,24024.94802,22549.66154,29.07,27.48,4.923
37684.9085,20364.56212,23831.27273,19.66,43.48,0.084
39773.16456,25345.89666,24676.62651,12.2,64.87,0.089
34675.9322,20655.31915,16718.47236,17.44,54.44,0.082
21905.3606,11305.90631,12596.36364,14.03,88.3,0.084
34204.59574,19928.04878,17779.35484,19.2,59.71,0.087
44810.63123,29081.01266,36759.16318,28.35,42.86,4.92
34138.38536,21292.05703,18833.45455,24.79,36.8,0.073
28456.85106,16624.39024,13116.77419,10.67,84.1,0.086
31948.47458,19418.84498,20174.47236,13.6,76.4,0.074
34849.89059,24176.76349,12891.42857,20.91,85.1,0.077
31292.30769,26386.36364,10583.13253,19.44,62.36,4.921
32870.88608,20629.78723,14943.61446,7.44,67.45,4.917
23945.31646,15738.60182,13786.98795,11.52,52.92,4.923
32042.58555,26120.89598,10095.55822,13.03,77.6,0.087
48963.19645,33175.50158,35462.82132,25.82,58.93,4.906
36484.24779,22973.38877,14079.34627,21.68,91.8,4.921
29096.19256,15759.3361,10452.03647,16.28,86.1,0.085
36449.62025,15238.90578,17441.92771,12.68,65.14,0.084
24357.9661,14392.70517,14298.69347,12.96,62.87,0.084
24738.46154,18777.27273,11722.40964,15.47,85.1,0.071
29656.64817,20569.79937,22323.76176,23.06,53.88,4.904
31149.88159,17879.0224,20462.54545,16.4,79.1,0.086
24078.58407,12401.6632,12396.64964,14.96,71.8,4.914
35037.95745,19503.65854,15532.25806,24.48,42.61,4.916
38867.69231,32939.2562,16059.75904,14.85,80.4,0.07
39147.8337,30260.16598,17315.0152,19.86,77.4,4.917
45412.72131,27351.08359,26794.49393,24.78,55.37,4.922
29347.9646,17947.60915,11861.24617,20.12,72.7,0.289
32321.72228,19627.69857,17652.36364,13.67,87.0,0.07
24012.1519,14534.95441,15325.3012,14.9,85.4,0.074
35642.7541,21763.46749,18504.2915,22.13,68.74,4.923
47049.44262,28978.32817,26194.0081,18.99,71.8,4.922
38561.41593,23676.92308,13944.02451,24.11,65.76,4.932
25428.44639,17940.24896,7925.106383,17.16,89.7,4.998
26130.26549,14310.18711,11731.80797,20.09,75.4,4.915
32347.54967,19085.23909,18875.07692,24.36,47.54,0.079
31219.95624,17940.24896,12360.36474,21.51,73.4,4.921
38325.4162,24873.07286,22311.72414,25.81,58.35,4.912
32493.77483,22045.32225,21114.09231,25.74,62.94,4.921
29026.8709,20700.0,10125.22796,20.07,89.7,0.066
38299.84462,26081.94298,28571.28527,27.85,41.71,4.91
25098.47147,14436.65988,16477.09091,16.24,76.8,0.082
34273.27434,23022.03742,15120.73544,24.79,73.4,0.35
28948.80517,13718.12627,15959.27273,14.62,88.9,0.071
36579.82301,25566.73597,11131.68539,22.33,68.92,4.919
36963.17881,22868.60707,20233.84615,22.62,69.67,0.074
25482.88482,14993.89002,12264.72727,14.05,89.7,0.082
37001.3245,22696.4657,19903.01538,24.89,56.21,0.073
39976.68874,21323.07692,24280.61538,21.83,68.38,0.079
40569.32297,25583.94931,23834.48276,24.73,86.7,4.912
25573.39168,16401.65975,11549.17933,18.94,92.5,0.066
33738.89362,20301.21951,16867.74194,17.37,59.17,0.083
39963.4981,33650.81313,15454.5018,19.46,30.47,0.086
25638.12766,14571.95122,15480.0,11.24,87.5,0.066
29988.87417,19792.51559,22998.64615,22.53,76.6,4.923
42169.83389,30011.39241,27094.8954,28.58,40.09,4.905
29539.93355,19537.97468,23389.45607,23.63,54.26,4.923
39650.97345,25372.14137,15067.78345,26.03,45.35,0.308
24242.84177,13912.42363,15470.54545,14.33,86.6,0.072
24606.25971,16308.34213,16509.59248,25.06,93.1,4.911
27991.89873,17405.47112,12682.40964,8.05,84.7,0.085
23824.34043,14469.5122,14249.03226,13.27,86.5,0.084
29996.64155,15785.74338,18885.81818,20.14,59.41,0.075
42865.99562,27660.99585,17828.57143,20.06,88.1,4.915
37307.65864,24815.3527,16626.38298,21.07,65.2,4.917
25017.86868,12585.33605,16599.27273,13.43,90.5,0.066
27213.45133,16465.69647,10537.44637,20.29,69.42,0.277
24827.80328,14875.5418,15204.53441,17.23,88.0,4.913
36257.3617,21764.63415,21019.35484,9.68,82.0,0.074
35981.61702,19862.19512,19010.32258,15.0,70.6,0.072
35228.00875,24475.51867,12512.09726,19.77,90.0,0.072
35058.64595,21828.0887,21107.96238,26.5,75.0,4.918
29527.17608,20221.51899,20834.81172,23.63,47.25,4.91
24206.0177,13187.52599,10572.7477,20.45,78.7,4.922
28904.61538,25493.80165,12318.07229,17.26,74.6,0.068
31061.9469,18654.88565,16338.63126,25.47,49.58,0.314
32953.84615,27606.19835,14330.60241,12.49,54.15,0.086
33010.63291,20618.84498,16100.24096,16.6,73.4,0.072
33419.16039,20888.79837,18176.0,21.0,43.18,0.085
24882.12928,20019.63793,7272.028812,16.06,68.29,0.075
22255.65957,13335.36585,13592.90323,10.45,86.0,0.085
39313.27434,23646.98545,15591.41982,22.85,76.5,4.917
48004.26193,32772.54488,38219.43574,27.48,77.5,4.904
32190.76923,26750.82645,13069.87952,21.65,63.64,0.074
30030.76923,25036.36364,13370.60241,17.24,52.65,0.076
22486.03279,12620.43344,11444.21053,21.61,68.39,0.082
38833.75415,26718.98734,32704.26778,30.73,57.49,4.903
24480.0,22131.81818,9698.313253,8.73,89.8,0.08
34858.98305,19717.93313,17141.06533,13.96,75.3,0.072
35626.21277,24358.53659,21617.41935,14.98,75.5,0.076
25998.98734,16993.31307,17945.06024,5.641,77.7,0.08
28736.21262,18436.70886,21244.51883,24.13,85.7,4.913
24095.36424,15833.26403,11732.67692,20.19,86.3,0.072
20763.4981,15332.31052,9767.106843,13.24,81.5,0.082
31018.21277,17473.17073,16554.19355,13.28,68.71,0.076
35105.3617,20674.39024,15718.06452,14.75,64.49,0.075
36866.54867,23306.44491,14720.65373,26.94,36.25,0.273
35386.49007,22269.85447,18751.01538,25.35,53.28,0.07
27646.72566,15455.30146,11567.06844,21.92,79.1,4.918
34310.67703,23652.79831,24821.5674,21.7,54.58,4.917
36901.77049,21900.92879,21745.74899,18.15,87.3,0.07
22226.22517,11769.23077,12134.4,20.0,81.6,0.068
28800.0,19377.13098,8284.044944,19.65,83.5,4.912
28073.89831,15133.1307,18507.25628,14.45,52.5,0.084
35013.2459,22747.98762,17396.59919,21.16,67.57,4.921
31184.79087,26327.0942,9605.762305,14.14,42.42,0.077
26557.16814,15829.52183,14655.93463,21.02,58.89,4.921
45037.35099,27808.31601,28392.36923,21.52,83.0,0.068
31517.34219,20901.26582,24082.3431,20.82,72.0,4.921
38527.15232,23313.92931,21368.12308,29.99,26.12,4.921
35350.96346,23118.98734,27817.90795,24.37,87.2,4.916
31778.04255,18391.46341,17250.96774,19.87,58.95,4.921
35033.84615,28617.7686,16852.04819,20.74,75.0,0.074
21733.67089,13798.17629,13867.95181,9.16,60.0,0.083
31355.13308,25605.40043,9772.869148,16.87,56.98,0.087
40123.91489,23330.4878,24630.96774,14.51,54.17,4.797
32036.92308,25742.97521,9808.192771,18.52,61.28,4.925
38306.23751,26534.3189,26266.0815,28.24,37.79,4.91
36229.38053,22906.02911,13508.64147,32.69,26.51,4.921
23607.70764,15356.96203,16285.85774,21.54,69.51,4.916
33284.05063,21063.82979,20645.78313,10.78,78.2,0.088
30289.54495,19246.8849,17141.5674,19.05,78.2,4.911
21885.56962,13918.54103,14186.0241,9.06,60.67,0.088
32464.32723,18296.94501,21358.54545,13.78,66.37,0.083
24230.44133,13410.1833,15930.18182,15.75,86.3,0.083
28167.30038,24117.82755,12227.61104,13.23,55.51,0.077
31059.93443,21050.1548,14691.49798,19.38,73.1,4.92
36599.60656,23290.40248,18650.04049,21.5,67.6,4.921
21840.0,17297.10744,9195.180723,16.9,68.29,4.92
20937.72152,12696.65653,14035.66265,12.45,66.28,0.083
33520.91255,28197.60663,14284.7539,12.52,78.9,0.074
32851.52542,20378.1155,15965.90955,11.29,75.6,4.914
39113.84615,33017.35537,17592.28916,19.33,64.88,0.081
30279.86711,19503.79747,24238.99582,22.15,78.0,4.922
21363.03797,13375.07599,13948.91566,7.44,81.1,0.076
24657.70213,14484.14634,14823.87097,10.94,83.1,0.073
34941.53846,29450.82645,14851.08434,13.07,85.1,0.071
36443.5443,22417.02128,19020.72289,14.52,56.79,0.083
37467.90097,18718.5336,24960.0,18.94,63.36,0.082
25354.17219,15496.4657,15690.83077,20.68,89.6,0.066
33233.22259,22450.63291,21702.42678,25.23,77.4,4.917
20979.66777,12508.86076,14544.60251,20.43,82.9,4.916
21025.09506,17073.94906,9421.368547,12.12,48.83,0.077
28314.13984,17239.70433,16840.62696,24.29,89.3,4.916
27162.47788,18011.22661,9966.741573,19.64,85.0,4.918
37756.44839,26393.6642,27457.80564,31.54,18.07,4.903
32035.40426,19595.12195,19242.58065,12.34,79.8,0.075
25446.07595,15745.89666,14625.54217,9.53,76.6,0.075
34811.80328,21481.11455,18346.88259,20.88,71.1,4.925
43723.91819,23326.68024,27531.63636,18.63,72.3,0.072
39185.08475,24083.89058,24035.69849,13.61,64.44,4.917
32208.84956,20350.10395,13037.9571,19.58,74.5,0.288
21990.50847,12981.15502,14177.12563,11.44,65.58,4.915
40808.13559,24255.31915,24701.42714,13.8,71.1,0.074
25735.38462,21075.61983,11375.42169,17.3,65.65,4.92
24298.80795,13468.19127,13363.2,21.88,72.9,0.067
28952.58278,18654.88565,13351.38462,20.78,85.3,0.074
32684.06557,19255.72755,18376.03239,25.04,40.84,0.074
29651.71103,25424.97699,13120.76831,10.23,73.1,0.085
28529.23077,23362.80992,12572.53012,16.1,55.7,0.082
31540.25316,19969.60486,17840.96386,13.81,45.68,0.081
25831.17871,20133.78337,7629.291717,5.565,86.0,4.913
29234.71698,20235.26927,18724.51411,25.58,42.11,4.904
30333.07985,26489.10709,13351.2605,13.25,54.21,0.076
29259.54098,19378.32817,13508.01619,19.08,63.39,0.082
18088.85106,9969.512195,9847.741935,15.25,61.95,0.081
29551.85841,17595.842,14455.89377,21.63,88.8,4.912
26882.12389,18733.47193,7695.689479,16.89,85.7,4.917
35877.1116,23142.32365,13177.38602,25.6,43.59,0.092
36977.54153,23908.86076,26287.53138,25.87,75.1,4.919
24540.75949,16500.91185,16279.51807,8.9,77.8,0.083
25185.27449,13824.43992,16110.54545,12.75,71.5,0.084
31796.92308,24273.96694,10317.10843,14.57,57.32,4.927
31282.12928,25701.13532,9686.434574,11.94,69.85,0.084
19783.29114,13272.94833,14070.36145,16.54,56.94,0.081
38458.98305,24269.90881,24145.68844,11.71,88.9,0.068
41400.7947,26543.45114,31287.13846,23.88,74.2,4.926
27631.93916,22766.49279,8994.957983,12.5,44.83,0.073
38042.7907,25712.65823,31366.69456,32.74,37.52,4.92
33775.65957,19569.5122,17489.03226,25.57,43.19,0.084
25417.74834,14123.07692,17474.95385,20.54,88.7,4.914
27511.49502,18732.91139,19659.91632,25.33,82.7,4.912
21335.36122,16238.10985,7969.267707,11.36,86.0,0.08
27931.13924,17069.90881,13318.55422,12.01,76.4,0.082
37594.22951,23687.9257,23045.82996,19.02,86.7,0.07
32660.42553,16942.68293,19010.32258,17.78,74.3,4.913
25907.74468,12812.19512,15880.64516,14.74,75.8,4.912
45033.87309,26342.73859,19865.28875,20.83,72.1,0.067
19746.83544,13265.6535,13665.54217,6.091,84.9,0.083
19772.30769,13685.95041,7286.746988,15.39,87.1,0.074
35831.60656,20756.65635,17950.44534,21.51,61.03,4.921
39495.05703,34133.16968,16756.78271,15.56,60.31,0.079
32538.72982,18168.63544,18658.90909,16.57,64.99,0.074
37022.19269,26039.24051,24443.84937,34.23,37.35,0.069
30400.0,25907.33354,12815.36615,13.23,85.0,0.082
23453.16456,13816.41337,14827.95181,14.87,85.7,0.076
39669.36877,27459.49367,28239.66527,36.65,21.71,4.917
38993.22259,26962.02532,28076.98745,30.63,34.88,4.919
40587.90698,25401.26582,29396.48536,33.08,28.55,4.918
38900.77691,26663.56917,27072.60188,28.78,45.52,0.072
37580.17699,22269.85447,17091.72625,22.39,85.0,4.915
32726.15385,27502.06612,15712.77108,16.35,85.3,0.082
33568.21192,20608.31601,20629.66154,19.64,85.4,0.067
43835.52207,24914.05295,27333.81818,21.17,52.09,0.064
47636.41196,31135.44304,45170.20921,26.05,56.92,4.906
34772.65823,21377.5076,21351.3253,17.18,70.3,4.915
34509.02655,19755.09356,18050.74566,21.66,58.82,4.924
39154.37262,32995.39736,16313.08523,13.49,82.5,0.074
34363.91489,21347.56098,16664.51613,14.12,78.4,0.076
22073.84615,16787.60331,10010.60241,13.28,71.0,0.081
27568.90365,18056.96203,21557.82427,24.04,84.1,4.915
42762.08657,29556.49419,34842.88401,28.11,73.5,4.904
28793.79978,18113.64562,14219.63636,20.45,51.32,0.084
28187.23404,16492.68293,16780.64516,10.91,80.4,0.072
36543.78738,23889.87342,32457.23849,25.84,83.7,4.914
28942.60495,14773.93075,18164.36364,19.96,61.64,0.073
37154.43038,22665.04559,23282.89157,15.97,57.81,4.922
27640.67797,17000.6079,17187.37688,10.36,90.6,0.077
21775.15608,12816.29328,11386.18182,12.83,75.4,0.081
26422.46809,13920.73171,14969.03226,15.85,78.8,4.908
38856.02664,23892.29145,21631.59875,25.31,86.8,4.922
30939.07427,18909.16497,15522.90909,13.92,70.1,0.102
28315.21595,18410.12658,22063.93305,25.9,39.88,4.914
34717.54923,21532.78008,13200.72948,24.69,63.09,4.925
31114.17219,17483.57588,14851.93846,20.2,52.85,0.079
40613.42193,28758.22785,29697.74059,29.35,63.01,4.909
22304.81013,15734.95441,16383.61446,16.22,57.94,0.081
27022.77469,15943.40021,15077.11599,22.49,69.39,4.92
24824.0708,13531.80873,12702.59448,19.85,76.7,0.339
47313.82908,32035.05808,37190.21944,26.48,82.3,4.904
34836.92308,28476.44628,16614.93976,16.28,67.11,0.079
41372.49169,28283.5443,32077.6569,29.04,55.92,0.064
34267.54967,22288.56549,22449.23077,19.62,86.0,0.076
34471.86885,22075.5418,18650.04049,21.87,70.1,4.92
35074.7234,19379.26829,15509.03226,24.54,43.58,4.92
32678.27243,20020.25316,25618.74477,27.3,79.5,4.916
43947.57447,25906.09756,25827.09677,15.18,77.2,0.072
26478.98734,17241.33739,12427.95181,11.88,82.1,0.078
44793.19149,26689.02439,25484.51613,14.02,71.2,0.081
34522.18818,22402.90456,13025.6535,22.63,73.2,0.066
35439.29204,24833.26403,11219.93871,22.71,65.76,4.922
28428.18381,19124.06639,9127.294833,19.09,79.7,0.101
21111.86441,13382.37082,10917.94975,12.06,82.2,4.921
22516.92308,17821.4876,10617.83133,14.99,86.6,0.081
27842.10066,16274.6888,12640.48632,18.46,80.3,0.083
25253.23194,21017.49003,11484.27371,7.56,79.6,0.081
31187.69231,26386.36364,8264.096386,15.0,75.7,0.083
35847.45763,23358.05471,17864.68342,13.47,83.5,0.074
24452.83019,14643.29461,12296.42633,24.36,91.0,4.916
24400.67797,14808.51064,11294.23116,11.98,65.51,0.086
44630.46358,27224.53222,27139.93846,20.91,75.5,0.067
23235.25424,14071.73252,14327.63819,15.6,59.95,0.081
39621.2459,24334.36533,23302.34818,22.68,60.44,0.08
31003.07692,25783.8843,11253.9759,22.42,50.07,0.084
24534.68354,16034.04255,14342.16867,10.15,80.8,0.08
23629.36709,15720.36474,15643.37349,10.94,78.1,0.074
27427.11864,17401.82371,12272.56281,14.36,59.95,0.079
33126.12766,20586.58537,16403.22581,15.23,74.5,0.073
31135.47541,18951.08359,18865.74899,19.72,67.28,0.081
38812.30769,31920.24793,18344.09639,19.35,74.5,0.073
31714.06844,25730.59221,10723.64946,14.54,64.5,0.083
34865.16556,18841.99584,22845.04615,27.63,55.14,0.069
28934.25083,16927.9831,17562.88401,22.3,90.4,4.916
43590.50847,25721.58055,25251.37688,14.9,67.42,0.082
31440.30418,25513.34765,11294.11765,16.47,67.58,0.076
35744.81013,22121.58055,16788.43373,14.34,57.5,0.083
29627.37643,24942.62044,12458.10324,16.03,71.1,0.075
32986.19469,20177.96258,15497.28294,21.81,87.4,4.915
45082.7081,30860.40127,34674.35737,21.49,51.45,4.905
34400.68085,20217.07317,17100.0,15.28,64.22,4.915
38414.91676,25485.11088,27313.35423,28.75,34.55,4.903
46418.82353,31164.51954,36209.15361,26.39,82.6,4.905
32902.58206,21342.32365,12313.67781,22.1,73.4,4.923
24356.92308,19580.57851,11138.31325,17.32,54.52,0.078
28541.90164,16305.88235,15175.38462,22.66,67.07,0.067
37506.83544,23923.40426,19257.83133,13.99,49.72,0.082
23138.04255,13840.2439,13877.41935,11.45,84.4,0.079
27355.20533,19543.40021,20831.09718,21.06,81.7,4.911
29542.20532,25089.90488,9467.466987,17.03,45.73,0.085
42901.01695,25615.80547,25743.43719,12.57,74.9,4.915
40418.04255,22953.65854,24120.0,17.29,86.5,0.067
24966.29508,15165.32508,14324.21053,15.75,89.3,4.913
45199.56943,24210.1833,28125.09091,17.81,50.22,0.089
30047.78993,19475.10373,14397.08207,17.97,92.4,0.075
34209.55752,21757.17256,12337.8141,26.94,50.65,0.261
48899.26748,32947.41288,34951.22257,25.72,59.83,4.904
35165.98007,22522.78481,26805.69038,28.4,63.33,4.908
24613.77049,14990.71207,14796.43725,15.84,71.2,0.081
28331.55894,23226.75667,9726.770708,17.3,61.45,0.083
47258.76106,28257.38046,21622.06333,22.37,54.65,0.269
32135.71582,17494.09369,18664.72727,16.69,82.9,0.075
23869.23588,15501.26582,18075.31381,23.99,85.5,4.917
23014.81967,18278.63777,12522.75304,19.33,53.69,0.082
40900.46512,26905.06329,34819.0795,24.06,85.9,4.914
24336.78689,14816.09907,14236.76113,21.13,42.2,0.079
38342.59136,27220.25316,30143.59833,39.41,13.34,0.071
30994.28571,22598.73418,25082.51046,21.54,61.46,4.908
24852.98361,14983.28173,14948.01619,15.32,69.31,0.073
29959.44026,17761.71079,15604.36364,14.2,91.4,0.07
25710.76923,22775.20661,13220.24096,17.88,82.8,0.072
38862.35741,33105.86069,15448.7395,15.95,72.8,0.073
23922.38298,11820.73171,14916.77419,15.05,78.2,4.91
30606.10169,19148.93617,18501.46734,13.93,71.4,0.073
24629.40397,14317.67152,12683.81538,17.14,67.0,0.081
33224.17021,19737.80488,16275.48387,19.06,63.04,4.92
43200.0,25891.46341,24543.87097,22.02,49.45,4.915
32448.84026,21887.55187,10230.27356,18.9,86.4,4.921
28276.93654,19254.77178,8549.544073,16.97,89.2,4.952
37022.19269,22716.4557,31077.48954,28.0,70.2,4.917
30772.51641,25341.90871,12342.85714,20.84,81.7,0.08
32997.54575,20437.88187,16482.90909,18.31,54.89,0.083
22789.83051,11989.05775,14454.99497,14.6,57.18,0.081
22188.25532,12515.85366,13836.77419,14.36,88.2,4.91
30114.01993,19724.05063,23570.20921,23.12,89.4,4.913
39033.19149,20202.43902,22372.25806,14.38,79.4,0.084
29648.37209,30451.89873,26462.25941,26.61,72.5,4.922
24406.77966,14819.45289,14947.05528,12.96,56.94,0.081
34287.19053,20379.22607,18728.72727,16.25,85.0,0.072
38776.01751,22343.15353,12430.39514,23.04,85.3,0.076
34408.75274,21103.3195,12424.55927,20.68,55.49,4.917
22783.26996,18609.38938,9173.589436,9.09,91.7,0.08
43673.92405,27381.15502,25636.62651,10.95,70.5,0.077
41727.44887,22534.82688,26955.63636,16.27,84.0,0.066
26079.29204,15290.64449,13573.36057,20.88,73.9,4.914
31504.58472,21106.32911,26221.25523,27.3,56.02,4.909
28696.27119,22672.34043,15769.08543,16.16,58.19,0.079
39511.89873,24671.12462,23919.03614,11.24,61.5,0.087
45545.96026,25622.86902,27659.81538,23.74,58.37,0.081
22572.1519,13386.01824,14284.33735,8.29,80.6,0.081
39141.26582,24900.91185,25607.71084,11.49,73.1,0.077
43509.87342,26604.25532,25596.14458,14.42,68.86,0.084
35380.25316,22103.34347,16557.10843,18.11,42.47,0.089
36765.56962,22862.00608,18529.15663,14.24,48.45,0.081
35509.38053,24967.98337,11314.07559,24.24,58.43,4.92
29425.11628,19549.36709,23148.45188,23.87,85.9,4.918
42829.36709,26509.42249,25613.49398,12.45,64.84,0.086
33468.76211,20958.45214,18123.63636,17.64,77.4,0.074
23796.61017,14498.48024,13349.30653,11.48,78.5,0.081
28519.32203,18857.14286,17870.47236,13.95,71.7,0.076
21347.52852,17081.31329,8816.326531,11.96,63.15,0.085
39682.02532,24926.44377,24156.14458,15.09,77.2,0.072
44378.46827,28415.3527,19299.20973,18.38,91.3,0.093
34591.89369,23916.4557,23540.08368,27.3,45.08,4.909
31598.0744,20599.17012,14146.13982,20.13,78.8,4.918
33016.27119,20502.12766,15346.49246,15.52,60.45,0.084
40944.42478,23366.32017,19027.41573,21.33,76.3,4.914
32042.58555,26595.88831,13535.65426,14.11,79.4,0.082
31683.10011,16500.611,18635.63636,21.77,54.89,0.089
36993.9823,22872.34927,13685.14811,23.94,76.6,4.916
31953.83607,22012.3839,15939.10931,20.17,74.5,0.068
24425.85551,19489.41393,10602.64106,9.37,86.4,0.084
35638.83746,20632.17923,18507.63636,15.28,90.3,0.072
28739.1635,22792.26757,9507.803121,16.84,62.55,0.084
36398.47909,30215.4035,14780.31212,16.07,73.1,0.076
41106.3263,28993.8754,27620.31348,33.11,40.68,4.906
38903.60656,24115.17028,22241.29555,19.99,75.3,4.919
30596.06127,18993.361,13486.68693,18.33,84.2,0.172
42327.36959,28564.30834,27343.44828,28.97,41.41,4.907
29490.43285,19478.77508,20746.83386,21.93,65.56,4.912
49468.23529,32236.53643,35204.01254,24.04,62.12,4.902
43626.90265,24979.20998,19121.5526,21.54,79.8,4.922
44943.79747,27330.09119,26469.39759,12.13,71.4,0.084
27570.26549,18733.47193,9966.741573,19.81,85.0,4.914
35771.96013,22025.31646,28914.47699,28.45,70.9,4.917
38824.61538,32455.78512,20327.71084,19.61,66.48,0.072
33818.73418,14961.70213,16828.91566,13.89,55.69,0.086
38424.3346,31032.83216,16180.55222,13.08,78.1,0.084
35980.88496,22015.38462,14144.06537,19.27,77.7,0.284
27887.84053,21953.16456,27516.65272,25.01,84.0,4.918
24714.4918,14660.06192,15023.80567,15.31,69.15,0.073
31462.81967,18497.83282,18067.04453,19.59,79.1,0.082
39824.10596,30109.77131,26637.78462,23.06,68.72,0.067
25470.37975,15446.80851,14989.87952,3.582,79.2,0.087
32986.32911,20564.13374,15429.39759,16.48,73.2,0.071
31916.96203,17675.37994,16788.43373,16.87,48.45,4.918
27814.16577,14729.9389,17349.81818,15.86,81.7,0.07
33570.59081,21656.0166,10988.93617,22.11,52.69,0.09
26202.1098,14301.01833,17629.09091,16.41,83.2,0.076
19514.7541,11439.00929,10319.02834,16.43,63.4,0.077
31190.9434,22698.62724,23027.96238,24.3,84.3,4.909
21241.51899,13823.70821,13948.91566,8.03,88.8,0.085
29992.82392,20229.11392,21997.6569,22.97,56.19,4.906
22466.44068,13568.38906,13777.68844,13.26,58.04,0.082
19827.69231,15326.03306,10912.77108,11.62,79.4,0.087
43046.80851,25690.2439,25049.03226,18.34,60.8,4.919
21627.37643,16193.92452,9415.606242,17.41,69.56,0.079
25993.51831,17106.65259,17707.33542,20.2,53.96,4.905
35595.64928,25492.71383,23948.84013,25.16,87.7,4.911
23337.61033,13820.77393,15127.27273,13.73,81.3,0.077
23356.21098,11848.47251,15674.18182,14.24,89.5,0.067
38044.12875,26279.61985,27632.3511,31.85,16.01,4.903
36592.56637,23504.7817,13243.88151,32.69,26.51,4.921
28449.23077,23254.95868,12508.91566,17.38,67.22,4.923
26178.91232,16772.12249,14968.77743,19.86,62.65,4.926
35995.27869,23119.50464,17338.2996,17.96,76.2,4.919
31823.57414,25936.79043,10037.93517,15.52,44.21,0.091
44780.93617,22196.34146,25670.32258,15.91,72.8,0.081
27108.87417,17651.97505,12695.63077,20.36,87.2,0.072
32566.15385,24664.46281,12057.83133,15.45,49.35,4.92
21655.38462,17724.79339,10588.91566,11.95,64.83,4.919
42955.0915,22512.83096,28189.09091,17.06,77.4,0.079
32967.45763,21592.70517,16730.05025,16.43,56.76,0.082
25833.69589,16905.17423,16028.08777,20.84,75.7,0.071
46882.83186,27980.45738,20257.07865,23.09,82.6,4.919
37694.95082,22127.55418,22870.93117,20.88,60.23,0.076
45180.75949,29416.41337,27527.71084,14.07,59.23,0.082
36011.18757,25614.36114,28468.96552,22.56,66.29,4.913
23176.40474,13608.14664,11607.27273,14.5,88.4,0.071
30692.01521,26953.05308,8966.146459,16.32,54.79,0.088
33543.16469,20093.27902,18525.09091,17.55,77.9,0.076
22673.76426,18329.54894,10233.85354,12.13,78.1,0.077
22924.0678,13706.99088,14385.52764,13.28,66.66,0.084
36855.04994,23325.87117,22745.07837,26.44,71.4,4.921
32646.07595,20465.6535,18448.19277,15.2,30.85,0.088
22745.87234,13295.12195,15503.22581,12.23,81.3,0.084
24510.50847,15038.29787,10848.48241,11.76,65.94,0.09
23259.66102,12744.07295,13997.66834,10.51,85.7,0.071
24179.74468,13990.2439,14527.74194,10.64,87.6,0.08
36174.83444,20204.158,17634.46154,25.75,56.71,0.071
37845.94895,23443.717,17911.97492,25.85,86.2,4.922
30862.37288,18995.74468,14414.47236,10.83,51.79,0.086
39766.15385,33433.8843,17609.63855,19.56,46.06,0.088
42820.46512,30911.39241,29535.06276,29.15,45.39,4.904
30286.24585,19978.48101,20967.36402,25.62,41.18,4.907
43420.59574,26282.92683,25263.87097,15.29,68.96,0.083
22807.14894,12358.53659,14429.03226,11.61,73.7,4.92
38926.3485,27864.83633,26031.34796,34.37,24.17,4.903
33772.57266,21130.75356,18356.36364,15.64,84.9,0.076
33344.81013,19914.89362,16175.42169,17.32,71.0,4.917
34952.17021,20206.09756,18098.70968,21.02,46.56,4.92
34578.90591,19568.46473,13212.40122,22.68,71.0,0.067
29707.79134,22082.78775,20945.45455,26.92,70.8,4.903
28358.89012,16760.71806,16130.40752,23.27,88.5,4.92
32237.26236,26861.00031,9721.008403,14.01,71.0,0.081
34352.03501,19396.6805,13725.95745,21.53,57.03,4.92
43327.10441,23568.63544,28544.0,17.95,77.9,0.08
22869.15254,13433.43465,15004.94472,13.8,72.1,0.073
50555.02775,34692.29145,40590.84639,25.36,49.42,4.904
26620.88496,15410.39501,12837.91624,21.09,79.2,4.911
33263.04636,17240.33264,19719.87692,24.19,66.74,4.923
43397.08609,23845.32225,29225.35385,21.49,79.9,4.919
21809.88593,16746.24118,9496.278511,16.14,78.0,0.076
23138.04255,13273.17073,14318.70968,9.12,68.98,0.081
24766.72566,15994.17879,10555.09704,18.99,89.6,0.336
38050.52164,23732.62936,22895.54859,24.55,87.5,4.915
32958.93688,22211.39241,29324.1841,25.35,85.2,4.916
20990.76923,15273.96694,11196.14458,12.49,87.2,4.926
28583.12292,19021.51899,22371.21339,23.88,86.5,4.916
40975.40481,33628.63071,19573.49544,21.7,67.27,0.083
28241.01266,18459.57447,12977.3494,11.89,51.55,0.08
45977.9402,28902.53165,35517.99163,31.3,36.15,4.92
41422.84464,24815.3527,17799.3921,21.11,70.5,0.08
37475.16093,26971.48891,26849.90596,35.61,19.04,4.908
22427.23404,13269.5122,13825.16129,9.78,87.6,0.084
24880.0,19108.26446,9374.457831,18.5,84.1,0.07
28569.85572,18235.69166,16310.97179,18.91,78.2,4.908
43842.48613,30955.43823,30088.02508,28.79,72.9,4.903
35980.88496,21689.81289,13691.03166,28.39,34.21,4.918
43401.507,25540.93686,26304.0,18.41,45.21,0.084
28751.18644,18838.90578,12967.23618,11.35,71.1,0.086
43587.14754,26299.6904,24923.07692,19.03,48.25,4.92
38997.61589,21820.79002,24788.67692,19.49,65.52,0.077
43436.96203,26637.08207,25168.19277,12.62,53.14,0.079
30290.97345,18217.04782,15097.20123,21.36,59.72,0.271
26203.58862,15886.30705,11689.24012,16.8,64.13,4.915
32316.34981,25973.61154,10205.04202,16.3,51.3,0.089
22856.94915,13980.54711,14310.27136,6.742,89.8,0.073
42059.46903,26333.88773,19862.88049,21.92,76.8,4.924
39130.03802,33293.64836,16272.7491,13.42,59.68,0.077
30577.22531,22234.84688,24791.47335,28.13,30.74,4.903
36526.23574,30384.78061,15610.08403,13.24,70.8,4.913
31174.68245,16372.30143,19077.81818,21.02,53.87,0.076
37921.59468,25481.01266,31161.841,32.67,37.32,4.921
45024.63576,24990.43659,27139.93846,21.74,78.3,0.077
26071.24726,15957.26141,11846.80851,19.05,89.0,0.268
33864.71761,21129.11392,27034.64435,27.92,75.7,4.915
44894.86726,26678.17048,20062.92135,27.0,49.75,4.932
32558.16393,20340.55728,19711.09312,18.58,87.9,4.916
33542.80851,19017.07317,14411.6129,18.01,58.3,4.921
34400.68085,22404.87805,16107.09677,16.26,72.7,0.073
28176.95364,18048.64865,14367.50769,21.78,76.8,0.067
34617.40864,23965.82278,25450.04184,26.78,53.52,4.917
20303.52159,13439.24051,13658.91213,19.74,75.4,4.916
36174.83444,23291.47609,18638.76923,20.96,66.5,0.076
28824.61538,20938.01653,17812.04819,21.01,63.04,0.07
41527.94702,23209.14761,23116.8,27.88,32.22,4.918
34923.18584,21435.34304,13532.17569,26.73,66.22,4.919
33969.23077,27747.52066,14712.28916,17.12,55.26,4.925
41965.71429,26692.40506,32589.79079,24.36,82.8,4.924
32435.8804,22705.06329,24781.25523,26.05,45.68,4.909
46880.35011,29770.95436,19585.16717,18.64,88.9,0.106
36850.63291,22862.00608,22854.93976,13.15,86.3,0.084
21463.11787,17029.76373,9346.458583,10.52,85.8,0.078
38042.7907,24865.82278,29300.08368,25.27,77.2,4.919
24974.46717,14180.04073,15511.27273,16.6,86.8,0.066
44045.56291,24268.19127,26560.98462,22.91,62.04,0.083
37477.81182,23194.60581,12809.72644,27.79,40.31,4.925
36624.90566,25640.97149,24502.57053,25.08,47.66,4.909
48121.19601,30558.22785,39434.30962,31.34,23.68,4.913
27461.59696,21046.94692,9651.860744,10.07,94.5,0.084
50778.77913,35152.27033,39501.44201,27.25,81.4,4.903
34616.71772,22283.40249,14128.63222,21.63,75.9,4.922
24676.92308,19126.8595,10750.84337,13.83,70.6,4.915
21088.52459,13025.387,10802.91498,16.46,90.5,4.921
30099.66102,16814.58967,16938.45226,9.75,46.94,0.09
31178.70722,26003.06843,9703.721489,15.09,54.62,0.084
34770.49834,23943.03797,24467.94979,34.84,31.28,0.072
36047.26477,23336.51452,13159.87842,22.72,70.8,0.067
34854.12766,20451.21951,21675.48387,14.65,67.96,0.081
22456.70886,13871.12462,14238.07229,9.81,76.0,0.092
44757.61589,25353.43035,25420.8,20.5,85.7,0.066
28617.72152,19878.41945,18517.59036,15.55,55.99,0.074
39415.38462,32333.05785,18072.28916,19.56,70.7,0.078
46984.77876,27396.6736,20686.57814,21.94,69.59,4.926
26701.4442,15736.92946,12529.60486,19.71,72.6,0.211
40613.42193,25294.93671,32553.64017,24.35,63.51,4.915
31606.77966,19834.65046,15549.10553,14.56,65.01,4.916
35503.65957,21197.56098,16380.0,17.73,49.6,0.075
33589.49672,21450.62241,12640.48632,22.24,71.2,4.921
23087.45247,18491.56183,7070.348139,11.19,87.1,0.079
27814.16577,16749.89817,14504.72727,15.63,86.0,0.071
44973.77483,27123.49272,28717.29231,22.12,74.8,0.068
38412.75748,26855.6962,30655.73222,36.57,20.61,4.931
21299.74468,13225.60976,12971.6129,13.13,83.9,0.071
33245.55436,20056.61914,17704.72727,22.67,45.68,0.084
38819.77186,33823.87235,15788.71549,13.04,73.0,0.083
42176.21262,27300.0,32782.59414,24.4,82.6,0.055
43352.54237,26199.3921,25587.13568,13.0,73.1,4.916
38187.34177,23343.46505,24011.56627,13.2,78.0,0.084
29371.86312,24110.46333,9467.466987,12.99,45.16,0.077
35893.53612,29854.55661,14359.66387,15.55,59.05,0.086
29664.63576,19437.00624,18437.90769,20.61,87.5,0.068
34218.30508,21268.08511,16764.78392,13.39,53.49,4.922
48618.73754,31982.27848,46748.78661,28.49,69.72,4.907
25151.36213,16500.0,18671.79916,23.13,49.22,4.908
45135.7377,26210.52632,25733.4413,18.96,83.1,0.067
43123.53982,25615.38462,23251.80797,23.13,66.62,0.286
36793.84615,29376.44628,16684.33735,17.29,74.5,0.069
25167.7377,15484.82972,14843.07692,16.56,85.3,4.916
26292.20339,13553.79939,17384.20101,13.49,59.68,0.086
40452.34136,32803.3195,17886.93009,20.75,55.3,4.927
36538.40304,31371.58638,15316.20648,14.78,58.06,0.079
21250.19011,15420.68119,9236.97479,16.22,65.14,0.084
41190.12766,28573.17073,25234.83871,13.58,80.6,0.073
23228.35443,14677.20365,14249.63855,7.0,87.6,0.087
22555.75221,11256.54886,11902.43105,20.19,56.19,4.927
29140.25316,19550.15198,13486.26506,12.07,51.25,4.913
35601.52091,29666.76895,13414.64586,13.9,43.12,0.082
21365.94187,11694.50102,14818.90909,14.79,85.7,0.08
22205.32319,18841.36238,7185.594238,10.9,54.01,0.076
33602.10066,26940.24896,11228.20669,20.71,67.98,0.07
39076.14618,27079.74684,30083.34728,36.27,22.31,0.08
18701.53846,12138.84298,7720.481928,9.87,87.4,4.926
27136.99115,18370.47817,9843.186925,19.79,84.4,4.916
22388.9774,15639.10387,16320.0,15.78,91.3,0.066
42037.45963,21988.5947,27520.0,15.47,82.4,0.073
37001.3245,22483.16008,21840.73846,18.77,59.35,0.08
36658.01325,21296.8815,22082.95385,22.84,72.8,0.069
36656.28319,23594.59459,16285.67926,25.94,66.56,0.258
35133.45133,21038.66944,17127.02758,21.9,67.12,0.293
39956.92308,33787.19008,17013.9759,17.89,61.78,4.923
35229.02655,20656.96466,16120.93973,20.05,84.2,4.916
25147.91489,14743.90244,14649.67742,10.92,83.9,0.071
43457.3617,25569.5122,25072.25806,19.27,56.4,4.916
40065.69536,23257.79626,25137.23077,20.09,87.1,0.066
35824.84392,21589.00204,19444.36364,19.44,60.14,0.076
32130.09836,18326.93498,17110.93117,34.31,21.65,0.078
36252.30769,28703.30579,20125.3012,20.04,68.05,0.073
32476.59574,19060.97561,17523.87097,26.01,37.21,0.084
39472.56637,24503.9501,15238.40654,25.54,52.42,0.295
39389.96771,28953.97149,28881.45455,16.01,87.0,0.065
31251.06383,21534.14634,15259.35484,17.88,45.83,0.076
26466.83544,17595.13678,12861.68675,8.48,85.7,0.082
34535.19914,19374.74542,19677.09091,15.94,79.9,0.067
32321.06312,21508.86076,26215.23013,24.09,86.0,4.918
45410.97345,27696.0499,23463.61593,24.55,71.9,0.261
32341.78723,18629.26829,16676.12903,15.56,61.38,4.918
23546.44068,13141.64134,14350.79397,10.38,90.1,0.071
22599.86711,14775.94937,14598.82845,22.81,72.4,0.059
21536.12167,17353.78951,9571.188475,8.96,69.71,0.082
35668.67257,23074.42827,14361.75689,29.09,35.11,0.317
21378.46154,16843.38843,9877.590361,19.0,83.0,0.067
22593.48837,14384.81013,17768.03347,22.12,57.02,4.907
23984.05316,15379.74684,15984.60251,23.97,86.2,4.919
28051.71103,21949.06413,8286.194478,5.375,85.6,4.916
25888.14159,16652.80665,9866.721144,21.42,88.2,4.91
32008.10127,19779.93921,16435.66265,17.21,52.05,4.917
47006.3895,29278.0083,19812.76596,19.78,82.2,0.083
30711.47614,21098.20486,20674.60815,25.8,90.5,4.909
29420.02153,20441.54786,17553.45455,15.53,83.5,0.071
24676.72131,14593.18885,14289.23077,18.32,84.5,4.915
37968.60759,23248.63222,22270.84337,16.03,77.6,0.072
26152.50807,14172.70876,18106.18182,13.77,83.7,0.081
25489.23077,22142.97521,11583.61446,11.99,54.78,0.088
24887.54717,15871.17212,15456.30094,22.38,75.9,4.908
32629.78723,18391.46341,16554.19355,15.83,59.25,4.921
27964.0678,17208.51064,17175.79899,13.19,70.3,4.912
18128.13559,10617.62918,10599.55779,6.61,56.19,0.091
33903.79747,21906.38298,17106.50602,16.33,59.37,0.082
39890.4943,33706.0448,15806.0024,16.79,72.7,0.073
32172.30769,24813.22314,10571.56627,14.67,56.89,4.921
42035.74468,23531.70732,24851.6129,12.67,70.5,0.081
40273.76426,33926.97146,15045.37815,12.96,61.62,0.078
31399.86885,20333.12693,18078.70445,21.13,59.75,0.072
38578.60465,26179.74684,32029.45607,31.05,57.72,4.909
37146.76806,32373.12059,16941.17647,9.02,63.38,0.075
33110.46358,17120.58212,18502.89231,24.25,47.58,0.078
40172.30769,33809.50413,15909.39759,17.08,73.4,0.072
41851.52542,25185.41033,24967.71859,13.39,62.74,4.923
33084.34876,22061.91446,17704.72727,23.48,43.71,0.085
39395.08306,28446.83544,27366.0251,34.99,25.41,4.911
25526.83685,16654.27666,15456.30094,20.64,76.8,0.071
26792.54237,16362.31003,16614.27136,10.8,76.6,0.085
31157.52212,17562.16216,14167.59959,24.48,38.78,4.922
31233.46008,25023.62688,9035.294118,16.74,65.95,0.075
43254.68354,27946.50456,26666.0241,10.31,71.7,0.088
28902.28635,17684.4773,18080.50157,24.52,89.3,4.92
24840.39344,15336.22291,14376.68016,14.93,89.4,0.072
23944.77876,13786.27859,12537.85495,18.97,68.26,0.232
27993.97201,16005.70265,18885.81818,13.29,86.3,0.085
32035.40426,19057.31707,19126.45161,13.25,84.9,0.075
29829.44681,17857.31707,18209.03226,11.38,86.0,0.075
24577.65339,13901.42566,16238.54545,16.04,81.7,0.07
36344.0708,22539.29314,13996.97651,23.89,67.5,4.922
33099.54098,21986.37771,15117.08502,18.27,87.7,0.07
30682.22951,17268.11146,17361.61943,20.62,56.96,0.073
38600.31077,26272.0169,28944.45141,27.81,40.95,4.906
39517.97468,24463.22188,25619.27711,14.29,63.94,0.078
27408.81356,17117.32523,11907.8593,10.63,74.9,0.081
23390.76923,17806.61157,10542.6506,13.45,61.11,0.084
25352.82276,17342.73859,12838.90578,20.33,70.1,4.919
43282.64901,22782.53638,25290.83077,22.18,65.08,0.079
29626.49007,16645.32225,14083.93846,21.8,73.0,0.069
26244.95575,15851.97505,12667.29316,18.27,89.8,0.278
38921.3245,24702.2869,24434.21538,19.13,57.71,0.078
33830.88608,21147.72036,16724.81928,15.05,77.3,4.923
33327.45763,18962.91793,16087.47739,13.69,76.2,0.071
31227.37643,26319.72998,13310.92437,17.98,63.32,4.921
31261.37705,18297.21362,17548.17814,23.87,44.98,0.083
34856.19256,28038.17427,17233.31307,18.32,69.58,0.083
24280.22198,14415.20591,12236.23824,24.38,90.9,4.918
29903.52159,20548.10127,25311.46444,26.95,44.41,0.073
27270.29508,13597.52322,15840.0,17.75,82.0,0.069
31484.63895,20270.53942,14665.53191,19.3,82.2,4.918
20245.78723,10770.73171,9603.870968,10.06,60.36,0.086
34547.8481,20545.89666,17517.10843,16.44,58.88,0.084
32101.01695,20728.26748,15485.42714,13.95,57.66,4.918
35214.68852,21666.87307,18113.68421,21.59,66.72,0.068
20970.34221,16812.51918,8631.932773,12.19,64.05,0.083
32547.69231,25947.52066,10745.06024,19.97,42.8,0.086
29760.0,17263.22188,16747.95181,18.41,51.77,0.084
20909.5057,16366.98374,9277.310924,12.88,75.8,4.919
42552.0775,22784.11405,28008.72727,15.28,85.2,0.072
35669.14661,23314.10788,12517.93313,22.74,64.96,0.07
33100.88496,18639.91684,16120.93973,25.58,35.85,4.925
29599.82777,16060.69246,20561.45455,14.36,81.9,0.083
24103.42205,18263.27094,8096.038415,10.2,82.6,0.085
44703.71681,30338.04574,16509.25434,20.13,81.9,4.919
42574.97872,25485.36585,25124.51613,12.44,63.18,0.073
21606.10169,13480.85106,12098.89447,7.4,59.8,0.089
22473.0038,17107.08806,9421.368547,17.48,60.21,0.082
22171.13924,13272.94833,14492.53012,15.67,64.69,4.923
26500.38023,20991.71525,10977.19088,13.9,80.2,0.084
35604.98361,22528.79257,20742.99595,17.31,67.7,4.924
34511.39241,20575.07599,16262.16867,16.97,64.89,4.914
23759.22497,14323.01426,12229.81818,14.1,89.0,0.069
46245.84718,28955.6962,35192.63598,24.98,79.7,4.92
31189.78723,17685.36585,16496.12903,25.93,40.61,0.083
43776.0,26550.0,25217.41935,14.08,79.2,0.083
39449.87234,22858.53659,23643.87097,13.6,61.11,4.917
32174.35216,22017.72152,21624.10042,26.89,42.12,4.907
31216.27119,19528.26748,19271.39698,15.06,65.65,0.081
43143.28228,25551.03734,18820.66869,24.94,60.19,4.926
39587.69231,33419.00826,17349.39759,12.19,63.86,4.916
34829.61702,19971.95122,17210.32258,11.58,86.6,0.088
32688.60759,20122.79635,20506.98795,11.56,72.4,4.917
21545.31646,12506.99088,14133.9759,13.49,62.08,4.919
30319.65957,18804.87805,13343.22581,13.72,72.0,0.075
26703.79747,18047.41641,17916.14458,11.01,75.8,0.076
33148.35886,18750.62241,12862.24924,22.51,69.87,0.071
36690.06565,23056.43154,12908.93617,27.53,41.31,4.919
41911.8313,28750.58078,26910.09404,29.75,44.78,4.908
24168.43918,13600.81466,15429.81818,14.37,89.3,0.077
40447.15232,22950.93555,21763.93846,22.21,69.15,0.069
27237.1116,18642.32365,8386.139818,18.05,91.1,4.924
31683.18937,20810.12658,27311.79916,29.83,52.76,4.91
37962.53165,23493.00912,22623.61446,11.13,84.6,0.084
34584.51064,20882.92683,16774.83871,17.18,61.01,0.075
20964.25856,16528.99662,9444.417767,9.98,66.23,0.082
24714.4918,15573.99381,11718.21862,16.89,81.5,0.065
31049.80306,25229.87552,11444.13374,21.09,74.4,4.919
31606.15385,26769.42149,11676.14458,20.64,41.76,0.084
32830.13994,18399.59267,17675.63636,15.69,85.8,0.066
40747.37542,27467.08861,35403.51464,32.96,27.21,4.922
45404.60177,27123.49272,19668.72319,20.11,75.7,4.923
41466.95842,33934.85477,19561.82371,21.87,66.2,0.084
40889.87234,23414.63415,24874.83871,14.11,55.11,0.076
29348.57143,19773.41772,24745.1046,27.13,44.41,0.078
35191.89873,23401.82371,22768.19277,12.96,68.62,0.075
30979.9778,21915.5227,24815.54859,26.09,85.0,4.91
35063.60656,18613.0031,20119.19028,18.2,80.2,0.068
31727.21311,20125.0774,19728.583,16.6,62.79,4.925
38298.27815,24122.24532,24339.69231,17.48,66.43,0.076
27939.82301,16989.60499,13543.9428,20.92,54.95,0.28
34461.53846,27219.42149,16129.15663,17.01,77.1,0.078
20469.36877,13143.03797,13610.7113,19.8,74.2,4.92
42957.63934,24973.37461,25914.17004,18.35,66.63,0.073
33131.16279,22196.20253,24606.5272,30.1,42.93,4.92
26393.92405,16059.57447,14671.80723,5.996,69.85,4.93
26012.49169,17103.79747,19997.32218,24.11,57.25,4.907
36541.59292,23089.39709,14155.83248,21.74,91.6,4.919
23784.02583,16082.68839,11380.36364,12.9,79.0,0.082
31629.02655,15810.81081,17980.143,23.71,53.38,4.923
40988.35443,24003.64742,25428.43373,15.18,72.6,0.068
23228.85246,14641.48607,10721.29555,19.17,90.6,4.916
39079.86885,23732.50774,22573.60324,16.87,87.0,4.923
36884.74576,23102.73556,18426.21106,12.8,83.9,0.07
22775.38462,17899.58678,9970.120482,13.36,56.97,0.083
34396.32787,21722.60062,21477.57085,20.32,58.95,0.068
27562.52492,17962.02532,20280.50209,22.17,64.73,4.908
35567.21311,23204.95356,17355.78947,18.55,75.6,0.083
30929.23077,26062.80992,10814.45783,22.01,51.3,0.087
23222.27848,15578.1155,15498.79518,12.39,71.0,0.078
26682.25914,17213.92405,19503.2636,20.57,72.8,4.918
32658.88525,21533.12693,15402.75304,19.67,71.5,4.919
27173.42193,18782.27848,21913.30544,19.9,62.13,4.907
26014.52954,16868.46473,11811.79331,18.76,84.4,4.916
21572.62357,16035.59374,9473.229292,17.84,64.91,0.078
41685.04983,27588.60759,36331.38075,26.53,42.75,4.92
32581.18162,18253.94191,12103.58663,21.36,75.5,0.071
32245.77137,19387.5396,17984.20063,21.77,78.0,4.914
27646.72566,15672.34927,13896.95608,26.58,48.32,4.921
26263.08197,16027.24458,15816.68016,17.17,86.9,4.922
22917.9661,14403.64742,10674.81407,7.09,63.91,0.088
21244.10646,16834.61184,9807.442977,7.45,76.7,0.082
29208.2392,18915.18987,22726.69456,24.32,85.8,4.913
29858.55513,23495.55078,9167.827131,8.37,75.2,4.912
30274.96689,22891.06029,19595.81538,21.81,78.0,0.068
21252.19672,12828.48297,10074.17004,19.35,70.2,0.076
35193.91635,28230.74563,14912.84514,15.65,73.5,0.084
24753.41772,22927.65957,16233.25301,15.87,73.6,0.085
42421.87298,24906.72098,27170.90909,20.12,61.76,0.065
32039.21225,17510.78838,12978.96657,25.84,49.35,4.917
22696.85106,13745.12195,13993.54839,10.24,84.6,0.073
33406.75996,15672.09776,18048.0,16.44,78.3,0.071
26926.23574,20951.21203,9006.482593,18.82,61.01,0.085
32856.15894,17767.98337,18573.78462,23.83,48.81,0.08
45293.6737,26382.25977,23960.87774,24.05,67.08,4.919
37628.17276,24835.44304,29619.41423,27.77,66.87,4.911
25462.37288,15173.25228,16290.09045,13.67,75.2,0.07
20134.56954,12431.60083,13629.04615,20.14,76.2,4.915
28647.41722,16177.54678,19566.27692,23.76,71.3,4.919
42993.41772,27279.02736,25700.24096,13.86,73.0,0.074
28063.87833,22781.22123,8787.515006,7.4,84.3,0.085
31030.46809,18826.82927,14556.77419,12.56,85.3,0.078
22976.98031,17973.85892,11058.96657,20.67,64.5,0.084
21770.84746,12780.54711,14003.45729,8.49,75.2,0.092
45200.70796,26622.03742,20345.33197,21.27,80.8,4.922
30515.58935,25093.58699,9513.565426,9.52,78.9,0.085
37060.46512,25518.98734,24299.24686,33.84,37.02,0.07
37922.66371,25462.30201,24502.57053,26.22,40.15,4.925
23440.0,17669.00826,11786.0241,12.27,87.4,4.922
33753.97201,19994.29735,18088.72727,22.97,33.17,0.085
23467.11864,14177.5076,14281.32663,10.61,48.45,0.083
27780.53097,15474.01247,12802.61491,18.64,88.5,4.916
37615.80466,25519.32418,26892.03762,27.57,54.98,0.067
24412.88136,14079.02736,15635.9397,10.97,89.3,0.065
40824.15755,25256.0166,17892.76596,18.26,91.7,0.081
28232.54237,17204.86322,17054.23116,15.99,54.04,0.081
37411.23196,26469.69377,29708.84013,22.63,65.32,4.909
41441.75055,34050.62241,19421.76292,21.99,65.37,0.086
34152.91139,19754.40729,22669.87952,16.31,55.51,4.916
27773.16456,17489.3617,17170.12048,10.42,71.3,0.084
30311.7608,20737.97468,26829.79079,25.52,49.32,4.907
41592.18646,30130.51742,26657.30408,26.75,75.0,4.905
41450.12658,25765.34954,24364.33735,10.76,62.64,0.086
38665.53191,23345.12195,22796.12903,14.66,63.18,0.071
19686.15385,14448.34711,8559.036145,15.01,86.4,0.072
28513.27434,17734.30353,11684.73953,20.03,72.3,0.291
28189.66887,16200.0,20298.83077,25.44,65.71,4.919
35180.02153,21072.09776,18129.45455,18.96,57.84,0.077
46500.53097,27759.66736,23763.67722,24.06,81.4,0.296
30760.85106,17926.82927,14730.96774,16.29,71.0,4.919
23241.35593,11558.66261,13320.36181,12.9,72.3,0.084
35158.93805,18834.51143,14908.92748,23.06,50.29,4.922
45506.52079,28221.16183,19485.95745,21.04,49.42,4.919
23187.69231,18189.66942,10386.50602,7.68,79.3,4.921
23851.52542,13838.29787,14848.64322,10.83,74.3,0.083
33636.4557,20968.99696,16823.13253,15.46,74.6,4.92
42158.29787,25708.53659,23992.25806,13.97,79.5,0.079
28307.74695,20037.5924,13819.18495,20.87,54.99,4.906
35253.21663,23538.17427,13883.52584,26.0,44.89,4.916
31008.36502,25804.23443,9185.114046,16.69,58.21,0.081
22130.84746,14367.17325,10900.58291,12.79,66.96,0.084
23366.15385,18598.76033,10745.06024,19.5,84.2,0.07
38547.69231,32396.28099,20304.57831,19.57,66.61,0.072
31172.89037,19598.73418,26498.41004,25.48,86.2,4.92
32795.23404,20473.17073,15125.80645,15.91,71.1,0.081
41936.94915,25210.94225,25326.63317,13.57,63.37,4.916
36809.80306,22447.71784,14023.58663,24.33,35.58,4.922
26632.12254,16457.67635,11689.24012,20.63,64.93,0.115
31925.10638,21215.85366,14446.45161,16.28,44.91,0.086
40294.56954,24653.63825,25054.52308,19.12,68.32,0.082
22268.35443,13663.22188,15036.14458,15.01,69.57,0.074
24953.70492,15681.73375,11146.88259,17.77,89.5,0.069
38129.23077,31380.99174,21889.15663,17.84,74.3,0.072
34547.24252,23567.08861,25148.78661,34.96,31.18,4.918
26474.5733,17828.21577,9500.790274,18.55,93.0,0.087
25129.47255,15400.81466,12258.90909,15.12,79.3,0.075
23223.82979,13467.07317,14098.06452,16.09,83.6,0.079
21192.33584,11973.11609,11246.54545,16.36,71.3,0.084
38145.69536,23414.96881,23229.04615,19.97,85.7,0.074
22645.82781,14351.35135,10551.13846,20.37,85.4,0.069
35908.62144,24606.22407,12663.82979,26.59,50.12,4.931
33590.43189,23631.64557,23287.02929,27.6,32.19,4.911
24876.04563,20579.31881,10763.98559,13.34,71.3,0.084
22460.85246,13850.1548,11683.23887,18.58,89.1,4.917
30820.15538,22223.44245,22456.17555,24.12,84.8,4.908
36880.62153,25203.80148,25363.26019,25.61,35.21,4.925
22308.74525,18447.3765,9657.623049,13.31,85.2,0.082
35700.83961,21482.68839,19008.0,24.7,37.84,0.085
21030.12766,12991.46341,11996.12903,13.28,83.7,0.072
35154.5394,25496.51531,27590.21944,26.5,83.0,4.904
25119.46844,16526.58228,17484.85356,24.03,80.9,4.923
33948.70897,20875.51867,11362.43161,19.29,74.9,0.081
21931.55894,17990.79472,7047.29892,12.38,79.0,4.922
25762.45077,16468.87967,8928.87538,19.88,88.7,0.072
34790.88608,21020.06079,16603.37349,16.88,73.3,0.075
32293.77049,20255.10836,16452.14575,25.23,24.49,4.921
21812.98013,14310.18711,13664.49231,20.18,84.5,4.914
24815.21311,15165.32508,14883.88664,18.37,88.1,4.921
34486.77966,20239.51368,20255.51759,13.83,69.81,0.075
45935.0547,26163.48548,19661.03343,21.2,75.5,0.068
37700.38023,31430.50015,15846.33854,12.08,77.3,0.075
24324.23841,14104.3659,12223.01538,16.97,67.4,0.079
36033.04918,20169.65944,19786.88259,26.96,51.07,0.067
36869.10299,24763.29114,27131.04603,29.36,54.96,4.914
38721.35593,22679.63526,24452.50251,12.73,73.9,0.075
27236.5019,21599.26358,9726.770708,14.0,75.1,0.081
25138.01325,16308.52391,12518.4,20.36,84.0,0.065
25245.68928,15934.85477,11333.25228,18.53,82.3,4.915
24986.8676,14770.26477,12980.36364,15.11,69.26,0.072
31783.72881,19499.08815,15387.01508,17.55,59.31,0.082
24844.55696,14545.89666,14567.71084,14.5,66.76,0.08
26652.74336,15170.89397,13838.12053,19.87,80.7,0.26
39354.67259,27788.80676,24087.27273,26.83,57.13,4.905
34711.24726,22936.92946,13154.04255,22.57,73.4,0.067
24941.11475,15027.86378,15175.38462,17.44,69.32,0.081
26410.61947,14216.63202,13508.64147,16.29,67.76,4.914
30705.08324,23093.98099,24087.27273,26.37,47.75,4.902
24949.04943,20711.87481,10815.84634,13.25,85.5,0.082
23268.87417,14942.61954,12264.36923,19.64,89.2,0.069
33250.62295,20474.30341,17005.9919,20.99,75.1,4.919
39124.76821,24466.52807,22171.56923,24.64,44.1,0.07
31862.75711,19643.15353,10621.2766,19.73,69.12,4.92
43141.09795,21731.97556,28567.27273,17.11,68.95,0.085
22521.673,18984.96471,7335.414166,10.97,53.87,0.077
31125.08073,17926.68024,20340.36364,26.59,36.84,0.069
32424.40678,20002.43161,15855.9196,13.26,67.68,4.922
33680.70796,21555.09356,13208.58018,23.05,47.88,0.308
37292.93617,19767.07317,16618.06452,15.74,66.25,0.075
29630.76923,21384.29752,11988.43373,20.52,61.45,4.918
23828.34437,14501.0395,17599.01538,21.48,72.6,4.916
24419.77186,19378.9506,10614.16567,18.71,60.94,0.078
20392.82392,13401.26582,13875.8159,19.66,75.7,4.915
39799.23954,34019.02424,16439.85594,16.35,75.0,0.073
41183.04107,27553.1151,27367.52351,26.13,91.0,4.91
36604.0678,22646.80851,17222.11055,14.15,68.78,0.072
32943.05085,21286.32219,16625.84925,16.69,56.26,0.082
33770.34221,27575.32986,12002.88115,16.45,55.05,0.075
25074.38298,14231.70732,13476.77419,12.45,68.49,0.089
35642.7541,23442.72446,17839.67611,18.3,72.9,4.924
44666.35091,24536.45621,28497.45455,16.96,64.1,0.083
45747.56937,26560.92925,21998.74608,23.47,66.89,4.919
40073.0038,34725.98957,15120.28812,13.82,68.51,0.085
28296.07973,21520.25316,20467.28033,24.11,80.5,4.913
43618.51453,22597.14868,27735.27273,15.92,79.1,0.073
26403.04183,20612.45781,7635.054022,13.16,55.24,0.083
23722.02368,14044.39919,11944.72727,10.31,80.5,0.083
24874.93671,14961.70213,15602.89157,16.61,76.0,4.914
31139.60265,18789.60499,22608.73846,27.17,54.24,4.92
38717.88079,21884.40748,19755.32308,23.87,67.48,0.067
36179.60613,23030.29046,12751.36778,27.44,41.25,4.92
43602.71186,25750.75988,24799.8392,12.99,54.97,0.083
36561.83607,22959.75232,19034.81781,21.43,68.03,4.932
33037.16814,22153.84615,16573.97344,26.32,65.72,0.303
21797.71863,16948.75729,9882.352941,6.198,90.9,0.084
29769.56811,19815.18987,20587.78243,25.43,54.0,4.917
21557.46835,14148.32827,14440.48193,7.03,76.0,0.083
31348.28848,18824.84725,16256.0,14.34,91.6,0.067
24714.4918,15436.53251,15647.61134,18.71,86.0,0.077
30616.66308,18916.49695,20869.81818,16.09,69.6,0.068
33192.47265,20378.83817,12208.63222,18.88,59.39,4.92
43637.11518,23487.98371,27357.09091,19.08,69.85,0.074
34198.46809,23396.34146,16229.03226,17.85,68.06,4.91
32809.96721,21811.76471,14901.37652,19.67,69.96,4.919
25497.76805,16050.62241,11677.56839,17.67,86.2,4.913
41149.80989,34678.12212,16042.2569,14.62,59.29,0.085
30153.84615,24898.76033,10195.66265,19.72,48.64,0.079
44566.88742,27609.97921,27204.92308,21.79,66.35,0.066
27669.87342,17865.04559,12641.92771,6.957,85.4,0.086
29858.46154,22020.24793,11641.44578,21.43,66.18,0.07
35614.0366,20085.94705,19653.81818,14.89,65.95,0.075
36023.25081,19631.36456,25070.54545,13.45,83.4,0.072
36248.49558,22816.21622,13596.89479,32.53,26.74,4.93
24375.82979,12614.63415,13807.74194,14.88,61.59,4.922
21716.92308,17081.40496,11288.6747,19.41,85.0,0.067
45162.36814,23473.31976,28602.18182,17.1,49.52,0.084
30417.83607,20024.7678,14067.69231,18.7,75.1,4.922
45638.86214,27029.87552,19334.22492,24.96,61.09,4.924
22067.69231,17490.49587,9750.361446,12.51,88.5,0.075
42726.07595,25634.04255,25463.13253,16.6,76.5,4.913
36356.81416,22726.40333,14861.85904,29.4,34.04,0.264
34067.8481,21180.54711,17950.84337,16.21,75.8,0.073
46647.07965,27928.06653,23557.75281,24.13,73.1,0.269
35945.96026,22906.02911,18668.30769,20.74,64.03,0.079
36308.46071,20166.59878,23808.0,15.11,84.8,0.074
31374.15929,20874.01247,14102.88049,23.01,71.5,4.917
27558.51204,17693.77593,13218.23708,18.39,84.7,4.918
39064.61538,33158.67769,20194.6988,19.9,64.54,0.073
23107.69231,18669.42149,9975.903614,17.19,68.69,4.918
37021.26526,26294.82577,28162.00627,34.63,20.17,4.905
23827.69231,19201.23967,12468.43373,15.09,89.5,0.07
26796.25532,16434.14634,11630.32258,12.26,76.6,0.086
32047.65957,18153.65854,16449.67742,15.68,59.91,4.92
44290.2407,27265.14523,18995.74468,19.68,83.9,0.073
25620.98361,15711.45511,15181.21457,17.1,86.2,4.915
39452.49169,26449.36709,31035.31381,28.41,66.83,4.912
38565.29801,21469.02287,18981.41538,22.87,70.2,0.07
33818.73418,20801.21581,16372.04819,16.75,57.84,0.078
28669.79548,16812.21996,13888.0,14.04,89.7,0.18
23215.20913,19084.38171,10193.51741,7.36,82.3,0.082
32457.44262,19337.4613,18043.7247,24.77,43.08,0.076
24866.04255,17187.80488,16577.41935,18.08,51.79,4.918
37475.16093,28617.52904,29492.16301,28.85,71.6,4.906
45084.28884,28923.23651,20133.7386,22.72,58.82,0.085
30784.06889,15276.17108,18327.27273,16.1,79.9,0.07
28270.63457,19740.24896,11893.49544,17.09,76.8,0.087
32323.53982,21981.70478,12767.31359,23.1,71.0,4.924
39293.90164,24371.51703,23622.99595,17.09,64.8,0.079
26543.89497,17921.57676,9500.790274,18.05,92.5,0.066
29426.50388,18688.06758,19476.8652,20.18,77.1,4.911
24255.2422,13410.1833,15941.81818,13.74,87.9,0.076
47978.76106,28657.79626,20745.41369,22.1,79.3,4.921
36469.49672,22466.39004,13854.3465,25.04,33.42,4.923
22185.76271,13572.03647,14177.12563,10.6,46.74,0.087
31410.29064,16203.66599,19089.45455,15.48,86.5,0.071
36656.28319,21607.48441,14903.04392,25.38,57.89,4.922
22073.84615,16936.36364,11976.86747,17.99,70.6,0.07
24006.08365,19250.07671,7070.348139,13.4,79.7,0.076
29571.82724,19997.46835,24974.05858,24.95,85.2,4.917
36760.66445,24816.4557,24883.68201,26.5,70.8,4.917
31230.299,20582.27848,22792.97071,22.2,67.86,4.906
34343.84106,20499.7921,19495.38462,19.65,86.8,0.071
29029.40797,16460.28513,19636.36364,14.2,86.4,0.084
28311.86441,21140.42553,15334.91457,16.05,63.55,0.077
35480.57714,24067.15945,25477.61755,21.71,54.08,4.923
30552.51064,14418.29268,15073.54839,12.92,71.0,0.08
29014.46809,15504.87805,14899.35484,14.4,48.66,4.919
34450.16949,21169.60486,21118.07035,11.55,72.2,4.915
35829.36877,25507.59494,26185.1046,28.5,39.29,4.922
24351.31915,14132.92683,15445.16129,10.34,88.2,0.078
27139.1635,21223.68825,9173.589436,18.91,59.21,0.083
47237.11432,32829.56705,36209.15361,22.91,62.34,0.07
29905.97114,20832.10137,19669.46708,25.76,41.95,4.905
42207.31915,25620.73171,25008.3871,17.54,56.38,0.078
28895.57522,16473.18087,13561.59346,20.79,81.2,4.914
42886.88913,23649.28717,27549.09091,17.91,69.04,0.082
28880.0,21555.3719,10270.84337,20.18,73.3,0.075
23921.01266,14370.82067,14608.19277,16.06,67.09,4.92
37687.94702,23055.71726,20765.53846,30.41,27.42,3.688
32991.63498,28031.91163,13506.84274,13.13,83.1,0.081
27558.51204,16894.60581,11800.12158,18.05,86.5,0.183
24206.0177,14388.77339,9949.090909,21.73,90.0,0.3
24342.04521,11518.5336,16436.36364,15.56,83.0,0.077
36652.30769,29305.78512,16666.98795,18.16,72.3,0.078
40313.6071,31046.67371,26645.26646,29.59,57.39,4.903
40435.9322,24528.87538,24857.72864,8.48,86.7,0.081
31555.89354,26334.45842,10101.32053,16.76,56.25,0.075
23524.78405,17153.16456,16575.06276,23.89,86.9,4.913
25521.3289,17012.65823,19912.97071,21.94,61.03,4.905
40032.95681,27197.46835,32957.32218,26.99,32.18,4.913
25306.32911,17157.44681,12144.57831,8.62,83.6,0.087
42559.32203,25225.53191,25216.64322,10.49,81.1,0.077
34388.42553,19551.21951,17715.48387,25.56,44.95,0.082
27297.3384,21794.41546,7951.980792,10.78,87.0,0.085
31762.64901,20133.05613,15052.8,22.87,76.4,0.082
35957.10638,22046.34146,17477.41935,12.8,76.7,0.086
40030.76923,33842.97521,17910.36145,20.01,61.81,0.084
41900.93617,24032.92683,24416.12903,13.44,58.41,4.919
34341.26582,22621.2766,21923.85542,10.66,54.82,0.086
27384.3038,18040.12158,12965.78313,10.06,73.4,0.086
34721.2056,22875.76375,16890.18182,21.21,45.51,0.083
33344.7578,18828.51324,22778.18182,16.44,83.3,0.069
27587.69231,20398.76033,15151.80723,20.79,65.64,0.07
24412.32787,14760.37152,15286.15385,15.32,79.7,0.082
34750.72848,19496.8815,19778.95385,23.74,66.64,4.922
24676.72131,14934.98452,14271.74089,21.4,40.77,0.081
27042.71186,16530.09119,16932.66332,7.39,90.0,0.073
27011.40684,22133.16968,11680.19208,18.99,56.7,0.08
32289.16944,22545.56962,21618.07531,25.8,56.23,4.914
32907.34177,21184.19453,16285.3012,12.02,59.0,0.086
23628.25532,13126.82927,14150.32258,14.52,86.1,4.91
32109.5057,27144.52286,9657.623049,14.22,40.02,0.078
25419.54098,19162.8483,13642.10526,19.46,54.49,0.083
28468.67257,15979.20998,12996.77222,18.92,87.7,4.915
32272.56637,17869.02287,16356.28192,26.5,42.88,4.935
44330.12658,26826.74772,25520.96386,15.45,80.9,0.074
33865.48673,24043.65904,14767.72217,24.03,59.89,4.998
24117.63676,18306.22407,7709.179331,15.93,86.6,4.915
34348.28897,27947.22307,14676.59064,11.01,73.7,0.085
46558.94967,29337.75934,19089.11854,20.59,87.7,0.071
38544.40678,22533.7386,25124.0201,9.46,52.82,0.088
29946.90265,16836.17464,13579.24413,24.44,37.81,4.921
45729.16944,31556.96203,36018.07531,26.85,47.32,4.909
38497.21519,24240.72948,24728.6747,13.24,77.2,0.078
21431.52318,13509.35551,14408.86154,20.49,82.8,4.913
42227.28477,26382.53638,23849.35385,22.18,48.98,0.08
26614.51327,13662.78586,13443.92237,15.07,70.7,4.916
40418.46154,33649.58678,17418.79518,19.54,62.28,0.081
22410.4918,9748.606811,10371.49798,17.75,79.9,0.068
22423.08197,14830.95975,11374.25101,17.62,84.7,4.918
34162.97593,22921.9917,12453.7386,23.01,64.06,0.073
42263.44062,30119.11299,26506.83386,30.67,50.43,4.904
23764.72648,16711.61826,8812.158055,15.71,86.9,4.913
36670.72848,22834.92723,22195.2,16.54,76.3,0.071
40536.63717,23736.79834,21333.76915,22.46,74.0,0.274
25869.58425,15994.60581,11776.77812,19.41,82.3,4.916
33126.37168,19451.97505,15420.79673,20.66,81.5,4.918
27965.30973,16963.40956,13826.35342,21.15,61.32,0.277
20581.01695,12857.14286,11178.45226,10.1,51.72,0.086
26888.49558,14991.26819,12990.88866,20.87,64.69,4.923
27364.78405,16936.70886,21015.56485,20.76,81.9,4.921
22387.69231,15880.16529,12774.93976,11.86,86.6,0.78
34852.88136,21355.6231,15936.96482,13.99,69.95,0.074
36891.72867,23840.6639,12156.10942,20.92,74.8,4.916
24823.6182,14757.33897,13638.62069,24.5,90.3,4.918
22963.28524,13575.0792,12663.57367,21.38,73.8,4.92
34092.30769,24121.4876,13173.9759,23.92,46.3,0.084
31376.3374,23960.71806,25254.92163,28.03,77.9,4.907
35750.88608,23544.07295,23034.21687,8.98,83.6,0.073
23959.14894,14297.56098,14521.93548,12.14,84.6,0.078
37732.72131,24334.36533,16965.18219,21.23,62.0,0.072
39508.10211,26808.02534,26771.66144,28.61,46.65,4.908
30047.14829,24718.01166,12821.12845,10.58,84.2,0.082
42743.60656,24523.83901,26147.36842,19.5,60.06,0.071
18671.21311,10725.69659,10645.50607,16.37,65.33,0.078
36444.28884,23851.86722,13702.61398,23.2,64.36,0.081
38775.38462,32987.60331,17551.80723,19.78,45.6,0.085
26906.55319,17282.92683,11734.83871,12.57,87.7,4.909
22039.32203,13586.62614,13771.8995,14.35,64.62,0.079
31013.42193,18892.40506,25920.0,25.25,85.9,4.917
33596.81063,24721.51899,30155.64854,26.96,72.1,4.914
33247.14829,27903.03774,12567.58703,16.76,74.1,0.072
17383.29114,18269.90881,14486.74699,10.25,86.8,0.08
25980.75949,17248.63222,12636.14458,8.44,85.9,0.08
42148.67257,24144.69854,21474.97446,20.14,65.62,0.187
24966.07595,14874.16413,15550.84337,9.83,84.7,0.087
20998.48101,13557.44681,12375.90361,11.8,50.28,0.089
36439.51165,24618.37381,27048.52665,23.28,59.19,4.917
39732.31939,33915.92513,16163.26531,14.58,68.86,0.089
45148.32787,26994.42724,26497.16599,19.65,83.9,0.068
29767.30038,22899.04879,9617.286915,17.65,58.64,0.082
32835.14754,20986.9969,15705.91093,19.73,65.03,0.071
22910.76923,17732.2314,9935.421687,19.09,80.7,0.07
42149.06351,21475.35642,27182.54545,18.02,66.3,0.086
21950.76923,17873.55372,10120.48193,11.8,62.45,0.086
31600.0,25218.59504,10999.51807,21.6,64.21,0.073
40479.46844,26377.21519,32276.48536,28.48,63.93,4.92
32989.66887,21996.6736,25798.89231,22.39,77.3,4.924
34496.42384,21850.72765,16807.38462,21.99,51.45,0.08
36469.49672,23769.70954,15896.8997,20.22,85.0,4.923
39936.0,24434.67492,21360.97166,21.38,74.0,4.919
30301.2766,18471.95122,13151.6129,13.43,69.59,0.08
31555.89354,25693.7711,11029.05162,14.05,67.75,0.083
25264.34043,16587.80488,11566.45161,10.46,88.2,0.085
25662.6383,14151.21951,17175.48387,16.26,81.1,0.083
22382.77718,11679.83707,11816.72727,13.72,89.8,0.07
33121.55005,19539.71487,18100.36364,13.68,86.7,0.072
34068.83721,23369.62025,30493.05439,24.72,53.49,4.913
30520.67797,19772.64438,13540.34171,12.56,60.25,0.08
40931.29103,24214.10788,17735.19757,20.31,76.3,0.086
45200.70796,27078.58628,20427.70174,22.4,85.1,4.919
26054.23729,17248.63222,13100.38191,9.71,65.44,4.916
29686.15385,25735.53719,16302.6506,21.14,64.04,0.072
34311.50442,20881.49688,13814.58631,30.46,24.64,4.92
33840.0,20177.96258,15479.63228,18.45,80.4,4.919
33480.0,20615.19757,15983.27638,14.24,57.83,4.917
38125.71429,27478.48101,30077.32218,39.55,14.14,0.068
41876.58643,24628.63071,18015.31915,20.29,76.4,0.081
43788.25532,26465.85366,25043.22581,14.04,79.7,0.085
32927.04319,22086.07595,22991.79916,28.31,44.73,4.924
18883.65019,13123.04388,6932.052821,12.84,74.7,0.081
33439.47541,20871.82663,17373.27935,21.11,71.6,4.921
44341.13208,27792.60824,28047.6489,25.62,80.2,4.922
38135.38462,30399.17355,16753.73494,19.58,76.5,0.068
38612.92776,32568.27248,16537.81513,12.43,84.7,0.071
27879.91247,19023.23651,9780.911854,18.2,91.9,0.068
48114.81728,31374.68354,40271.79916,25.86,80.4,4.91
47559.86711,31070.88608,44808.70293,25.91,57.75,4.907
37035.57447,22434.14634,17843.22581,18.39,47.0,0.078
46557.87611,28459.45946,19821.69561,22.77,64.19,4.925
27225.76271,16555.6231,16585.32663,8.18,66.31,4.92
18098.85932,12787.97177,6736.134454,13.04,75.4,0.084
29480.50633,20611.55015,16181.20482,15.23,61.12,0.075
38892.30769,33511.98347,16273.73494,16.82,54.49,4.918
36583.29114,21826.13982,17008.19277,14.57,60.47,0.087
23684.82239,12698.98167,15435.63636,15.1,79.4,0.083
39811.40684,34066.89168,15909.72389,15.04,66.59,0.089
32416.74419,22682.27848,29908.61925,27.06,30.98,4.904
30020.33898,18069.30091,18993.52764,11.35,86.5,0.074
39329.23077,33132.64463,19558.55422,17.98,82.1,0.076
22722.11921,13026.61123,16175.26154,21.61,85.4,4.915
30343.85361,17706.72098,15767.27273,15.89,84.4,0.072
35277.63934,21414.24149,19168.90688,20.72,68.89,4.917
30126.23574,25796.87021,12763.5054,14.41,84.7,0.077
31651.29568,21265.82278,24504.10042,25.7,65.43,4.903
36054.68354,21311.8541,16950.36145,16.67,30.98,0.086
23434.22053,18565.20405,8505.162065,6.1,92.4,0.082
32680.67797,18612.76596,15734.35176,13.71,74.5,0.073
40428.43854,29194.93671,32005.35565,35.98,23.71,4.906
28104.71761,18793.67089,22244.68619,22.13,45.59,4.913
33628.59574,21106.09756,16832.90323,16.65,69.66,0.074
45653.09735,25566.73597,20121.75689,21.93,77.8,4.924
22692.20339,13090.57751,14188.70352,11.43,66.61,4.92
34437.44681,21325.60976,16490.32258,17.61,58.28,0.076
33776.28319,23231.60083,13385.08682,31.6,28.04,4.922
33304.61538,27420.24793,15093.9759,19.68,73.4,0.068
44883.03797,27151.36778,26689.15663,12.05,70.4,0.083
28506.57807,18835.44304,18310.29289,21.23,50.76,4.915
31702.03279,20712.0743,14982.99595,18.23,77.5,4.92
44680.9628,30245.22822,19806.93009,24.83,54.62,4.927
23407.65957,13756.09756,14127.09677,8.69,86.8,0.075
30835.53611,22556.0166,11852.64438,21.3,71.4,4.923
23956.92308,19390.90909,10970.60241,20.13,45.63,0.082
31052.30769,25054.95868,10935.90361,21.8,62.84,0.07
27904.99445,20166.84266,20807.02194,20.69,75.7,0.069
23027.8481,13652.27964,13220.24096,16.13,73.7,4.917
30545.84071,17936.38254,14291.15424,20.75,80.9,4.918
43289.90312,22476.17108,27566.54545,15.81,79.3,0.075
36083.40984,23401.85759,18335.22267,27.36,36.13,4.917
41296.27119,23985.41033,25598.71357,15.67,64.15,0.082
28404.95575,20043.24324,7742.757916,17.27,85.6,4.916
29792.68085,18113.41463,18214.83871,10.66,89.8,0.076
20858.73418,13203.64742,14538.79518,4.382,76.9,0.081
29907.22433,25355.01688,10176.23049,16.22,69.96,0.073
27094.9408,15144.19552,17949.09091,13.91,86.9,0.083
29182.72425,20962.02532,22557.99163,24.41,60.03,4.906
30789.35361,25653.26787,10181.9928,16.48,69.06,0.076
38248.70144,25888.06758,25513.73041,25.46,93.5,4.911
41796.75916,29647.72967,28155.98746,33.25,31.88,4.906
32192.54237,19856.53495,15699.61809,11.91,73.0,4.916
23993.64238,14912.68191,12347.07692,15.84,68.44,0.075
24943.72881,15031.00304,15375.43719,15.75,58.88,0.079
36152.54237,21527.05167,16469.54774,13.55,61.77,0.083
30809.87234,18219.5122,16751.6129,26.32,32.54,0.081
28666.19469,17000.8316,14049.9285,20.66,56.25,0.275
37548.31858,26288.98129,11331.72625,23.65,58.29,4.921
28512.0,17162.19512,17465.80645,13.76,86.2,4.915
30200.0444,21413.72756,21824.20063,24.97,84.6,4.911
36382.86329,24213.84929,17879.27273,21.68,42.68,0.083
44859.33775,27598.7526,27972.92308,21.41,47.91,0.081
27180.39387,17156.0166,10417.02128,18.93,62.66,0.103
22268.35443,14706.38298,14550.36145,8.66,88.6,0.083
26920.48835,18961.77402,20319.49843,25.9,86.7,4.91
22250.12658,14148.32827,15007.22892,9.2,74.2,0.079
30477.60797,21527.8481,26257.40586,23.52,55.43,4.912
26476.04563,21540.3498,8170.948379,11.59,51.1,0.08
35461.59696,30152.80761,15137.57503,11.62,65.19,0.085
20986.32911,13823.70821,14191.80723,11.1,75.6,0.077
43897.52422,23447.65784,28840.72727,15.67,72.4,0.069
38849.49153,19743.46505,16539.01508,17.5,53.24,0.082
21901.14068,17162.31973,9490.516206,16.32,69.06,0.073
36052.62458,23111.39241,25407.86611,26.07,73.7,4.922
32135.6962,20009.72644,15296.38554,16.5,71.0,0.073
38156.65399,33672.9058,15817.52701,12.36,87.0,0.073
34426.04651,22963.29114,25781.42259,26.96,58.63,4.906
28781.69492,17540.42553,17436.30151,13.26,69.22,4.912
28556.65399,21949.06413,9127.490996,18.88,59.75,0.082
44897.3141,28495.88173,30003.76176,22.81,61.92,4.906
44569.9115,25652.80665,22063.32993,23.89,63.89,0.276
35417.87234,18651.21951,20932.25806,24.04,48.86,0.081
25867.29817,12852.95316,14888.72727,16.14,84.6,0.076
34975.92998,21603.73444,13760.97264,25.23,34.58,4.918
41857.27575,28317.72152,28113.13808,32.85,34.31,4.907
38844.10646,33201.59558,16053.78151,15.35,75.9,0.07
36098.54305,22965.90437,18414.27692,21.34,63.73,0.078
32997.44681,19807.31707,15828.3871,20.17,57.27,4.919
41197.35099,25196.2578,25320.36923,16.65,68.53,0.081
31323.48762,17497.75967,17448.72727,18.18,68.93,0.074
25369.18033,14905.26316,15775.87045,17.63,90.3,0.067
34604.60177,19777.54678,16850.50051,20.46,86.7,4.917
26228.7965,16308.29876,11893.49544,20.55,64.87,0.112
46388.7965,28841.07884,19439.27052,20.73,75.8,4.92
29284.78405,18934.17722,23419.58159,24.88,79.5,4.926
21454.17722,14144.68085,14301.68675,11.22,80.0,0.076
23417.70492,18007.43034,12050.52632,18.17,87.2,4.915
47271.50442,32377.54678,16932.87028,21.23,76.8,4.92
37468.76804,23865.6811,22913.60502,26.61,70.3,4.936
42084.43951,28666.94826,27776.80251,28.41,67.17,4.908
35173.82131,18945.82485,21143.27273,17.32,78.8,0.077
24182.27848,15351.97568,13370.60241,10.19,76.6,0.08
22073.84615,17252.47934,9386.024096,16.85,68.02,4.916
38230.46809,22434.14634,22778.70968,12.87,65.05,0.075
20633.84615,14303.30579,6881.927711,12.27,69.83,4.926
37238.33698,25005.80913,15739.33131,25.81,45.22,4.917
40648.10127,26764.74164,24734.45783,14.81,61.79,0.078
26701.98675,14123.07692,15974.4,16.88,71.2,4.919
28824.80086,16500.611,19758.54545,13.82,86.0,0.086
29113.25194,22059.97888,18682.38245,26.36,64.15,4.907
39171.82724,26639.24051,31137.74059,28.67,65.0,4.914
31075.47901,20815.47862,14656.0,18.29,57.26,0.084
37944.15755,31272.19917,18546.38298,16.64,88.0,0.083
26102.75711,14549.37759,12482.91793,15.84,87.4,0.08
43389.95745,25939.02439,24770.32258,17.81,66.58,0.08
39752.29236,27444.3038,28836.15063,29.44,62.63,4.907
27691.32743,23130.56133,10966.94586,20.61,87.0,4.914
43356.27907,27945.56962,37765.35565,25.84,85.1,4.922
32129.701,22317.72152,28625.27197,31.57,30.92,4.916
24990.37975,16216.41337,11884.33735,5.099,87.4,0.084
32553.61217,26791.0402,12970.94838,16.13,60.08,0.082
34584.40678,20111.8541,17002.13065,13.97,76.4,0.071
35990.54705,22163.90041,13848.51064,25.3,33.22,4.921
44281.93757,23696.94501,28928.0,16.02,71.3,0.074
26544.42478,17139.29314,11084.61696,20.51,87.1,0.361
36874.93671,23748.32827,22883.85542,9.94,71.4,0.088
32713.84615,24411.57025,10426.98795,14.73,57.02,4.929
25860.19672,17691.64087,11933.92713,18.43,87.3,4.911
39507.93443,24605.57276,23238.21862,20.6,80.6,4.927
39633.37748,24773.38877,21817.10769,22.64,68.57,0.071
36209.31148,22651.39319,18574.25101,18.74,77.8,0.07
30509.50166,20658.22785,19256.23431,23.86,87.2,4.917
26731.52542,16340.42553,17117.90955,11.38,68.12,4.92
38183.84106,23321.41372,19442.21538,28.04,38.59,4.919
29525.42519,18414.25662,19851.63636,16.33,69.04,0.08
31528.10127,21348.32827,15782.16867,15.32,67.01,0.085
28024.37086,17880.24948,14202.09231,23.53,51.77,4.918
43016.94915,25710.6383,25396.1005,12.81,74.3,4.917
34964.42553,21310.97561,16124.51613,25.0,41.72,0.081
22604.93617,13580.4878,13964.51613,14.31,82.7,0.086
42382.37288,25903.95137,25535.03518,13.89,64.73,0.076
47349.36877,31541.77215,37385.77406,25.32,60.12,4.908
37925.47529,32605.09359,16653.06122,13.65,50.9,0.077
43066.32911,25947.72036,25353.25301,13.65,83.3,0.073
30516.55629,17311.43451,21173.16923,25.02,67.31,4.92
26620.88496,15829.52183,12949.70378,21.2,90.4,4.913
43413.90743,23407.33198,27357.09091,16.8,64.26,0.083
23441.41593,13883.57588,12520.20429,20.92,55.12,4.92
22243.40426,12289.02439,13691.6129,12.14,63.42,4.921
27132.14209,17996.33401,13812.36364,17.24,64.77,0.08
25188.97155,16394.19087,11911.00304,17.57,93.4,0.101
29636.92308,23690.08264,15747.46988,18.27,69.01,0.073
32377.52422,20833.80855,17565.09091,22.39,47.91,0.085
37175.31729,23530.70539,13440.0,26.24,54.25,4.92
22997.28814,12941.03343,14437.62814,12.92,70.5,0.078
38459.66704,25416.68427,27277.24138,29.19,69.46,4.906
29597.34219,21330.37975,22274.81172,27.62,38.82,0.076
24229.83051,14564.13374,13308.78392,8.7,88.9,0.081
26152.85106,15823.17073,12298.06452,11.95,59.73,0.082
36571.13924,23168.38906,22693.01205,10.63,72.5,0.086
29984.77024,22152.6971,11566.68693,20.8,71.0,4.92
31664.01776,21569.58817,19831.97492,23.73,56.02,4.924
34875.94937,18817.02128,18332.53012,13.68,49.38,0.084
28582.99247,16342.97352,16709.81818,26.68,32.17,0.068
39111.78707,32767.10647,16226.65066,14.76,78.9,0.074
22180.98859,18219.08561,7237.454982,4.581,86.8,0.085
35149.36709,20808.51064,17499.75904,17.49,66.29,4.916
41400.39956,29438.64836,25477.61755,26.68,81.6,4.91
45512.29236,28522.78481,39434.30962,26.22,82.5,4.916
32936.88213,25472.84443,9559.663866,14.61,66.69,0.098
22147.169,12929.9389,14929.45455,15.9,74.8,0.078
32627.69231,26382.64463,17216.38554,18.38,69.11,0.072
26423.36283,14104.3659,13261.53218,16.25,67.83,4.916
26270.44248,16241.16424,11078.7334,18.36,85.6,4.914
29753.84615,22027.68595,16042.40964,20.36,56.7,0.074
21031.17871,16709.42007,7076.110444,6.08,87.0,0.082
31707.90097,17365.78411,17314.90909,13.79,87.0,0.069
37293.77483,21027.44283,18402.46154,22.53,41.47,0.082
22157.61702,12193.90244,13273.54839,14.33,87.4,4.911
41932.0354,25143.86694,20192.35955,21.53,60.12,0.271
31094.23729,17613.37386,16504.28141,11.39,52.35,0.083
26490.89701,17521.51899,18828.45188,25.35,82.3,4.914
27873.6105,17342.73859,8170.212766,19.7,58.29,0.1
26684.60177,15223.28482,12108.35546,18.88,87.6,4.917
23750.80851,13650.0,14707.74194,12.82,62.65,4.916
30477.60797,20882.27848,22823.09623,25.68,43.95,4.905
39616.78135,25952.69271,25549.84326,26.36,76.3,4.92
30847.59494,20768.38906,20136.86747,8.6,84.4,0.074
24510.36626,15757.12777,15618.80878,21.89,68.49,4.913
33443.96125,19272.09776,18327.27273,16.34,82.3,0.069
26915.71116,17297.92531,11601.70213,17.2,80.1,4.909
31268.57143,21573.41772,22883.34728,24.02,47.92,4.92
34489.83389,23737.97468,24636.65272,34.92,31.08,0.075
34628.20237,19935.64155,22999.27273,16.93,76.1,0.082
23799.82979,13653.65854,14150.32258,10.93,67.88,0.082
32064.40678,19021.2766,19624.52261,13.41,65.82,0.082
31475.40984,21596.28483,14953.84615,16.99,83.0,0.081
40270.97872,22847.56098,23905.16129,15.26,60.38,0.081
22875.25424,13386.01824,14171.33668,12.09,79.9,4.916
26789.67177,16155.18672,11671.73252,18.69,62.49,0.093
38004.56274,31434.18226,15529.41176,15.16,76.9,0.078
21526.15385,16910.33058,10953.25301,15.25,88.9,0.07
41640.39867,22454.43038,24702.92887,29.3,58.94,4.925
44027.88013,30662.72439,27295.29781,33.45,34.88,4.903
41012.65823,25141.64134,24665.06024,13.09,84.9,0.07
33840.77503,19763.34012,20229.81818,20.9,51.03,0.088
34144.58558,20866.80244,17838.54545,18.62,72.6,0.077
29682.21976,19972.96727,21342.69592,24.18,81.6,4.92
23129.00662,15253.22245,11484.55385,18.28,64.62,0.078
32961.7758,25857.65576,27903.19749,27.07,76.8,4.908
49813.45172,32517.84583,35589.2163,25.14,56.29,4.902
25808.12431,18745.08976,12868.21317,20.07,53.35,4.906
22006.15385,17163.22314,10241.92771,19.76,76.5,0.069
30320.91255,24331.39,9357.983193,9.43,69.74,4.655
45639.34426,27154.17957,26403.88664,19.04,80.2,4.922
22772.09302,15375.94937,17719.83264,24.75,39.45,4.907
22600.67797,13542.85714,14408.68342,14.89,56.81,0.081
23172.62357,18476.83338,7006.962785,15.15,63.75,0.079
38593.91787,27260.40127,26518.87147,27.58,80.1,4.909
36952.13115,22417.33746,21419.27126,18.97,88.8,4.92
21002.0339,12718.54103,11537.36683,11.17,79.8,4.919
34194.48578,23385.06224,12278.66261,25.41,60.05,4.918
32961.7758,23417.10665,23106.2069,23.86,47.66,4.907
39898.06881,28598.52165,31995.98746,23.49,60.29,4.904
37726.09272,24129.72973,20074.33846,28.97,33.79,4.917
19556.92308,15723.96694,8692.048193,12.7,86.1,0.083
26685.56962,16869.30091,11971.08434,8.96,82.6,0.08
39418.81838,24535.26971,16783.95137,20.25,77.3,4.919
20933.8403,15461.18441,9150.540216,15.79,67.01,0.086
34937.70492,19824.14861,16912.71255,20.82,70.5,4.921
36398.16393,20151.08359,20171.65992,21.79,64.4,4.919
30340.68812,21166.63147,22853.41693,20.87,76.0,0.067
37192.05298,23145.53015,20765.53846,23.63,70.5,0.067
39635.96004,27017.10665,27307.33542,29.07,70.1,4.904
22030.76923,15861.57025,12497.3494,12.97,85.0,0.071
38135.38462,32864.87603,16823.13253,14.34,71.9,0.072
36747.90698,24535.44304,36578.41004,29.62,35.95,4.904
27463.98249,17451.03734,12290.33435,20.93,63.63,0.101
23444.42553,14279.26829,10585.16129,11.55,55.21,0.08
35496.63717,23089.39709,14820.67416,20.38,67.82,4.924
34365.56962,21103.95137,21125.78313,13.12,86.7,0.084
28787.21421,20045.19535,20548.21317,20.62,75.8,0.069
36971.16279,24808.86076,28613.22176,28.7,59.13,4.913
21454.17722,12240.72948,14105.06024,12.18,69.76,4.915
24738.85899,14114.05295,16186.18182,16.33,76.4,0.079
32973.55932,20881.45897,14796.54271,13.2,57.68,0.085
35505.2954,27597.51037,16888.99696,19.07,73.1,4.926
41296.80525,33408.29876,17250.82067,20.71,76.4,0.066
41375.59322,24842.55319,24684.0603,14.18,63.08,0.082
24453.64909,13267.20978,16570.18182,13.05,81.3,0.082
31025.87729,16544.60285,18920.72727,15.41,87.2,0.074
25148.0732,15202.85132,12264.72727,11.07,86.0,0.08
38568.34628,27739.38754,29227.33542,34.56,25.81,4.904
41774.16393,25281.73375,23733.76518,18.54,88.2,4.924
47908.36848,29396.8321,28824.07524,25.54,79.9,4.924
18835.9322,10872.94833,10136.44221,13.77,72.2,0.073
27846.15385,21808.26446,9125.783133,6.358,78.9,4.918
31011.94229,22158.81732,22901.5674,27.22,37.48,4.905
42263.44062,28731.57339,26928.15047,29.95,44.41,4.909
21536.28319,11013.30561,10090.29622,14.53,74.1,4.917
22923.19392,18145.44339,9565.42617,8.81,86.1,0.082
31373.08934,17453.76782,21061.81818,15.95,86.6,0.074
36939.54098,22725.69659,22480.32389,18.36,85.9,4.921
22053.44681,13774.39024,13621.93548,13.7,84.4,0.085
34051.39073,19231.18503,19412.67692,23.89,65.54,4.918
23407.65957,13745.12195,14028.3871,10.66,87.8,0.084
41711.18644,25386.01824,25025.60804,13.81,65.16,0.075
34426.32911,21235.25836,21449.63855,11.98,71.0,4.921
37660.55494,25055.54382,27096.67712,29.57,67.29,4.906
22736.20253,13991.48936,15128.6747,13.06,72.3,0.09
20553.84615,13715.70248,6743.13253,12.2,69.36,4.919
36929.54048,23541.90871,12687.17325,21.48,71.9,4.922
26580.19934,17525.31646,17292.05021,24.41,55.35,4.908
24701.90164,15287.9257,15268.66397,18.27,88.2,0.069
27129.11392,16639.51368,16626.50602,14.27,82.3,0.085
23957.63186,13644.80652,15744.0,11.69,83.3,0.081
23657.593,17327.80083,10632.94833,19.34,80.6,4.915
34008.51064,19485.36585,17053.54839,18.1,61.38,0.083
37389.58425,29027.80083,17449.24012,18.69,74.5,4.92
36898.03063,23620.33195,12278.66261,22.92,71.0,0.073
22819.77186,17361.15373,6983.913565,8.37,86.5,0.087
31947.34177,18240.72948,17546.0241,18.35,57.45,0.084
25378.03063,19288.38174,12021.8845,16.44,82.1,4.921
25604.05063,16340.42553,16458.79518,5.053,76.1,0.087
27735.36122,22869.5919,9744.057623,18.75,56.91,0.082
22632.91139,13685.10638,14035.66265,10.55,65.68,0.083
48777.80244,31951.42555,33831.72414,22.5,49.78,4.92
23950.76923,18970.66116,7604.819277,16.87,60.23,0.078
34157.11475,21614.86068,17851.33603,22.0,56.99,0.072
37929.53642,23849.06445,21196.8,25.1,40.73,0.067
37187.92123,23250.62241,13013.98176,27.68,42.05,4.924
41394.00666,29161.14044,27493.9185,25.65,70.4,0.064
40625.08475,24291.79331,24481.44724,13.94,69.03,0.085
39712.67481,28123.33685,31538.55799,24.79,88.9,4.922
42248.26695,22806.10998,27322.18182,16.28,83.2,0.069
38320.0,31875.61983,18182.16867,19.15,75.5,0.074
27588.03987,19101.26582,19985.27197,25.35,82.1,4.913
34795.75221,21251.97505,15644.37181,25.56,64.92,0.264
21618.30508,13480.85106,14153.96985,13.77,69.01,0.076
33709.23414,28482.57261,16970.69909,21.69,78.4,0.08
32518.16193,26320.33195,10457.87234,20.84,77.2,4.921
23603.74468,11751.21951,14643.87097,14.97,77.1,4.912
42456.36761,26469.70954,17997.81155,21.4,71.9,4.923
38135.60656,23832.81734,22305.4251,17.75,82.5,4.919
26319.55605,15586.06125,14812.2884,23.19,89.3,4.919
43611.42857,27505.06329,32987.4477,25.03,83.8,4.92
37124.25249,26118.98734,29263.93305,39.11,14.04,0.07
30096.95364,20372.55717,18018.46154,23.44,68.72,0.072
35126.55738,23123.21981,17344.12955,21.75,69.87,4.927
21158.93536,15324.9463,9208.163265,15.89,69.48,0.084
42010.16949,23912.46201,25743.43719,10.29,54.14,0.082
28396.67396,15960.99585,12634.65046,22.2,60.55,4.919
26174.86726,15522.66112,14349.98979,20.75,59.12,4.927
37452.60394,29968.87967,18645.59271,18.93,67.81,0.083
32219.23404,20528.04878,14870.32258,12.73,88.4,0.077
43837.2766,26480.4878,25420.64516,15.18,72.2,0.083
40899.66102,25546.50456,27943.23618,12.91,67.12,0.085
34030.63457,20838.17427,12337.02128,19.59,58.06,4.921
44069.67177,27436.92946,18855.68389,21.71,63.09,0.084
22414.17722,14472.94833,14775.90361,9.25,83.6,0.087
25618.46154,20227.68595,11624.09639,16.11,80.8,0.083
32385.82057,18451.86722,15447.53799,16.79,61.86,4.923
38679.7351,24036.17464,24056.12308,20.66,87.9,0.067
30010.61947,18609.97921,13237.99796,22.28,88.7,0.279
41006.58228,25787.23404,25330.12048,14.45,68.81,0.073
24083.38983,14772.03647,14738.65327,15.37,62.15,0.078
35996.84902,22899.58506,11572.5228,22.63,74.1,0.084
23256.15894,12382.95218,15879.87692,19.35,89.9,4.917
28895.36424,20713.09771,20676.92308,26.93,58.54,4.923
38606.70366,25986.90602,25321.12853,29.55,45.12,4.924
43984.32723,23968.22811,28782.54545,17.2,80.9,0.092
34578.90591,23142.32365,11379.93921,24.15,67.6,4.917
21532.59574,11740.2439,10672.25806,16.51,56.78,0.081
34450.63291,19017.62918,17042.89157,12.66,58.3,0.083
31393.90728,15769.64657,18130.70769,23.54,66.91,4.925
24366.84607,13410.1833,16925.09091,13.13,83.5,0.07
27521.42064,16494.61457,15540.56426,23.04,88.9,4.917
36607.57475,25477.21519,30306.27615,23.84,67.86,4.905
29026.8709,17275.51867,13784.31611,21.5,64.42,0.168
23027.40984,13356.03715,15035.46559,17.09,69.96,0.082
44119.14894,25796.34146,25327.74194,15.95,69.83,0.073
29795.08306,19837.97468,23991.96653,23.47,69.63,4.908
33964.77933,20921.79226,18018.90909,19.38,62.87,0.073
31893.90743,18575.56008,18903.27273,24.79,43.04,4.92
22309.77049,14006.19195,13263.15789,17.51,80.6,0.072
23961.35593,14578.7234,10952.68342,5.381,90.5,4.918
25585.82278,16851.06383,17141.20482,14.37,77.9,0.089
33840.0,21238.90578,15855.9196,14.28,66.1,4.916
22843.91489,13873.17073,13436.12903,9.78,89.7,0.08
30841.19601,20635.44304,24076.31799,23.9,86.8,4.91
31594.93671,20275.98784,20506.98795,13.02,70.9,0.084
30852.27126,17919.34827,15738.18182,14.17,77.2,0.072
41625.76271,25984.19453,28145.84925,12.97,67.72,0.085
34547.74468,21556.09756,16443.87097,15.04,74.7,0.072
39165.4485,28397.46835,30703.93305,28.13,50.96,4.906
28435.60488,18593.03062,19392.60188,20.74,77.1,4.914
17709.5057,12368.21111,6707.322929,12.82,71.4,0.083
26405.25164,15972.19917,11625.04559,17.31,79.5,0.101
26386.34573,17170.95436,10749.66565,16.38,86.9,4.915
36234.4918,22829.72136,18154.49393,20.91,74.7,4.923
40326.15385,34025.20661,17690.60241,20.65,59.21,0.084
24500.45902,14686.06811,15379.4332,16.98,68.77,0.075
24277.47508,15239.24051,16322.00837,23.05,66.29,4.904
26685.72659,30017.10794,19618.90909,16.22,83.2,0.071
28532.31939,23178.88923,9882.352941,18.14,57.14,0.097
35851.90372,23758.50622,12494.58967,21.74,66.38,4.925
32991.86441,18769.60486,15815.39698,13.75,75.3,0.073
22808.13559,13553.79939,14298.69347,12.81,69.53,4.913
43273.51831,24618.37381,21011.66144,22.81,69.69,4.921
43157.28814,25378.7234,26009.72864,13.3,53.04,4.924
21911.56082,12515.68228,10996.36364,15.91,83.8,0.081
34336.79225,22138.9002,17757.09091,23.5,41.31,0.087
27987.7718,18469.24644,14481.45455,17.43,63.7,0.079
44249.00662,24822.03742,25627.56923,18.96,56.39,0.083
44528.74172,27261.95426,26360.12308,20.62,88.5,0.066
20209.88593,14606.93464,7266.266507,7.92,94.1,0.077
36423.34426,22253.86997,18037.89474,21.68,64.43,4.92
23772.20339,14359.87842,14489.72864,10.15,60.58,4.922
31549.80989,25285.05677,9363.745498,18.01,66.56,0.075
25907.25664,14893.97089,13314.48417,20.9,69.56,0.315
36358.06243,19327.08758,19293.09091,15.5,86.0,0.068
32233.84615,25802.47934,9987.46988,18.96,56.09,4.917
31955.90958,18630.5499,18298.18182,22.97,47.98,4.919
26543.89497,14183.40249,9600.0,17.5,86.1,4.916
32745.03282,26443.56846,11169.84802,20.98,65.98,0.083
40130.94092,24890.04149,17805.22796,20.35,79.8,4.916
27986.22517,20353.84615,20103.87692,26.06,61.77,4.921
43689.53642,26812.88981,25751.63077,20.36,85.5,0.065
27028.67257,15893.13929,13079.14198,18.51,90.2,4.914
47531.18757,31164.51954,35980.43887,25.65,84.2,4.918
48407.01443,29742.76663,31562.63323,24.51,80.6,4.924
43566.10169,26451.06383,25633.44724,10.67,82.1,0.072
33787.91489,21007.31707,16635.48387,16.16,69.89,0.074
32609.62025,20454.71125,17372.53012,13.21,48.88,0.085
43132.88136,26866.8693,25812.90452,12.28,70.8,0.083
37745.08475,22898.48024,22860.54271,13.52,66.68,4.91
26473.11258,13475.67568,14013.04615,23.39,45.21,0.084
27897.21854,19800.0,14332.06154,21.42,47.28,0.084
33628.59574,19587.80488,17802.58065,21.34,47.86,4.925
45997.16814,27845.73805,19915.83248,23.41,80.8,4.925
25920.0,15028.69023,14002.86006,18.98,69.06,0.176
24878.29787,14568.29268,14823.87097,10.88,85.7,0.08
31360.0,25553.30579,14145.54217,20.47,65.14,0.07
32356.72131,20485.44892,15245.34413,19.35,73.7,0.071
29501.53846,23526.44628,9409.156627,13.19,58.86,4.922
22989.63934,14923.83901,11129.39271,18.54,81.5,4.919
38069.40397,19751.35135,19908.92308,22.72,54.98,0.08
21891.64557,13466.2614,14203.37349,10.46,73.1,0.079
21213.95745,11568.29268,12907.74194,10.03,61.05,0.09
31166.53992,26614.29886,12878.7515,12.63,83.1,0.08
23619.78118,18171.78423,10592.09726,20.17,76.6,0.07
48343.31126,25503.1185,28794.09231,22.21,55.77,4.918
24652.30769,20484.29752,8061.686747,9.05,60.09,4.921
26968.82129,22818.04234,11893.39736,9.38,78.8,0.081
31282.12928,26349.18687,9006.482593,11.39,65.88,0.09
33824.68085,19752.43902,21036.77419,14.42,68.66,0.081
26752.84768,17434.92723,20222.03077,21.3,78.9,4.918
41074.36182,29050.89757,25495.67398,26.87,81.3,4.909
44577.66926,31012.4604,34662.31975,24.85,88.8,4.923
35361.0596,18834.51143,18573.78462,21.96,63.76,0.079
22133.5082,12490.40248,13350.60729,16.96,90.4,0.069
22750.10941,16752.6971,10457.87234,15.52,84.4,4.915
36916.93654,24221.57676,12617.14286,24.48,48.42,0.085
21629.90164,12958.51393,10954.49393,14.56,91.2,0.067
24558.98734,16085.10638,11381.20482,6.054,81.1,0.085
27022.97872,15969.5122,16165.16129,9.72,68.38,0.084
30058.6437,15921.38493,17547.63636,15.33,85.4,0.072
26848.21192,15784.61538,19784.86154,25.75,67.81,4.919
26222.99003,15831.64557,19491.21339,24.64,73.5,4.916
33137.54153,20381.01266,25504.26778,27.42,64.54,4.919
23154.43709,14998.7526,15123.69231,20.99,72.3,4.918
36301.39535,25705.06329,33089.87448,28.02,33.01,4.906
36268.47458,22577.5076,22345.32663,11.5,89.5,0.08
33362.62582,26070.12448,10352.82675,20.87,65.81,0.083
42198.66523,21610.99796,28381.09091,16.54,72.1,0.086
26494.29658,21831.23658,11490.03601,13.86,66.69,4.921
26972.42888,15748.13278,12284.49848,20.17,86.0,0.072
23598.01938,11144.60285,15522.90909,15.6,82.9,0.073
39428.13688,33010.12581,16128.69148,12.85,82.8,0.087
32537.06783,20797.09544,11018.1155,21.91,50.63,4.922
37464.61538,31057.43802,17314.6988,17.62,79.4,0.071
43053.55932,25294.83283,25482.93467,10.57,55.18,4.914
24753.29634,15205.91341,15107.21003,21.94,69.49,4.912
37305.19149,19463.41463,15723.87097,22.59,46.45,4.919
29675.97374,18713.27801,13200.72948,18.87,68.62,0.133
29513.84615,21890.08264,9692.53012,20.87,70.8,0.068
32119.64602,18325.57173,16238.61083,27.9,33.48,4.92
36063.87833,29486.3455,16399.51981,15.52,66.59,0.082
30606.10169,20308.81459,19636.1005,13.8,70.2,0.071
26269.66887,17135.55094,12199.38462,21.5,65.42,0.075
28742.46393,19410.34847,19073.60502,20.4,59.56,4.904
37790.44248,25480.66528,11249.35649,22.89,65.36,4.924
36477.87611,24949.27235,10508.0286,21.81,74.9,4.919
43028.34437,24324.32432,25249.47692,18.96,54.85,0.083
22831.93916,17976.06628,9081.392557,17.62,56.24,0.084
43479.49367,25531.91489,25405.3012,16.06,64.55,0.083
22128.60759,13448.02432,14157.10843,15.97,78.5,4.914
25649.23077,21213.22314,12410.60241,15.89,84.7,0.081
33469.2766,21867.07317,16060.64516,14.56,68.41,0.087
19816.91803,11988.85449,11275.1417,15.37,76.2,0.077
39116.96203,25710.6383,24879.03614,13.03,66.62,0.074
33617.56728,18711.20163,19141.81818,21.29,34.93,0.086
25086.07104,13633.80855,16349.09091,14.86,87.2,0.074
26340.53097,15687.31809,12037.75281,22.35,71.0,4.914
21055.93111,11595.51935,12741.81818,16.02,75.1,0.081
23777.48344,13105.19751,12790.15385,21.6,75.3,0.069
40074.89362,23198.78049,24149.03226,13.74,60.91,0.084
29444.25249,30592.40506,27378.07531,35.78,27.88,4.921
19224.3038,13699.69605,14775.90361,16.69,54.71,0.08
22023.52941,16160.08448,11947.33542,24.04,93.1,4.932
35123.74468,19335.36585,15549.67742,15.15,68.09,0.073
36372.98361,21986.37771,19617.81377,27.93,46.86,4.925
35564.50331,22333.47193,19459.93846,23.14,68.94,0.069
26304.42013,15587.55187,12541.2766,16.84,63.23,4.919
43169.62025,26731.91489,25156.62651,11.63,62.74,0.084
22289.23077,17546.28099,8356.626506,17.26,87.0,0.073
23708.35443,15793.31307,14799.03614,8.65,86.8,0.085
21529.18033,13408.04954,12324.53441,16.85,75.2,0.079
30468.54606,21029.77825,20584.32602,25.93,40.15,4.906
33036.59016,21239.62848,15402.75304,16.56,75.6,0.07
33815.59322,19207.29483,18084.66332,12.03,51.28,0.089
33285.44681,20121.95122,15961.93548,18.47,60.15,0.075
21169.23077,15326.03306,11092.04819,12.59,87.2,4.919
35553.9823,22509.35551,13214.46374,21.61,90.0,4.914
25016.65574,15410.52632,14539.91903,18.24,86.6,4.918
23156.92308,15504.54545,9154.698795,10.02,84.1,4.699
39363.18937,24072.1519,28528.87029,28.15,66.27,4.91
38463.78738,25853.16456,28360.16736,29.56,58.5,4.908
29143.31126,17779.20998,22218.83077,27.12,56.34,4.922
40850.84746,24444.9848,24684.0603,13.95,69.26,0.086
27648.0,16060.97561,16885.16129,15.59,87.1,4.907
38652.14209,14652.95316,17373.09091,17.91,79.4,0.075
35510.26616,29836.14606,15033.85354,11.66,81.2,0.084
39366.35762,22262.37006,21675.32308,25.14,64.58,0.07
22180.98859,16952.4394,9513.565426,12.89,76.4,4.916
34616.71772,22783.81743,13136.53495,25.34,51.26,0.077
27342.41953,17730.09504,20114.85893,24.47,93.4,4.917
21043.34601,16783.06229,9548.139256,7.27,85.8,0.085
27398.23009,16574.22037,13232.1144,22.51,66.29,0.271
29913.30798,23403.49801,8747.178872,15.55,70.1,0.073
38825.85551,33150.04603,16606.96279,11.47,76.1,0.081
35680.52459,22733.12693,18556.76113,19.9,58.66,4.925
42314.5838,28077.71911,27481.88088,29.2,45.62,4.908
27103.72881,16978.7234,17031.07538,15.54,62.65,0.078
44111.15044,24163.40956,21716.2002,19.87,51.86,4.917
24787.69231,19740.49587,10901.20482,12.4,85.4,0.074
29520.0,26572.31405,11086.26506,21.16,65.51,0.072
32259.82301,20799.1684,12243.67722,21.85,83.4,4.913
31272.91139,20538.60182,14989.87952,13.64,73.2,0.079
22533.55932,14024.31611,14379.73869,8.25,87.8,0.082
32251.13924,20567.78116,20067.46988,14.86,76.1,0.073
22626.83544,13349.54407,14752.77108,15.41,65.19,4.919
25226.78337,19792.53112,12873.92097,18.23,69.88,0.08
34163.38983,20527.65957,17036.86432,15.46,64.64,0.076
25155.89354,20163.24026,7323.889556,5.915,88.7,0.083
32797.37705,17728.79257,18119.51417,24.7,41.57,0.076
26518.68709,15247.71784,9564.984802,17.4,88.6,4.916
39513.84615,31169.00826,17430.36145,20.25,71.0,0.073
43402.21277,24515.85366,25298.70968,14.24,53.5,4.924
27323.24084,20109.82049,17629.09091,25.6,62.92,4.903
43498.98305,25495.44073,25262.95477,11.16,58.02,4.92
37464.61538,31972.31405,16938.79518,19.44,47.83,0.088
21606.15385,17211.57025,11658.79518,18.22,74.3,0.07
32231.17871,25973.61154,9427.130852,13.52,55.94,0.081
35957.5082,22146.13003,16288.90688,19.82,78.5,4.92
43097.69645,21376.37475,28706.90909,14.35,90.2,0.067
40124.74576,24353.79939,24053.06533,16.13,56.78,0.082
37883.5443,23500.30395,23820.72289,11.77,74.2,4.92
32712.33584,17842.36253,18781.09091,16.51,66.52,0.076
27659.46903,19152.59875,8207.558733,19.81,84.7,4.912
33888.81356,20480.24316,16782.15075,11.92,49.42,0.085
39126.15385,32905.78512,17256.86747,21.31,54.84,0.084
22225.82278,13655.92705,14411.56627,16.23,76.8,4.915
32500.13245,20338.87734,19300.43077,19.85,73.5,0.082
31598.47909,25292.42099,10124.36975,16.86,69.06,0.076
25358.64407,15505.16717,11647.35678,5.562,90.4,4.92
26767.43363,13868.60707,13255.64862,15.6,69.4,4.914
23677.2766,13236.58537,14347.74194,11.78,60.21,4.92
28204.77933,16163.34012,15924.36364,15.72,86.8,0.073
30917.08609,18782.12058,22709.16923,27.01,57.24,4.918
24344.15094,14388.59556,13084.89028,21.9,86.8,4.916
44363.44371,25731.39293,28882.70769,21.21,81.7,0.068
35244.03996,24238.22598,23280.75235,25.27,93.5,4.909
24602.45425,13659.47047,15848.72727,15.91,85.3,0.082
29523.03797,17963.52584,16256.38554,11.06,53.52,0.082
39613.17546,21610.99796,27293.09091,15.24,83.8,0.072
36520.15209,29810.37128,15454.5018,16.65,58.48,0.084
45588.98361,26764.08669,25441.94332,25.4,38.86,0.081
34286.58228,15308.20669,17170.12048,13.99,56.36,0.089
29661.82992,17996.33401,14743.27273,13.4,83.2,0.087
40406.80301,16167.00611,19054.54545,17.26,86.8,0.07
24450.09836,15432.81734,11269.31174,17.84,89.7,0.069
22128.60759,13911.2462,14666.0241,9.31,69.22,0.079
26147.69231,21570.24793,8443.373494,17.33,57.52,0.082
26162.12389,15837.00624,13073.25843,21.58,86.8,4.91
38867.79661,19663.22188,16990.55276,17.75,53.0,0.08
28978.46154,21852.89256,8773.012048,10.13,76.2,4.923
41456.20253,27001.82371,25879.51807,12.82,69.5,0.086
37861.01695,23675.37994,17957.30653,12.46,82.7,0.075
39035.02775,27891.44667,26061.44201,34.59,24.51,4.905
45359.20266,29115.18987,36819.41423,27.93,43.76,4.918
37126.15385,31667.35537,16794.21687,19.38,47.87,0.087
45463.08197,27347.36842,26887.77328,25.27,51.57,0.077
37378.98305,21811.55015,22958.95477,13.93,59.31,0.082
42793.96721,25998.76161,25057.16599,17.8,80.7,4.92
21976.70886,13229.17933,14342.16867,16.15,63.12,4.918
43806.6383,26110.97561,25188.3871,17.18,68.22,0.084
42589.83051,25108.81459,25355.57789,10.56,46.98,0.085
30569.49153,21578.1155,16313.24623,11.72,87.5,4.917
23869.83051,14742.85714,11618.41206,14.9,65.09,0.08
42818.68676,24859.06314,26257.45455,18.16,43.51,0.081
24164.05063,14035.25836,13972.04819,9.33,76.5,0.086
34832.80947,22439.5112,18426.18182,22.74,43.94,0.084
37803.07692,30875.20661,20871.3253,19.13,69.91,0.072
35531.72031,23747.83527,28149.96865,24.76,82.8,4.923
34362.25914,24197.46835,30770.20921,27.53,58.02,4.908
30558.1749,26238.72353,12907.56303,16.35,75.1,0.072
40001.06312,28754.43038,32571.71548,30.69,51.22,4.906
27504.15501,14788.5947,16261.81818,14.86,82.0,0.087
42731.88375,22586.15071,27397.81818,16.47,51.05,0.085
35982.68852,23316.40867,16609.55466,21.48,70.9,4.919
35805.56962,22289.3617,16719.03614,17.71,44.57,0.088
42260.66738,16907.53564,18845.09091,17.65,87.6,0.073
45901.59292,27785.86279,23434.19816,23.67,82.4,0.279
40538.73418,26206.68693,25197.10843,12.59,76.6,0.087
29842.04218,21041.18268,23316.8652,25.99,87.4,4.912
29272.13115,18074.30341,14440.80972,17.53,90.5,0.087
31784.17021,18303.65854,16472.90323,15.53,59.85,4.92
34270.42623,21730.03096,15519.35223,23.0,52.65,0.085
41924.05063,26571.42857,25370.60241,10.85,78.6,0.077
34686.03939,19669.29461,13183.22188,22.83,69.87,0.067
33272.92035,18841.99584,15844.41267,20.69,86.3,4.922
35846.80851,21446.34146,20107.74194,23.23,51.65,4.919
28455.38462,22399.58678,13445.78313,19.46,71.4,0.073
26467.9646,14317.67152,13408.62104,20.79,71.5,0.314
31814.80851,18245.12195,16548.3871,14.15,73.9,0.074
40831.43174,26522.91447,24081.25392,27.2,47.92,4.905
25671.34426,16045.82043,14778.94737,16.63,78.4,4.924
40112.03501,25636.92946,17881.09422,22.11,71.4,0.104
23409.88593,18616.75361,8695.318127,15.41,62.86,0.08
24215.38462,19216.1157,7570.120482,10.4,68.06,3.202
28046.58228,18612.76596,13457.3494,9.92,79.0,0.087
41833.11258,23980.04158,25007.26154,18.65,59.73,0.082
21006.84411,16760.96962,9478.991597,8.9,85.1,0.084
30423.05085,21443.16109,16475.33668,11.66,87.0,4.92
20830.76923,16040.08264,9646.26506,18.72,63.71,0.072
41251.29568,28446.83544,29649.53975,32.59,30.22,4.924
36279.49367,22406.07903,17459.27711,13.83,48.95,0.08
32961.04918,20953.56037,19477.89474,17.59,84.2,4.917
26083.8512,16424.06639,9127.294833,23.29,65.86,4.917
44136.63717,25476.92308,19409.84678,21.63,79.5,4.923
30467.69231,24895.04132,10560.0,18.03,72.8,0.083
23285.10638,13514.63415,13981.93548,10.66,70.6,0.083
24185.87234,14674.39024,14585.80645,10.28,88.9,0.09
21496.70886,13929.48328,13891.08434,7.93,87.7,0.084
40270.39828,22179.22607,26722.90909,14.88,84.1,0.073
38868.81243,27408.65892,32898.80878,29.33,19.41,4.905
25894.51327,14751.76715,12926.16956,20.14,72.3,0.346
24267.64263,12691.64969,16215.27273,12.67,82.2,0.082
41174.75083,29096.20253,37578.57741,28.51,48.15,4.908
39216.47841,26897.46835,30095.39749,31.64,42.32,4.922
39536.20253,24889.9696,23369.63855,12.87,51.54,0.084
23264.81013,14607.90274,15394.6988,13.18,64.94,0.081
31271.18644,19692.40122,15387.01508,7.66,87.8,4.916
23280.0,20450.82645,7518.072289,9.52,74.2,4.92
46194.43709,27490.22869,28469.16923,23.58,45.7,4.917
33229.36709,20334.3465,16082.89157,16.51,74.8,0.07
33211.91489,23140.2439,16803.87097,20.33,64.35,0.08
40556.53718,32114.88912,25080.37618,29.89,55.25,4.905
22185.24917,12964.55696,15641.17155,22.19,80.2,4.909
21901.14068,16462.71863,9052.581032,16.61,66.46,0.082
35150.76923,29618.18182,15440.96386,10.75,70.8,4.926
36687.7377,22673.68421,19926.80162,27.72,47.7,4.926
22762.71335,17667.63485,11035.6231,17.76,69.85,0.083
32461.53846,26122.31405,10189.87952,19.28,54.38,4.923
26375.38462,21767.35537,12283.37349,17.7,51.8,0.083
22209.04918,13708.97833,13181.53846,15.71,89.9,4.915
31507.22433,25410.24854,9208.163265,18.17,66.02,0.075
32520.39344,17543.03406,17280.0,23.38,45.57,4.917
26640.0,14777.96258,11331.72625,21.7,45.72,4.92
39026.44068,23693.61702,23856.24121,13.6,65.64,4.908
35886.84607,21314.05295,18746.18182,18.56,63.28,0.076
36662.27848,20775.68389,17632.77108,14.55,60.83,0.084
30602.36324,16405.39419,10983.1003,19.47,80.3,4.917
34660.83151,21312.44813,13084.01216,26.58,44.21,4.922
41836.46018,24560.08316,18233.13585,26.09,53.68,4.922
33236.42553,17765.85366,18841.93548,24.23,49.76,0.082
35021.77215,22096.04863,22883.85542,12.88,78.7,0.079
41155.61462,28913.92405,31872.80335,29.44,55.59,0.065
35529.56811,25070.88608,29065.1046,29.01,50.76,4.908
35815.22124,21614.96881,15938.54954,25.41,68.82,0.271
41607.45763,25130.69909,24747.73869,13.19,72.6,0.081
24182.27848,14881.45897,11456.38554,14.12,77.5,0.08
35078.64407,21406.68693,16758.99497,13.5,74.6,0.081
38331.8091,23462.72439,18170.7837,25.97,84.8,4.922
26463.05085,16409.72644,16654.79397,15.48,62.72,0.084
31292.18543,20061.95426,14710.15385,22.37,74.1,0.069
34661.9469,21218.29522,13749.86721,23.32,82.5,4.916
38916.92308,30971.90083,16973.49398,20.76,69.28,0.073
45997.16814,28481.91268,22263.37079,22.45,65.46,0.278
30609.55752,18194.59459,14220.55158,20.93,80.7,4.914
23991.86441,11788.44985,13592.44221,13.34,67.63,0.082
49468.23529,32571.06653,35005.39185,22.7,50.12,4.929
44340.53097,26618.29522,21269.05005,21.59,58.59,0.269
30739.13621,20232.91139,25534.39331,22.96,60.22,4.911
36203.07692,30771.07438,16458.79518,21.46,53.47,0.085
39569.80132,24743.45114,26011.56923,20.13,85.1,0.066
33370.16949,20305.16717,20272.88442,8.74,63.3,4.917
24530.97345,16566.73597,8336.996936,20.86,79.6,0.323
22831.65957,13598.78049,14725.16129,14.61,81.6,0.068
43079.0958,23220.3666,27874.90909,16.33,86.7,0.075
41431.89873,25688.7538,24422.16867,7.99,61.4,0.087
40822.21744,21167.41344,27520.0,16.04,75.2,0.083
20758.32078,10426.06925,13568.0,14.43,89.7,0.069
33991.03219,24587.96199,17990.21944,22.87,57.35,4.91
33008.74172,17741.78794,19495.38462,17.52,68.11,4.916
31391.68999,16731.56823,18536.72727,14.32,88.8,0.071
28400.0,20882.2314,17794.6988,20.69,65.78,0.072
44609.3617,26601.21951,25141.93548,15.77,71.8,0.084
42033.41772,27005.47112,25989.39759,9.71,84.2,0.075
44869.38053,25574.22037,22787.00715,23.04,77.9,0.301
38935.81395,26388.60759,32644.01674,33.91,25.98,4.924
32568.57768,20304.14938,10837.20365,20.1,68.29,4.919
41308.70432,27903.79747,28432.46862,27.38,63.97,4.909
23150.29787,12036.58537,13354.83871,11.85,86.1,0.091
31236.92308,25259.50413,9657.831325,18.47,60.52,4.922
23178.70722,17629.94784,9444.417767,12.89,56.24,0.082
35742.51656,19826.19543,17108.67692,23.18,67.46,0.07
38977.49168,28389.44034,26934.16928,30.4,45.36,4.904
27970.76412,17232.91139,21961.50628,23.84,68.27,4.911
39582.51656,22228.69023,22744.61538,19.95,88.3,0.067
35180.02153,20195.92668,18525.09091,16.27,79.0,0.074
21432.69962,17022.39951,9179.351741,14.25,68.56,0.082
22576.27119,12477.81155,14426.05025,11.02,90.4,0.083
36180.19934,25162.02532,32409.03766,22.66,75.7,4.908
24087.82979,13569.5122,14823.87097,15.04,87.5,4.91
41761.57377,24141.17647,24841.45749,19.65,86.3,0.066
28410.64639,23086.83645,12780.79232,14.85,60.48,0.079
36267.61062,20308.93971,15997.38509,25.55,58.72,0.308
39035.76159,23744.28274,21817.10769,26.55,36.02,4.919
22693.67089,14294.22492,14706.50602,8.02,86.4,0.089
23260.59574,13876.82927,14161.93548,10.62,84.8,0.079
36378.30508,24791.48936,21083.33668,16.49,57.44,0.084
25907.39606,16412.86307,10206.93009,23.77,54.65,4.921
27677.76103,15004.88798,19293.09091,14.19,82.9,0.084
29408.36502,22471.9239,8217.046819,15.63,63.99,0.083
33885.95745,20542.68293,16159.35484,15.9,72.8,0.073
24690.26549,12532.64033,13755.75077,21.54,50.25,4.924
35266.82454,19213.44196,17396.36364,14.66,89.1,0.073
44106.89362,26648.78049,25066.45161,14.06,79.5,0.083
28295.6962,15891.79331,14729.63855,15.5,51.72,4.916
41193.88704,29946.83544,32282.51046,35.92,28.21,4.908
31385.87234,21900.0,15143.22581,12.83,89.2,0.083
21964.55696,13995.13678,13995.18072,8.92,62.5,0.086
35374.17722,20885.10638,16869.39759,16.22,64.15,0.075
33201.3289,20639.24051,27299.74895,30.21,52.16,4.912
32978.07309,20236.70886,25938.07531,27.45,77.8,4.916
44206.88124,31510.45407,36197.11599,26.92,80.1,4.902
46753.90728,26101.8711,27659.81538,20.82,80.1,0.066
34596.61017,20669.90881,16515.8593,16.24,55.86,0.083
22996.19772,18973.91838,7531.332533,6.429,86.9,0.079
42621.45695,26045.73805,25355.81538,21.61,68.05,0.083
25283.50109,16073.02905,10913.06991,16.69,86.6,4.913
22523.07692,18185.95041,9790.843373,14.49,64.3,0.076
35347.69231,29179.33884,16713.25301,16.87,82.0,0.069
23050.95057,18609.38938,9600.0,15.31,63.86,0.079
22874.52471,18973.91838,6995.438175,11.18,70.3,0.08
26092.0354,16735.13514,11049.31563,19.22,89.2,0.312
26955.54098,16235.29412,17967.93522,19.24,61.12,0.081
33489.55752,20189.18919,15491.39939,26.58,58.52,0.264
38563.67213,23227.24458,20906.23482,21.35,44.64,0.082
35459.24051,22252.88754,17222.16867,17.25,45.94,0.079
28939.74684,20757.44681,16742.16867,15.21,55.69,0.077
41592.18646,29792.18585,25381.31661,29.37,49.9,4.906
29003.44371,22337.21414,17587.2,23.43,71.3,0.071
25743.54486,16734.0249,11391.61094,19.05,92.1,0.076
31533.45133,17584.61538,16038.56997,25.33,48.48,4.926
20429.61702,11217.07317,11514.19355,11.59,72.3,4.918
25272.0775,13883.09572,17035.63636,16.38,83.5,0.077
35069.73451,21585.03119,13696.91522,26.54,66.72,4.921
27003.18584,17079.41788,14055.81205,20.12,87.6,0.289
27477.61589,15926.81913,19826.21538,25.8,67.28,4.918
38542.97872,22704.87805,23405.80645,13.55,61.68,4.919
34981.61464,20082.28106,18082.90909,19.23,66.21,0.088
29612.95405,24374.6888,10294.46809,21.57,57.5,4.922
21751.89873,13386.01824,13943.13253,10.28,73.5,0.081
31058.07309,20031.64557,25215.06276,22.35,75.9,4.918
28939.92395,21746.54802,8026.890756,15.79,61.62,0.082
39777.80731,26331.64557,30474.97908,28.07,66.97,4.913
30506.90344,22884.89968,23449.279,26.16,48.42,4.904
23374.81163,12775.96741,16075.63636,15.23,73.5,0.074
45062.78146,27479.00208,27269.90769,19.35,60.52,0.077
29593.62756,17611.4053,14912.0,15.86,88.3,0.072
33565.37705,18839.62848,18032.06478,32.62,18.85,0.078
39031.49502,27953.16456,30420.75314,26.37,65.9,4.91
40040.2649,23617.04782,26844.55385,23.65,71.2,4.922
33046.88742,17060.70686,18260.67692,24.19,47.98,0.08
36814.97872,22485.36585,17593.54839,16.25,64.79,0.073
28149.36877,18486.07595,22226.61088,24.15,85.5,4.919
45009.83607,27243.34365,26164.8583,19.12,85.4,4.918
26691.14754,16008.66873,16574.5749,18.38,70.9,0.076
24123.07692,18810.7438,10652.53012,11.66,83.3,0.081
42544.72808,27252.79831,28908.33856,22.55,63.55,4.908
35013.2459,22183.28173,18772.46964,21.63,70.3,4.926
35985.61598,25287.434,24370.15674,26.49,57.32,4.903
45337.18033,27852.63158,26153.19838,18.18,78.9,4.919
43410.88525,24453.25077,25657.65182,22.43,51.31,0.08
29265.70213,17162.19512,18121.93548,13.55,71.4,0.082
28892.30769,23507.85124,9160.481928,18.31,51.52,0.081
33671.42232,21525.3112,10965.59271,20.89,83.4,0.093
42182.80851,24406.09756,25223.22581,13.62,59.41,0.074
22777.18631,18410.55539,9697.959184,11.65,87.7,0.084
28876.46018,18677.33888,10372.70684,18.71,85.0,4.916
39507.7718,17937.67821,25437.09091,15.72,84.4,0.074
41585.31148,25066.25387,24934.73684,19.64,62.65,0.079
28748.85683,17631.2566,18965.26646,23.13,79.4,0.062
25611.2035,21178.0083,9068.93617,18.03,67.04,0.083
36898.46154,28956.19835,20183.13253,18.74,65.01,0.075
32233.11258,21409.14761,15241.84615,22.09,68.66,0.071
25447.3523,17712.44813,9121.458967,19.8,71.0,4.916
27857.03422,21974.83891,9876.590636,14.99,72.8,0.084
37732.88136,22555.6231,17575.23618,15.86,54.52,0.081
32285.93156,25174.59343,8989.195678,13.57,50.0,0.083
31466.09257,18692.87169,18693.81818,18.99,70.9,0.073
24572.30769,19517.35537,11884.33735,18.91,70.4,0.073
43053.77483,23018.29522,26549.16923,18.46,65.78,4.922
35819.01639,22848.29721,18294.41296,21.07,67.0,4.925
20860.8365,16606.32096,9721.008403,9.62,83.5,0.09
29838.68852,18115.17028,17309.1498,19.6,79.2,0.079
30311.7608,19674.68354,23503.93305,23.8,86.7,4.912
24831.86222,14114.05295,16517.81818,15.03,88.2,0.068
26780.33898,16358.66261,16307.45729,15.76,55.71,0.081
41485.42373,24846.20061,24550.91457,10.35,81.5,4.919
31248.47947,21980.14784,22040.87774,22.7,51.96,4.908
35286.37168,20739.29314,15197.22165,29.09,24.81,4.92
21201.52091,15958.26941,9928.451381,8.37,89.4,0.081
30388.30565,18672.1519,23612.38494,25.0,61.83,4.909
33383.70699,23763.04118,22010.7837,25.73,92.0,4.908
47704.77876,31760.08316,19056.8335,22.13,52.62,0.292
26237.90164,16361.60991,15431.90283,16.24,90.9,4.917
37193.87347,22900.1056,19651.41066,24.9,87.6,4.924
44405.5082,26466.87307,25960.80972,18.92,80.9,4.917
26877.89934,16091.70124,12908.93617,20.01,71.5,0.19
44157.93326,23968.22811,28334.54545,15.0,86.9,0.071
36425.38293,23045.22822,11770.94225,23.09,71.3,0.071
32569.83389,22420.25316,26148.95397,23.35,63.22,4.905
27771.86312,21588.21724,9127.490996,18.91,60.58,0.083
36438.66523,18267.61711,18030.54545,13.31,88.5,0.07
32193.04918,20500.3096,15705.91093,25.32,24.59,4.922
25230.68852,14656.34675,15519.35223,18.66,87.2,0.069
24057.19149,14231.70732,14910.96774,12.2,84.5,0.082
28362.53165,17434.65046,18349.87952,11.5,74.0,4.915
25365.66372,14849.06445,13973.44229,21.24,73.5,4.916
26741.52853,15815.07128,14464.0,15.7,86.5,0.079
39911.7608,32077.21519,30444.85356,31.55,37.32,4.907
40666.32911,27636.47416,25758.07229,14.88,52.09,0.081
45302.27848,27475.98784,26342.16867,13.63,60.81,0.075
44599.0372,30028.63071,20209.60486,23.74,60.35,4.916
29621.29278,24898.4351,12993.9976,10.48,70.3,0.091
27991.89873,17405.47112,13295.42169,15.8,72.9,4.912
30325.42373,18568.99696,14345.00503,9.48,54.42,0.093
33290.84746,18758.66261,18513.04523,13.34,85.1,0.073
26777.87234,16434.14634,16014.19355,11.6,81.9,0.084
39994.68439,27482.27848,29065.1046,28.82,59.9,4.909
28516.72131,17569.04025,17437.40891,19.6,69.59,0.071
35231.25416,22721.43611,26302.19436,26.86,76.8,4.92
37870.56478,25310.12658,28763.84937,29.39,50.36,4.908
37675.23179,22883.57588,20564.67692,28.96,32.99,4.919
41027.25664,22614.13721,21363.18693,22.27,60.45,4.922
22813.2766,12603.65854,10660.64516,14.73,76.3,4.915
42132.20339,26720.97264,25338.21106,12.25,72.1,0.083
36581.72185,23946.36175,18993.23077,25.78,37.4,0.071
33172.7414,26165.5755,22040.87774,26.02,68.59,4.904
41511.07221,25752.6971,18178.7234,18.31,91.5,0.074
24329.64478,15822.40326,14900.36364,14.49,75.6,0.079
28447.14829,22799.63179,9842.016807,18.88,56.04,0.084
30950.88608,18908.20669,15244.33735,10.9,65.4,0.082
28982.55738,17732.50774,16510.44534,20.58,63.78,0.076
39258.77913,25538.33157,23762.25705,26.25,62.42,4.907
35165.30973,21974.22037,15679.67314,26.03,67.19,0.259
24221.53846,19219.83471,7760.963855,15.57,76.1,4.915
31138.03063,17596.6805,14151.97568,20.47,61.15,4.922
45891.14754,27514.55108,26100.72874,20.3,68.75,4.919
38484.73628,20049.28717,26641.45455,14.31,82.2,0.071
32470.03279,19240.86687,17845.50607,25.01,57.32,0.071
29208.2392,19063.29114,22889.37238,23.27,56.43,4.921
25551.3308,20030.68426,10579.59184,13.77,80.1,0.081
26518.68709,18201.65975,9500.790274,17.95,90.9,4.92
26535.38462,20841.32231,7581.686747,9.3,83.1,0.082
38824.61538,33073.1405,16742.16867,12.97,79.4,0.071
46779.33775,28373.38877,29627.07692,24.59,44.83,4.918
38115.39823,22711.43451,19651.07252,21.72,81.2,0.294
43432.85106,25500.0,25269.67742,16.36,68.31,4.92
34242.11921,21248.23285,16328.86154,25.56,46.2,4.92
31458.46154,26126.03306,17378.31325,21.1,57.4,0.07
30771.10266,24957.34888,9058.343337,16.36,64.89,0.077
34854.12766,22957.31707,16925.80645,13.94,73.1,0.074
23583.05085,15501.51976,11085.82915,11.57,65.35,0.084
33665.3617,20714.63415,16995.48387,11.66,59.23,0.08
31654.51327,17797.921,15161.92033,24.27,39.15,4.937
44593.75415,27600.0,34288.87029,24.58,83.3,4.924
31184.79087,27067.19853,13650.90036,10.48,74.4,0.082
34108.47458,23620.66869,17766.27136,14.04,75.8,0.086
37417.96721,20478.01858,20422.34818,21.8,64.73,4.922
39066.99223,26530.51742,25682.25705,28.47,51.46,4.925
32552.54237,21406.68693,16457.96985,15.94,58.96,0.081
29386.19469,17517.25572,14844.20838,22.55,66.72,0.294
35891.68142,22483.16008,13855.7712,22.97,73.1,4.921
44420.33898,26017.02128,25488.72362,13.85,68.71,0.084
44544.42478,25042.82744,19715.79162,21.65,74.6,4.917
31896.57795,26091.43909,8810.564226,17.17,70.2,0.082
29055.51331,23657.56367,10383.67347,18.36,60.75,0.078
35248.14159,24619.95842,11096.38407,22.83,65.89,4.918
27258.0531,16027.85863,12990.88866,21.25,59.95,0.273
24412.59574,14187.80488,16130.32258,12.14,83.1,0.085
40524.6071,21189.40937,27031.27273,13.59,85.8,0.07
32360.84351,22732.84055,24370.15674,20.93,75.7,0.066
44290.7234,26476.82927,26134.83871,14.92,75.2,0.074
32033.89831,19852.88754,14958.63317,15.24,55.94,0.082
22982.59136,13545.56962,16755.8159,22.46,83.3,4.914
33724.0678,20144.68085,16822.67337,15.55,58.06,3.982
28252.32787,18226.62539,16842.75304,17.11,84.6,4.923
22844.63895,12775.51867,8771.306991,13.51,75.5,4.92
40709.10299,27246.83544,27986.61088,27.44,63.6,4.908
34067.8481,21198.78419,16979.27711,14.08,69.95,0.088
31764.98361,18988.23529,16941.86235,21.83,57.32,0.073
20584.91803,13107.12074,11106.07287,16.38,91.1,4.915
22843.07692,18260.33058,9837.108434,12.42,75.3,0.071
37014.03974,21753.43035,21326.76923,25.06,62.61,0.068
42533.47686,22740.1222,27397.81818,18.42,70.7,0.08
29062.10877,19319.11299,18989.34169,20.53,75.4,0.072
36146.36066,22157.27554,21215.22267,16.56,87.7,4.922
35273.89831,23044.3769,17841.52764,16.87,51.31,0.081
21481.36882,16506.90396,9381.032413,7.3,90.2,0.083
31459.40426,20915.85366,14562.58065,16.2,43.77,0.086
20794.68439,13025.31646,13893.89121,19.92,73.8,4.914
32470.0885,22355.92516,12985.00511,23.39,69.16,4.924
25175.59322,13874.77204,13355.09548,11.14,92.5,0.078
36771.64557,22697.87234,22282.40964,15.2,83.1,0.08
39731.74468,23454.87805,23475.48387,12.89,63.68,0.076
32743.29114,17259.57447,17765.78313,15.98,56.39,0.079
26073.84615,20402.47934,7402.409639,9.31,83.1,0.082
31013.47686,19110.7943,16913.45455,18.61,59.08,0.085
34407.07965,20825.36383,12873.21757,24.72,54.28,4.919
28264.77876,16761.33056,14426.476,22.58,87.2,0.292
23695.81749,19301.62627,10176.23049,11.01,85.6,0.079
34694.80851,20389.02439,17309.03226,13.92,76.0,0.083
22600.35398,16005.40541,11655.32176,20.09,84.7,0.296
28156.46018,17236.59044,12814.38202,20.58,77.8,4.913
36129.16944,24850.63291,25094.56067,36.59,31.89,4.925
21183.26996,17066.58484,9795.918367,5.098,86.5,0.081
35700.83961,20313.23829,18589.09091,15.63,89.3,0.071
27159.7351,14819.12682,12352.98462,21.24,74.2,0.066
37037.26236,31077.01749,15967.34694,13.63,70.6,0.077
36925.03311,21113.51351,23961.6,24.32,67.14,4.922
24686.58228,16511.8541,11901.68675,8.65,82.5,0.084
21397.78723,12735.36585,11543.22581,9.63,88.2,0.075
35806.42623,22885.44892,18061.21457,22.56,55.89,0.072
22135.38462,17033.05785,11971.08434,12.03,78.6,0.088
23076.76596,13964.63415,13941.29032,11.46,85.7,0.072
42967.14894,22496.34146,27319.35484,20.24,64.57,0.081
34165.82781,22269.85447,18821.90769,23.93,60.93,0.072
28867.69231,21607.43802,10831.80723,21.29,68.15,0.068
39931.32743,22483.16008,20109.98979,19.95,66.79,0.164
27293.34769,18678.20774,12817.45455,14.53,72.2,0.08
46130.86093,27853.22245,27547.56923,21.34,79.2,0.07
25227.01987,13801.2474,12223.01538,20.52,78.0,0.076
43048.10127,27162.31003,25723.37349,11.51,73.6,0.088
22365.56962,14994.52888,14972.53012,12.4,71.5,0.075
24212.1663,17917.84232,11117.32523,16.06,85.8,4.918
26669.93435,17846.88797,9862.613982,18.67,92.9,0.065
28329.53642,18209.56341,12920.12308,22.33,69.88,0.07
38555.56049,27256.59979,30984.82759,20.5,52.25,4.903
43330.76412,30603.79747,29667.61506,30.81,30.05,4.906
38013.45133,23893.97089,15226.63943,26.29,42.01,0.271
31140.76596,18376.82927,14957.41935,16.82,70.3,4.919
33913.22034,22453.49544,17581.02513,17.14,58.51,0.082
34119.86711,22921.51899,32625.94142,30.87,31.01,4.91
20635.27869,12089.16409,12814.25101,20.07,54.94,0.078
22116.92308,17014.46281,10189.87952,13.52,69.71,0.082
26898.46154,21451.23967,11890.12048,12.07,81.5,0.076
21876.80608,18274.31728,9536.614646,14.46,80.8,0.075
43072.56637,27987.94179,18256.67007,24.37,77.0,0.26
23659.74684,14239.51368,14851.08434,16.65,75.1,4.912
24002.12389,13546.77755,10843.39122,18.34,70.6,0.184
43528.50498,30375.94937,29288.03347,30.65,32.08,4.906
24073.0038,19824.48604,10902.28091,10.76,69.3,0.08
28290.26549,18415.38462,11855.36261,21.11,87.4,0.289
36475.9322,21906.38298,17957.30653,13.97,73.6,4.913
29169.55752,16862.37006,13685.14811,20.49,84.5,4.913
31390.76923,25330.16529,17083.37349,22.39,56.84,0.071
44876.32385,26619.08714,19474.28571,19.81,74.3,0.072
35070.45952,23265.56017,12611.30699,20.91,84.1,0.066
32837.74086,22511.39241,27341.92469,26.27,34.05,4.914
32231.48936,19456.09756,19440.0,12.15,82.1,0.08
33988.86076,21778.7234,16747.95181,15.81,31.62,0.085
31667.74468,19536.58537,15462.58065,15.93,57.6,0.083
30886.69202,25892.60509,9323.409364,13.74,57.58,0.083
23455.47541,14028.48297,15274.49393,17.58,67.82,0.084
26581.70678,15173.02905,12418.7234,19.9,68.39,4.924
37853.24503,23467.35967,23642.58462,20.48,71.3,0.082
43707.10963,27729.11392,31384.76987,32.69,39.92,4.909
22129.23077,17419.83471,10536.86747,14.97,82.8,0.081
30316.46018,17977.54678,14650.05107,23.64,55.02,0.303
44439.7351,26760.49896,27789.78462,22.21,60.37,4.924
34260.53097,19463.20166,14602.98264,23.77,64.15,4.927
38806.88742,23441.16424,20399.26154,26.55,56.5,0.065
27585.04918,18115.17028,12167.12551,16.87,88.7,4.914
45418.80795,28062.78586,28723.2,22.25,65.15,0.07
42658.03063,26339.00415,18318.78419,19.49,81.4,4.914
41809.54495,25895.67054,26759.62382,25.34,82.7,4.92
32718.98734,19043.16109,16233.25301,11.02,78.7,0.08
33162.4918,20177.08978,16772.79352,29.67,27.22,0.081
23199.31915,13675.60976,13941.29032,9.92,86.7,0.079
23211.57447,13342.68293,13958.70968,11.62,66.79,0.082
23125.78723,13152.43902,13540.64516,12.74,72.9,0.079
45689.70492,27035.29412,26112.38866,21.48,57.84,0.08
24475.27869,14838.39009,14831.417,15.23,79.1,4.917
37672.85106,21885.36585,16803.87097,15.55,70.2,0.075
31310.44248,17711.85031,14079.34627,21.26,61.46,0.216
34780.22814,28422.2154,14958.94358,11.62,71.2,0.083
31085.11475,15956.65635,17758.05668,18.01,81.9,0.068
23052.40043,12240.7332,14836.36364,14.55,88.3,0.079
31223.60656,18456.96594,17956.2753,24.06,44.14,0.078
29213.68821,23815.89445,11449.69988,15.86,60.49,0.077
24230.44133,12973.93075,15365.81818,15.88,87.6,0.065
34878.6383,21508.53659,17175.48387,16.68,65.09,0.076
39020.33898,23551.36778,23561.00503,8.64,87.7,0.083
26357.11518,14480.65173,17832.72727,14.69,89.7,0.073
32372.98013,20439.91684,19991.63077,18.6,60.85,0.08
25344.0,15455.10836,15332.79352,18.57,70.5,0.08
22513.02128,13419.5122,13656.77419,10.54,85.5,0.084
34763.44371,20046.98545,16624.24615,21.3,47.91,0.083
43522.12625,30497.46835,41157.48954,25.65,77.3,4.913
22043.07692,17475.61983,9652.048193,19.72,70.8,0.071
23380.30635,16857.26141,10679.63526,14.92,86.0,4.914
28713.84615,21997.93388,11097.83133,13.94,87.8,0.083
32330.12658,16858.35866,16493.49398,15.42,61.1,0.08
44035.9322,27286.32219,25390.31156,15.03,61.83,0.08
22728.51711,17199.14084,10758.22329,14.47,70.1,0.081
42103.14894,23992.68293,24747.09677,13.46,59.91,0.074
22344.61538,17769.42149,10906.98795,14.83,83.6,0.081
49768.70144,33890.17951,36546.2069,26.35,57.3,4.906
32769.55752,18617.46362,16191.54239,27.89,29.51,4.924
28380.22814,22081.62013,9444.417767,16.93,62.48,0.078
31692.30769,25940.08264,17360.96386,21.35,66.21,0.07
44396.96203,27935.56231,26735.42169,11.7,66.64,0.085
30452.98013,18254.46985,22212.92308,26.61,55.94,4.928
27320.65574,17702.78638,12143.80567,14.33,82.0,0.085
24553.11258,16095.2183,12004.43077,20.69,89.5,0.061
22940.79656,12995.92668,11805.09091,11.11,76.5,0.079
33358.97872,21556.09756,15967.74194,11.15,63.07,0.082
41243.83208,16625.25458,18501.81818,17.52,89.0,0.073
37344.63576,22965.90437,20611.93846,23.59,70.2,0.068
38824.06215,26731.99578,26103.57367,28.32,38.59,4.91
33666.09836,20574.613,20224.12955,19.78,67.68,0.081
41575.38462,35631.81818,16684.33735,17.88,68.15,0.071
42136.70886,25725.22796,24572.53012,15.33,70.2,0.075
47406.77741,30326.58228,36253.05439,27.4,70.4,4.926
22077.56654,16705.73796,9623.04922,6.154,87.8,0.088
42265.43046,24144.69854,25928.86154,20.94,77.7,0.07
43675.27869,26548.60681,26339.75709,25.57,52.8,4.922
23889.23077,19673.55372,7980.722892,19.71,55.47,0.082
34182.81909,23987.32841,23792.3511,25.8,60.65,4.902
45159.91247,30585.06224,20116.231,24.51,55.25,4.924
26342.23195,15665.9751,11975.19757,18.11,80.6,0.08
33282.75565,20184.92872,16989.09091,21.88,50.78,0.086
40799.46726,31172.12249,27782.82132,27.05,73.8,4.904
34076.38321,19869.65377,19595.63636,18.1,74.1,0.075
36573.45133,23385.03119,13826.35342,23.62,69.76,4.946
37827.81457,23197.921,21947.07692,23.85,64.62,0.069
28136.88213,23094.20068,9928.451381,5.06,93.5,0.082
26615.60656,17011.76471,12044.69636,17.37,89.3,4.926
29950.76923,21525.61983,14816.38554,15.19,79.6,0.082
35013.2459,21573.99381,17314.97976,21.36,69.72,0.071
33534.91525,21731.30699,17644.70352,14.54,72.7,0.08
27473.22259,18018.98734,20069.62343,24.29,83.8,4.917
35462.78146,22337.21414,17782.15385,27.22,39.76,4.929
44804.05063,27224.31611,25810.12048,11.52,63.64,0.083
45952.14206,30525.87117,31869.59248,21.79,56.49,4.92
31966.42623,19051.39319,17647.28745,24.77,41.84,0.07
23424.40678,14706.38298,11108.98492,8.36,72.1,4.911
42158.29787,22789.02439,27069.67742,12.7,82.4,0.073
29719.14894,16745.12195,15776.12903,15.65,50.3,4.915
25669.83051,15020.06079,16527.43719,11.02,88.7,0.071
31212.1519,17306.99088,16528.19277,17.38,50.48,4.915
42761.3245,25697.7131,26673.23077,20.59,85.0,0.066
40143.54486,24848.96266,17665.16717,18.28,91.8,0.074
33673.35548,23449.36709,26606.86192,30.29,28.61,4.911
31289.2779,20643.9834,13626.74772,19.76,86.4,4.918
34609.02128,18757.31707,23190.96774,18.72,72.4,0.083
22692.01521,18381.0985,10084.03361,7.79,69.83,0.083
39661.53163,24812.24921,25483.63636,25.17,83.8,4.918
27874.62295,16952.32198,16615.38462,20.08,59.04,0.082
24035.08306,15975.94937,18304.26778,20.6,67.67,4.909
35167.32519,22592.18585,26242.00627,26.93,76.8,4.924
33454.17722,22329.48328,16169.63855,11.46,66.54,0.083
28147.92453,19338.12038,18158.74608,24.15,89.4,4.91
48049.01221,35011.61563,36359.62382,29.91,48.82,4.903
40650.95057,34247.31513,16192.07683,16.32,75.8,0.068
28723.70861,16476.92308,20281.10769,25.99,63.48,4.919
31462.81967,17966.56347,17454.89879,20.89,60.79,0.069
28434.98099,22107.39491,7519.807923,11.82,69.44,0.086
37058.46154,31180.16529,24480.0,20.48,75.0,0.071
41772.20339,25086.93009,24927.19598,14.19,63.65,0.082
44499.06383,26619.5122,24776.12903,14.54,73.4,0.074
26861.53846,23042.97521,14960.96386,19.08,81.0,0.075
37286.15385,30462.39669,16713.25301,19.86,68.01,0.071
47614.29523,34688.48997,36293.41693,29.71,49.68,4.905
23076.4557,14994.52888,15371.56627,8.33,82.2,0.075
23309.61702,13781.70732,14121.29032,12.34,65.85,0.082
33943.08197,21180.18576,16667.85425,24.15,48.18,0.07
35050.21277,21998.78049,16461.29032,16.04,70.6,0.099
38750.83056,26517.72152,30667.78243,27.97,70.9,4.914
40895.36071,26914.46674,27415.67398,27.69,67.29,4.922
34907.21206,17208.14664,17600.0,16.29,84.1,0.071
26805.66372,15391.68399,12855.56691,21.1,79.0,4.916
35466.4918,21510.83591,18527.61134,22.02,69.1,4.92
24881.01266,16737.99392,12248.6747,8.71,83.9,0.081
35239.86885,22744.27245,18574.25101,19.76,58.96,4.919
37641.507,19451.73116,24709.81818,16.22,79.5,0.07
45490.63291,28712.46201,26619.75904,12.01,54.49,0.088
34994.01507,20203.25866,19136.0,15.87,84.0,0.071
36778.29322,23441.07884,14397.08207,22.48,75.6,0.077
39261.53846,33281.40496,20298.79518,19.62,76.2,0.069
30244.79467,21197.04329,22197.36677,21.54,54.93,4.905
31497.24289,21409.54357,12430.39514,20.32,68.64,0.082
28494.83444,15556.34096,12855.13846,21.4,74.8,0.069
21396.19772,16595.27462,9329.171669,9.31,85.1,0.082
29559.82979,18043.90244,17268.3871,12.37,80.3,0.084
18011.6254,9436.252546,10618.18182,13.74,86.1,0.08
24059.46903,15290.64449,8937.11951,15.96,76.4,4.915
30665.38293,20778.42324,9483.282675,18.31,91.5,5.375
27468.31858,16559.25156,13249.76507,22.7,61.75,0.275
28857.53607,19231.67899,21071.84953,22.19,64.72,4.914
32172.91712,17963.34012,18269.09091,15.8,86.8,0.077
33840.0,18987.94179,14508.84576,23.41,56.29,4.931
32942.29787,21614.63415,14986.45161,16.19,47.28,0.087
30240.0,23749.58678,11063.13253,21.4,67.54,0.068
22460.33898,13644.9848,13731.37688,14.34,64.22,0.079
26911.89369,16310.12658,21033.64017,22.7,79.5,4.91
38311.86885,23821.67183,23844.53441,19.64,84.0,0.068
32631.59737,26966.39004,12307.84195,19.94,65.81,4.925
42583.72881,25579.33131,26582.83417,13.88,62.7,0.078
27844.86692,21882.78613,8620.408163,5.937,83.1,4.912
22310.88608,13090.57751,13706.0241,9.59,80.7,0.085
33934.88372,23054.43038,29516.98745,23.63,86.8,4.915
43370.84746,25641.33739,25326.63317,15.1,66.26,0.082
36747.90698,22781.01266,30535.23013,27.86,74.1,4.915
41219.03122,22377.18941,26088.72727,17.53,75.3,0.073
35441.31148,22729.41176,17489.87854,19.66,70.9,0.068
28245.4267,21487.9668,11333.25228,21.71,67.58,4.918
40968.39344,25356.03715,24322.59109,17.71,81.3,4.925
25770.09967,16860.75949,21503.59833,22.77,50.36,4.919
22918.48101,13185.41033,14168.6747,10.99,69.61,4.914
37334.75083,23669.62025,26311.6318,26.99,73.5,4.919
24034.57627,13969.60486,14981.78894,10.89,73.9,0.085
26443.06346,16073.02905,11590.0304,16.46,81.2,0.109
27404.60177,15099.7921,13532.17569,20.98,64.02,4.918
27640.43764,15789.21162,12307.84195,21.14,63.59,4.92
27901.53846,22466.52893,12665.06024,20.1,78.2,0.064
36810.59603,22696.4657,19814.4,24.99,55.54,0.072
39866.1597,33562.44247,15149.09964,13.42,55.81,0.081
32196.76149,20042.73859,14332.88754,20.09,80.2,4.913
39551.15974,32549.37759,17005.71429,18.83,51.4,0.085
37499.61977,32443.0807,16140.21609,15.15,64.75,0.082
31850.84746,18218.84498,18229.38693,16.7,58.68,0.083
20621.77215,12853.49544,14105.06024,4.718,75.8,0.08
26354.83589,18171.78423,9372.401216,17.12,89.6,4.925
23589.15254,15344.68085,10825.32663,11.45,65.72,0.085
22807.60456,17832.46395,9311.884754,17.86,57.91,0.082
25332.31939,20770.78859,11259.54382,10.14,84.8,0.086
25333.91685,20707.46888,8969.726444,18.06,66.24,0.083
45614.16393,26920.12384,26398.05668,21.3,59.82,0.08
39712.67481,27077.93031,24412.2884,26.79,46.85,4.906
43865.08475,26075.37994,25147.17588,14.18,68.51,0.082
30858.0531,20997.5052,13626.31256,23.38,70.9,4.92
33354.4186,23153.16456,27414.22594,23.69,64.39,4.906
38942.19269,26684.81013,28763.84937,28.43,63.03,4.908
25200.0,14968.99696,15537.52764,9.84,91.1,0.082
24455.6962,15286.32219,16192.77108,15.1,71.1,0.076
30178.98305,17091.79331,17164.22111,9.84,45.98,0.09
46654.08638,30227.8481,39928.3682,27.98,43.98,4.925
41681.68701,31575.0792,29191.22257,30.19,65.56,4.906
40722.7525,27218.58501,25646.1442,26.72,46.25,4.905
43816.92142,24004.88798,28741.81818,17.28,80.7,0.083
35157.61589,21843.24324,17817.6,28.22,35.22,4.917
26205.56962,17741.03343,17389.87952,9.04,80.1,0.087
32141.53846,25021.4876,15712.77108,13.27,87.8,4.925
39207.63596,28385.63886,25417.42947,32.41,18.14,4.903
23926.15385,18855.3719,11462.16867,15.39,86.1,0.072
43385.70492,26247.67802,25844.21053,19.23,72.1,4.924
39159.06977,27987.34177,34294.8954,28.71,62.32,4.906
31980.71044,16606.92464,19025.45455,15.9,81.8,0.068
43436.96203,26910.6383,25665.54217,14.96,61.82,0.084
29265.13274,17741.78794,14502.96221,20.77,55.59,0.283
31507.22433,25918.37987,13852.58103,10.64,75.1,0.075
24849.18979,18851.53115,17942.06897,26.4,75.1,4.905
38261.9469,19388.35759,21669.13177,20.22,58.75,4.924
26739.25602,15565.14523,12745.53191,15.76,81.6,0.081
32378.47176,22575.94937,29041.00418,31.27,31.42,4.917
26869.38053,16102.7027,11267.00715,20.65,84.1,0.285
35957.28814,22106.99088,22808.44221,13.32,56.78,4.921
37141.19205,20593.34719,22189.29231,24.39,70.4,4.922
37815.09934,23826.61123,23831.63077,20.59,87.0,0.067
48303.71681,28403.3264,21298.46782,22.26,68.32,4.937
24915.93443,15154.17957,14370.8502,18.24,86.7,4.914
45740.06557,27518.26625,25529.39271,19.5,82.5,4.927
31928.49558,22217.46362,13802.8192,23.73,65.23,4.922
38374.48505,26946.83544,30372.5523,30.0,59.89,4.908
48157.37705,28933.74613,26823.64372,19.8,83.3,4.923
43529.23418,26731.99578,24731.28527,24.68,86.4,4.919
24137.43811,13215.88595,15924.36364,15.94,82.6,0.073
23129.00662,14987.52599,11295.50769,19.74,52.71,0.08
31351.49502,26156.96203,21919.33054,26.09,75.0,4.92
25741.53846,19331.40496,9148.915663,19.96,75.1,0.07
27336.02664,17923.97043,17081.37931,25.48,92.9,4.906
23003.07692,18316.1157,6951.325301,9.7,83.3,0.082
22083.14754,14177.08978,12913.36032,14.82,70.4,0.081
49550.03322,32730.37975,39910.29289,26.31,55.69,4.91
30057.72152,20341.64134,12283.37349,13.95,85.1,0.077
26764.55696,17409.11854,16747.95181,9.61,58.43,0.091
32255.51331,25207.73243,9179.351741,12.08,82.0,0.086
30075.74751,20460.75949,24763.17992,23.87,48.32,4.908
32723.38983,20472.94833,15346.49246,14.59,66.2,4.913
30296.57795,27332.31052,8672.268908,16.61,53.32,0.084
27390.50847,16683.28267,17129.48744,12.31,74.9,4.918
22504.61538,17122.31405,11149.87952,13.44,77.9,0.086
31945.24715,25796.87021,9968.787515,16.28,68.09,0.075
34669.83051,20622.4924,16081.68844,17.97,48.6,0.082
35806.61487,26735.79725,28800.0,27.04,49.38,4.903
39344.05316,28800.0,30101.42259,29.2,47.19,4.907
35051.01639,21198.76161,18084.53441,21.89,45.38,0.081
28988.35443,17788.44985,18772.04819,11.66,74.9,4.916
31018.21277,17645.12195,17442.58065,19.34,41.69,0.084
26658.37958,17057.23337,15522.50784,20.27,76.5,0.069
23636.92308,19193.80165,9779.277108,10.28,82.0,0.08
35637.63676,23381.3278,14111.12462,24.3,53.35,0.09
22327.87746,11539.41909,8292.765957,17.81,85.1,4.916
33884.60177,20877.75468,13332.13483,21.65,65.86,0.27
41013.21663,26884.23237,17805.22796,22.81,64.72,4.924
27337.94311,15904.97925,12932.27964,23.44,61.55,4.921
38881.59822,28674.55121,27867.08464,35.21,24.04,4.905
31858.40708,17794.17879,14079.34627,24.1,46.36,4.927
30535.38462,26051.65289,14266.98795,20.65,41.86,0.082
23885.61702,14820.73171,14754.19355,17.53,50.82,4.923
32017.02128,20301.21951,15857.41935,21.25,59.91,2.764
34491.79763,18802.85132,18321.45455,19.25,70.9,0.079
27061.13208,18760.29567,19434.73354,26.05,42.91,4.906
34824.68271,21928.63071,12833.06991,27.76,44.78,4.919
46936.64817,32392.39704,35793.8558,29.93,25.44,4.905
36171.54098,23691.64087,17437.40891,17.57,79.7,4.922
36375.9292,24934.30353,10790.43922,21.69,74.9,4.916
27488.68085,16086.58537,11293.54839,14.14,66.81,4.917
30276.75916,19212.67159,21661.69279,23.61,72.2,0.063
33166.3485,21113.41077,22727.02194,23.6,85.4,4.924
23909.67177,17805.80913,10942.24924,19.45,79.2,4.917
37476.76596,21567.07317,22947.09677,15.35,66.38,0.084
20527.65957,11041.46341,11909.03226,10.31,59.61,0.084
31209.12548,25667.99632,9329.171669,20.46,26.74,0.087
32936.20422,25914.67793,30268.58934,28.84,73.6,4.908
22765.01901,18171.21817,9496.278511,8.79,85.9,0.083
23139.20344,12632.99389,15342.54545,14.87,86.8,0.083
23586.83544,21997.56839,15689.63855,14.05,80.0,0.081
23102.95082,14775.2322,10493.92713,19.33,91.9,4.922
35767.94702,20099.3763,21344.49231,24.6,69.05,4.92
33126.37168,18808.31601,16279.79571,27.05,31.31,4.926
21612.1519,12674.77204,14423.13253,13.87,63.49,4.916
31484.63895,26193.361,11234.04255,17.12,77.7,0.083
36260.51054,23318.26822,29444.01254,26.15,80.8,4.918
32489.12809,18084.31772,17716.36364,15.76,85.7,0.068
24699.33775,15350.51975,19247.26154,20.36,90.2,4.917
22350.76923,17944.21488,10664.09639,14.15,87.9,0.082
34768.34043,20615.85366,16786.45161,13.22,78.5,0.089
35260.8365,30329.54894,13633.61345,13.9,68.28,0.085
23870.82885,13630.14257,15418.18182,15.08,89.4,0.069
21122.43346,16812.51918,9553.901561,8.93,71.9,0.081
19704.94297,13667.99632,7127.971188,12.87,73.5,0.086
27835.79869,18597.51037,13428.32827,17.76,92.6,0.071
27449.42966,21890.15035,9916.926771,18.11,56.17,0.089
32936.94915,20221.2766,15763.29648,14.16,58.9,4.915
44857.41794,28000.82988,19036.59574,20.48,78.6,4.918
37398.53821,27360.75949,33192.30126,24.43,57.4,4.918
43011.64557,26804.86322,26249.63855,11.63,70.5,0.087
32591.39241,21578.1155,16453.01205,17.23,59.17,0.075
42871.49502,28591.13924,39337.90795,24.85,59.29,4.903
46231.24726,27463.07054,20110.39514,21.84,45.75,4.925
26304.42013,17006.639,11298.23708,19.64,89.0,4.919
36809.80306,23287.9668,12949.78723,27.34,40.81,4.919
30471.22924,18824.05063,24775.23013,26.85,83.5,4.915
36055.14894,22328.04878,17146.45161,18.75,47.7,0.077
41396.45902,24668.73065,25208.74494,23.3,58.34,0.076
25239.15649,16950.79197,14884.51411,24.28,88.6,4.908
32327.9225,19506.72098,16180.36364,16.74,58.73,0.09
23040.0,13575.68389,14634.45226,7.03,63.11,0.087
22160.0,17929.33884,7205.783133,18.18,84.8,0.063
30058.6437,16658.24847,13911.27273,11.83,77.6,0.094
28749.58425,19437.75934,14344.55927,21.51,65.29,4.918
30807.36959,19980.57022,23058.05643,24.64,92.9,4.923
29192.17021,17550.0,17941.93548,9.77,69.45,0.082
21776.94915,13466.2614,12700.94472,11.29,66.81,4.914
29826.97674,20643.03797,25883.84937,23.2,59.02,4.909
38654.30464,21491.47609,18993.23077,23.41,68.25,0.069
20471.18644,11438.29787,10599.55779,11.69,65.39,0.088
47008.21192,27452.80665,33148.06154,22.26,81.3,4.918
46212.34136,27373.44398,20682.31003,20.61,47.75,4.916
38547.69231,33021.07438,19847.71084,22.15,49.23,0.087
44452.45033,27969.23077,25887.50769,22.53,41.53,0.082
23421.45695,13363.40956,12831.50769,19.93,86.0,0.067
21867.34177,13965.95745,13960.48193,8.19,87.0,0.088
51571.49834,34715.10032,39778.30721,25.41,57.71,0.07
34278.71254,21474.55121,21402.88401,25.04,84.6,4.919
38730.59603,23721.82952,21356.30769,26.12,33.1,0.072
23750.57034,19032.83216,6955.102041,13.15,81.4,0.075
27052.22591,17772.1519,20539.58159,24.14,83.2,4.916
35579.46903,23231.60083,15550.23493,25.21,69.46,0.262
20579.24051,10081.45897,11843.85542,12.32,65.41,0.081
41583.05085,23879.63526,25928.68342,10.32,53.67,0.081
39628.89734,33013.80792,16330.37215,14.36,79.6,0.073
48777.80244,33148.89124,36185.07837,23.8,43.34,4.928
35266.82454,19345.41752,19083.63636,15.91,84.1,0.071
40447.15232,22737.62994,23175.87692,19.96,88.3,0.068
41794.96689,26068.19127,24883.2,20.33,89.0,0.067
47148.07947,27535.13514,33360.73846,22.14,81.7,4.92
21735.38462,15419.00826,10612.04819,12.24,86.5,4.922
33409.27152,22370.89397,22449.23077,27.16,53.84,4.921
25321.67922,14220.3666,16157.09091,11.66,73.2,0.087
30966.15385,26189.2562,10895.42169,23.02,53.5,0.074
22333.07985,16853.0224,9807.442977,6.202,87.7,0.086
36060.39735,22958.41996,22159.75385,20.09,87.6,0.066
22911.02662,19386.31482,10233.85354,15.18,55.64,0.08
42615.04994,28773.38965,26970.28213,28.49,65.53,4.909
23904.63576,11144.28274,11136.0,21.52,62.47,0.081
22882.02532,14363.52584,14949.39759,8.29,86.6,0.088
42012.65877,21281.05906,28410.18182,14.4,90.1,0.069
23762.73764,18822.95183,9703.721489,13.07,78.5,0.087
34232.29759,22989.21162,11671.73252,24.22,67.87,4.923
35127.07965,21753.43035,15491.39939,22.78,86.7,0.28
23570.61043,17532.41816,17412.41379,25.95,88.2,4.909
28682.19591,13102.24033,15546.18182,14.57,89.3,0.068
43126.77966,26866.8693,25841.84925,12.23,70.8,0.082
31916.96203,21136.77812,20755.66265,12.75,70.4,0.071
35958.6755,19107.69231,16512.0,23.38,69.0,0.069
20891.25475,16429.57963,8804.801921,10.4,88.7,0.084
35874.01993,24216.4557,25148.78661,26.69,70.9,4.917
48662.7303,33722.91447,36112.85266,27.95,49.89,4.903
34457.71365,26766.20908,24797.49216,27.38,59.05,4.902
35395.61462,24501.26582,32228.28452,25.36,48.42,4.915
39887.68212,24960.49896,22472.86154,22.98,74.3,0.069
29112.21239,17756.75676,15673.78958,23.32,68.56,0.268
32991.31915,23352.43902,17012.90323,14.87,75.6,0.074
25999.32203,15658.35866,16926.87437,8.18,50.65,0.092
20894.72551,10840.32587,11822.54545,10.96,88.6,0.084
35548.47458,22085.10638,24545.12563,12.49,67.62,0.084
37080.78775,24830.29046,12161.94529,19.27,89.0,0.073
33096.74919,20118.94094,22254.54545,16.22,68.73,0.072
26257.69912,17487.31809,10531.56282,20.34,81.4,4.917
20836.5019,15509.05186,9801.680672,13.23,80.8,0.082
33507.57112,19926.97095,15289.9696,24.08,52.88,4.917
34560.0,21424.39024,16583.22581,22.56,53.35,0.073
33873.70213,17831.70732,15793.54839,24.22,46.28,4.924
28635.25424,20713.67781,14593.92965,11.76,85.5,4.917
38472.45283,24937.69799,26681.37931,27.24,74.3,4.922
30758.1457,15765.90437,17965.29231,23.61,67.18,4.918
38972.30769,30923.55372,17025.54217,19.7,75.4,0.069
36650.47725,22257.65576,21144.07524,27.02,64.12,4.922
33489.83607,20901.54799,17221.7004,25.41,23.79,4.919
31093.53612,25310.83154,9732.533013,17.21,57.51,0.078
37886.0177,23078.17048,15650.25536,23.83,53.95,0.278
19594.93671,12827.96353,13856.38554,14.98,71.3,0.075
42392.58278,26446.15385,25113.6,20.84,85.7,0.067
41867.08102,31841.18268,27469.84326,27.38,73.5,4.906
33034.74704,19422.40326,18240.0,17.35,78.8,0.077
22721.3617,13039.02439,13436.12903,14.59,83.1,0.083
24743.48936,14242.68293,15061.93548,10.91,63.25,0.083
25070.72243,20126.41915,7393.037215,13.52,76.7,0.076
23093.53612,19209.57349,9208.163265,14.58,61.35,0.082
32012.1673,25436.02332,9392.557023,16.48,63.89,0.104
22820.33898,13097.87234,13841.36683,11.02,72.6,0.083
24676.72131,15451.39319,15035.46559,17.52,84.8,4.919
34919.21225,22757.67635,11508.32827,23.24,73.7,0.082
22765.42373,13185.41033,14483.9397,12.37,77.1,4.916
40129.23077,33958.26446,17881.44578,19.35,47.4,0.087
40633.25194,26503.90707,27162.88401,27.61,67.46,4.923
35617.57377,21822.91022,18061.21457,27.45,50.0,0.069
23290.16949,11587.84195,13424.56281,12.72,72.4,0.084
34099.95624,23037.75934,11514.16413,23.69,71.2,4.923
31026.1794,20635.44304,25257.23849,26.46,58.62,4.907
28621.39535,18596.20253,21949.45607,24.23,85.8,4.916
33980.21882,20311.61826,15348.32827,20.56,81.3,0.09
34018.62295,21551.70279,21232.71255,22.03,60.81,0.076
32801.95339,23409.5037,26097.55486,21.12,63.47,4.91
48279.7351,25521.82952,28941.78462,22.43,54.47,4.914
33687.07965,23317.67152,11714.1573,22.86,69.29,0.273
25025.3617,14992.68293,15090.96774,14.27,80.8,0.084
37076.92308,29763.22314,17083.37349,16.78,75.2,0.072
40892.18543,25798.7526,23347.2,25.81,32.76,0.07
33743.52159,20145.56962,25196.98745,27.22,55.9,4.929
41830.0885,21049.89605,23451.84883,20.2,58.55,4.923
26193.41772,16668.69301,16678.55422,5.138,75.8,0.083
23714.31072,19381.74274,8485.349544,20.7,61.51,0.082
23472.31788,12442.82744,13457.72308,22.37,72.1,4.916
33853.17546,19107.12831,18199.27273,22.18,46.92,0.091
26888.49558,15975.46778,14632.40041,21.08,58.92,4.92
34950.29508,22595.66563,18154.49393,18.98,67.8,4.921
21627.37643,16123.96441,9018.007203,12.41,82.7,0.081
45314.5515,29335.44304,36921.841,28.07,43.8,4.919
32317.2766,19445.12195,15381.29032,25.34,53.24,0.078
34713.0897,23270.88608,31830.62762,32.28,35.41,4.908
38302.78481,23941.64134,19477.59036,14.77,46.94,0.082
23407.65957,14751.21951,11438.70968,13.98,81.5,0.084
20949.87342,12415.80547,11433.25301,9.4,80.5,0.086
23493.2459,13749.8452,11275.1417,18.53,86.3,0.067
34373.99354,18333.60489,18158.54545,16.04,80.7,0.074
34693.67089,21351.97568,17528.6747,14.77,54.62,0.085
25630.10941,13787.55187,11356.59574,15.86,87.2,0.08
24558.98734,15147.72036,15365.78313,8.03,78.0,0.083
32905.53191,19328.04878,16606.45161,11.79,88.7,0.08
33861.44681,20004.87805,20467.74194,12.91,55.44,0.087
42149.06351,22593.48269,27653.81818,16.47,81.1,0.076
35032.6477,24848.96266,13510.0304,22.71,68.5,0.079
37493.5082,22707.12074,21804.04858,19.08,88.8,4.917
36604.0678,22373.25228,18634.61307,13.91,73.3,4.921
35948.84822,21515.68228,19281.45455,21.35,42.58,0.087
32488.85106,20462.19512,19585.16129,18.36,53.19,4.916
22711.89873,13874.77204,13914.21687,11.83,56.53,0.093
36123.97351,21772.14137,21374.03077,17.75,65.55,0.081
29743.65957,17348.78049,17001.29032,18.96,44.89,0.088
35713.27434,22176.29938,14820.67416,26.0,41.75,0.274
25932.30769,21559.09091,12641.92771,16.06,84.4,0.081
29861.22087,22238.64836,21438.99687,27.89,65.56,4.903
23573.21851,12841.95519,16331.63636,15.38,67.59,0.074
24746.90344,18315.5227,16557.74295,23.12,60.85,4.902
37570.76412,25283.5443,28998.82845,28.11,64.4,4.912
25960.3014,14759.2668,16896.0,16.32,77.2,0.083
43142.65487,25592.93139,21727.96731,23.57,82.1,0.276
28116.92308,24195.86777,10669.87952,10.73,89.7,0.08
30466.92015,26386.00798,10055.22209,16.98,53.29,0.09
27764.56405,12764.96945,15767.27273,14.54,90.6,0.074
31543.72624,26271.86253,9646.098439,14.29,74.6,0.086
27414.03974,18209.56341,14550.64615,22.5,60.81,4.925
32352.72336,19972.30143,17652.36364,21.09,41.88,0.083
25603.55161,15224.9208,14643.76176,24.53,90.2,4.918
32753.89831,20064.43769,15728.56281,9.39,87.0,4.92
27054.15929,15747.19335,12761.43003,22.12,70.8,4.912
22947.52852,17876.64928,9144.777911,12.26,80.6,4.918
22807.60456,19032.83216,8049.939976,11.44,87.4,0.081
24400.34043,14107.31707,15311.6129,10.55,88.1,0.086
29273.92405,17927.05167,13972.04819,15.66,61.55,4.922
28007.2808,17182.68215,15305.83072,24.32,93.4,4.934
25850.67834,16663.07054,10066.8693,18.55,63.32,4.923
41540.33898,24178.7234,25645.02513,14.62,69.26,0.08
21081.35593,12948.32827,10402.73367,5.532,90.4,0.082
25394.36066,15124.4582,11893.11741,18.69,86.3,0.068
41515.4717,28792.39704,26573.04075,29.41,41.35,0.069
30394.39825,25528.63071,12389.54407,20.78,58.57,4.921
38037.73585,25564.94192,29829.2163,25.41,85.4,4.922
47182.30088,27688.56549,19798.16139,27.99,33.88,4.919
26244.95575,15111.01871,13579.24413,21.34,70.3,0.333
27559.77802,17152.27033,15185.45455,22.72,84.7,4.916
29800.67797,18149.54407,18142.55276,8.42,64.9,4.917
49666.41509,36437.17001,38496.30094,29.27,49.52,4.906
42061.39535,22575.94937,26034.47699,30.18,53.13,4.926
36784.72808,21999.15523,17406.39498,28.5,70.0,4.922
27162.47788,16723.90852,14073.46272,22.26,89.2,0.31
30929.23077,26148.34711,10270.84337,20.09,48.98,0.085
30646.15385,23872.31405,11710.84337,21.17,69.95,0.072
25860.19672,14340.55728,13659.59514,21.49,69.66,0.079
23683.65019,19007.05738,7450.660264,5.581,84.3,4.913
21715.9322,12682.06687,14466.57286,13.73,73.0,0.073
31116.25532,20787.80488,15038.70968,16.44,60.11,0.076
33228.89734,27199.75453,10297.2389,16.42,59.18,0.08
35116.18202,25264.62513,23070.09404,23.72,63.12,0.075
37379.26748,22983.73812,19880.12539,25.35,86.6,4.929
32835.14754,21243.34365,16061.53846,20.9,71.8,0.072
22276.92308,17732.2314,7066.987952,5.455,82.4,0.083
39649.23077,33504.54545,15342.6506,17.61,70.8,0.071
29221.77049,17873.68421,17985.4251,18.83,89.9,0.069
37012.92776,30712.48849,15610.08403,14.8,65.52,0.079
28885.78723,17162.19512,16856.12903,19.29,44.93,0.087
31552.40506,20739.20973,15226.98795,8.82,65.24,0.084
33142.25166,20986.27859,25639.38462,21.4,81.5,4.921
33384.61538,26583.47107,15388.91566,16.24,83.3,0.067
24437.5082,14544.89164,14429.1498,18.41,81.7,0.075
42982.81967,25304.02477,25750.93117,19.53,85.2,0.071
23361.21673,19036.51427,8850.90036,12.95,75.7,0.085
35969.62025,23011.55015,21975.90361,10.14,71.0,0.085
38548.67257,25682.74428,15832.64556,21.57,86.9,0.277
24608.68085,12398.78049,13140.0,14.55,76.6,4.916
42845.98007,34689.87342,30908.78661,32.74,34.92,4.907
43283.70291,22527.49491,27822.54545,15.7,79.6,0.069
25929.30032,14235.03055,17134.54545,15.02,88.0,0.069
33046.88742,20975.05198,15188.67692,23.06,69.16,0.069
47448.07991,30457.44456,32423.32288,25.43,77.2,4.933
24364.0678,15067.4772,14698.13065,14.03,67.09,0.079
45702.29508,27767.18266,25995.78947,19.49,83.2,4.921
26189.70936,15389.8167,13608.72727,14.65,73.6,0.072
39819.66102,24040.12158,24765.10553,11.64,80.1,0.074
35982.45847,24406.32911,25166.86192,26.71,70.4,4.918
34870.01076,20346.23218,18711.27273,16.16,87.6,0.066
33162.53165,20097.26444,16400.96386,13.49,57.29,0.086
42364.0678,28285.71429,25251.37688,14.46,63.55,0.086
27071.36213,16541.77215,20666.10879,20.78,81.8,4.919
41340.59801,27774.68354,32041.50628,33.96,30.88,4.915
37497.21854,21237.00624,20363.81538,25.37,62.58,0.07
30911.36213,21269.62025,26305.60669,22.74,63.16,4.906
29699.40199,19272.1519,24739.0795,24.78,83.6,4.928
22179.66102,13422.4924,13986.09045,7.41,89.6,0.072
28761.76991,18961.74636,10831.62411,19.72,85.6,4.917
44961.0596,28190.02079,25668.92308,21.66,83.7,0.066
44872.05298,26408.73181,27193.10769,20.67,69.81,4.917
37366.48169,22124.60401,17364.26332,28.19,69.62,4.926
30979.9778,21698.83844,21589.46708,24.62,66.19,4.903
32229.15254,20308.81459,14860.22111,14.18,67.77,4.911
26520.51064,15706.09756,15921.29032,9.67,68.35,0.082
23530.21277,12475.60976,11903.22581,12.74,59.01,4.921
42919.64602,25600.4158,22622.26762,23.24,64.95,0.297
30789.35361,26846.27186,8931.572629,15.96,55.06,0.084
39518.9404,23665.69647,25131.32308,17.97,68.62,0.08
21836.96203,14243.16109,14463.61446,8.01,87.4,0.083
25488.60759,16362.31003,16048.19277,7.91,79.8,0.091
33999.29204,20376.29938,15473.74872,22.4,84.9,4.915
31612.88136,19517.32523,14819.69849,14.84,63.35,0.079
45323.76368,25913.27801,19433.43465,20.57,77.8,0.071
38381.74905,32354.71003,15846.33854,15.1,72.8,0.087
33034.57627,20275.98784,16689.52764,12.13,49.18,0.088
42219.57447,25350.0,24032.90323,14.91,48.1,0.082
26468.27133,15509.12863,12249.48328,16.98,62.99,4.927
29489.49153,19455.31915,14171.33668,13.15,77.1,0.073
27066.1597,21702.36269,8072.989196,9.4,82.7,4.915
26791.86885,14990.71207,14137.65182,21.82,67.43,0.078
41506.44518,27186.07595,29263.93305,28.16,60.66,4.91
32877.37418,26727.38589,11140.66869,19.84,74.3,0.082
34510.39828,18476.57841,19752.72727,13.9,90.0,0.069
21405.56962,14279.63526,14342.16867,11.37,86.1,0.081
39611.96013,26483.5443,30854.56067,28.62,65.5,4.915
19898.73418,12820.66869,13948.91566,14.9,70.8,0.073
23399.61249,12589.00204,15668.36364,16.16,85.7,0.069
26018.87043,17540.50633,17930.7113,24.89,50.52,4.907
26263.14894,15903.65854,16339.35484,10.77,90.5,0.078
25532.85246,15763.46749,15793.36032,18.76,85.1,0.074
33609.56811,23312.65823,27281.67364,22.36,67.7,4.906
29064.68271,19747.71784,9033.920973,18.12,91.3,6.325
25215.1495,16420.25316,19388.78661,24.18,83.0,4.916
35529.56811,24056.96203,32487.36402,32.61,28.65,4.909
33729.04918,21265.63467,16702.83401,21.83,51.35,0.083
22411.52542,13232.82675,13899.25628,6.879,63.07,0.084
23228.35443,15450.45593,15232.77108,13.85,74.4,0.078
26012.49169,17673.41772,23907.61506,24.5,50.55,4.908
38680.66445,27603.79747,30926.86192,25.55,50.62,4.913
46728.47682,26143.03534,27777.96923,22.78,75.7,0.07
23452.30769,16378.5124,7963.373494,13.15,69.9,4.916
46003.53982,27703.5343,23304.75996,23.69,78.3,0.27
21134.91676,11826.39916,10009.279,22.37,67.59,4.919
34535.38462,29190.49587,17985.54217,16.92,74.6,0.079
27079.64602,14882.74428,13102.6762,21.68,83.7,4.917
20187.90097,11547.86151,11013.81818,12.82,74.4,0.078
43382.27848,25455.31915,25399.51807,16.03,65.96,0.083
25470.48439,14451.32383,15720.72727,16.62,86.8,0.065
25749.87342,16759.87842,11884.33735,11.8,82.5,0.083
29092.88136,17875.98784,17968.88442,13.88,65.09,0.075
36284.85246,21098.45201,17623.96761,22.11,60.66,4.92
23378.46154,17788.01653,11479.51807,18.65,62.14,0.073
21806.16393,9521.981424,10225.74899,17.7,79.5,0.065
35146.84385,23536.70886,32276.48536,32.87,36.45,4.911
25281.04918,15258.20433,14907.20648,16.06,85.9,4.917
28959.46844,18751.89873,22118.159,23.79,74.6,0.063
27892.51641,16465.14523,12004.3769,25.08,50.62,4.923
41587.9646,25439.50104,20039.38713,20.7,80.5,4.927
34084.0678,21359.27052,16266.93467,11.75,62.97,0.086
26871.59737,17634.0249,10907.23404,18.43,82.0,4.916
44342.27848,26947.11246,26186.0241,11.98,71.6,0.089
25507.67213,15655.72755,14872.22672,14.66,73.6,0.079
25176.36761,15796.6805,10848.87538,18.3,81.2,4.914
36901.77049,22343.03406,22859.27126,18.65,69.86,0.081
28602.25914,19017.72152,22353.13808,24.24,85.7,4.916
40702.72425,25932.91139,35831.29707,26.14,82.6,4.919
23821.22713,13366.19145,15307.63636,16.87,69.6,0.081
21766.15385,15322.31405,13474.6988,11.1,87.5,4.915
21463.31126,12858.21206,13451.81538,20.65,80.6,4.918
44070.99338,27662.37006,33408.0,24.79,64.4,4.922
34181.69492,20203.03951,16429.02513,11.06,74.8,4.92
20894.72551,10330.75356,12096.0,14.49,91.0,0.07
24953.70492,15001.85759,14913.03644,17.75,81.0,0.079
42288.60759,26855.92705,25821.68675,10.93,81.3,0.079
34986.90265,21547.60915,14650.05107,23.08,81.3,4.915
34522.22951,21143.03406,17519.02834,22.57,53.78,0.072
30262.25166,19466.94387,18656.49231,19.03,61.05,0.08
28157.19912,15845.22822,10965.59271,14.45,73.7,4.916
23746.82454,13025.25458,14266.18182,16.67,80.4,0.07
36241.33185,24903.48469,28926.39498,25.34,39.48,4.904
29649.23077,26025.61983,11733.9759,21.01,59.91,0.072
35507.28477,20136.79834,23471.26154,29.93,50.67,0.069
35814.0919,21155.60166,16690.57751,18.51,76.3,0.075
29556.42626,13905.09165,16448.0,14.73,88.2,0.07
43370.12658,26250.45593,25312.77108,11.73,83.0,0.071
37980.19978,24694.40338,28715.73668,26.41,79.5,4.924
38574.35449,30241.49378,17338.35866,20.31,73.4,4.92
22547.69231,17940.49587,7483.373494,17.81,73.5,0.071
23513.92405,14885.10638,15423.61446,8.97,67.21,0.079
22716.34981,18023.93372,9830.492197,13.87,84.4,0.078
39567.30897,27303.79747,32860.9205,29.02,47.59,4.911
34994.01507,20819.1446,17879.27273,18.7,55.94,0.075
29711.43165,18289.61303,14784.0,13.87,65.61,0.087
26115.36105,15109.54357,11642.55319,21.37,68.53,0.259
24701.6577,15694.09369,15330.90909,15.32,76.4,0.078
33220.7535,20459.8778,17489.45455,16.45,78.9,0.072
27997.97468,18470.51672,13353.25301,8.51,85.5,0.083
31130.84746,18711.2462,19479.79899,11.92,61.98,0.089
38676.98361,23650.77399,23378.13765,19.96,85.7,0.074
39468.07947,19923.49272,20411.07692,25.15,61.97,0.069
26841.35593,14261.39818,12643.05528,15.28,57.88,0.079
45509.58019,19404.07332,27915.63636,15.73,83.5,0.067
47652.65261,31392.60824,37009.65517,25.65,84.0,4.923
22905.19149,12482.92683,12390.96774,12.17,71.2,0.084
37929.53642,22954.67775,20157.04615,28.53,27.52,4.924
38750.80963,22010.78838,16550.51672,23.36,64.15,4.924
42869.10638,25686.58537,25072.25806,13.66,49.93,0.085
28720.67797,18291.79331,12556.22111,12.17,63.05,0.082
32839.56236,26447.3029,14537.14286,17.35,61.14,0.084
31964.48391,22675.81837,24219.68652,25.71,89.4,4.911
38110.42623,23071.20743,22083.88664,16.8,87.4,4.919
32821.29278,26212.94876,9905.402161,17.32,66.19,0.075
30914.27341,16104.68432,19648.0,20.5,53.91,0.076
22231.14894,12940.2439,13836.77419,10.19,65.12,0.085
30072.18646,20809.2925,22594.60815,23.93,49.05,4.904
28056.36761,21290.04149,11572.5228,22.08,65.48,4.916
28334.29787,16906.09756,11984.51613,10.94,89.4,0.067
32335.40481,26884.23237,11928.51064,19.94,69.25,4.918
39595.23179,21004.9896,18703.75385,25.88,37.67,0.072
21918.6383,12420.73171,13894.83871,11.73,64.12,4.921
48254.30464,25076.50728,28362.83077,21.19,60.27,4.914
29880.7947,19017.87942,17864.86154,20.0,87.2,0.075
32451.9268,19569.04277,16919.27273,14.44,91.5,0.064
33674.33628,18871.93347,16344.51481,24.13,70.4,0.303
35589.23574,21240.7332,18519.27273,22.07,40.38,0.085
22265.08475,13061.39818,14420.26131,8.26,90.7,0.082
50800.26578,34651.89873,47441.67364,33.58,29.78,4.907
43070.95082,26325.69659,25809.23077,20.91,80.4,4.921
36280.35398,22000.4158,19468.68233,24.28,79.9,0.322
36435.34884,24846.83544,33276.65272,30.32,60.02,4.912
30124.55696,19276.59574,18835.66265,12.1,71.7,0.085
22657.21519,13783.58663,14602.40964,13.37,70.2,0.088
39784.18605,27603.79747,31179.91632,30.93,50.52,0.065
33729.04918,22079.25697,15251.17409,18.47,86.9,0.07
23230.76923,17430.99174,10207.22892,10.6,84.6,0.081
24251.96013,15816.4557,16490.7113,22.04,78.3,4.913
35944.85106,19543.90244,15456.77419,21.46,51.03,4.917
32073.71367,16515.27495,19066.18182,15.88,83.1,0.073
23295.1495,15482.27848,18135.56485,24.96,37.38,4.906
22449.23077,17271.07438,10265.06024,19.8,76.8,0.071
27807.31915,17432.92683,12420.0,14.46,82.4,0.096
27543.05085,17077.20365,17447.8794,9.44,50.25,0.089
29440.0,24761.15702,16695.90361,20.04,66.61,0.073
37067.68061,31824.48604,15241.29652,16.43,70.2,0.074
27812.38938,15492.72349,14155.83248,28.58,42.51,4.927
45449.80306,27892.53112,18855.68389,20.68,77.4,0.079
31702.03279,18921.36223,19017.32794,18.17,88.1,0.073
28327.86885,17126.93498,12691.82186,21.14,83.5,4.925
34566.37874,23631.64557,24841.50628,34.92,31.12,0.069
26257.69912,17146.77755,11414.09602,20.81,86.4,0.335
24110.16393,14292.26006,11216.84211,16.25,91.9,0.074
29413.82131,20852.13849,15371.63636,17.83,67.11,0.083
21487.45247,16967.16784,9444.417767,14.18,83.3,0.078
41055.31915,24980.4878,23876.12903,16.21,68.96,0.08
35921.22538,24001.24481,11473.31307,21.84,76.8,4.92
19790.76923,13157.85124,7998.072289,9.85,86.2,4.935
39137.3141,28427.45512,27150.84639,30.18,45.62,4.904
35944.18605,26692.40506,29227.78243,27.49,67.24,4.911
46420.30635,28714.10788,19474.28571,20.62,77.2,4.917
34043.80328,21143.03406,17274.17004,21.26,73.7,4.922
24913.27434,15339.29314,12802.61491,19.88,88.2,0.33
28348.60927,20690.64449,20369.72308,26.66,60.67,4.919
30325.06329,19779.93921,19373.49398,12.55,73.8,0.083
31827.06383,21819.5122,17018.70968,16.92,53.97,0.075
24972.1519,15826.13982,14839.51807,5.364,87.7,0.087
22763.07692,18130.16529,9368.674699,8.41,68.57,4.914
39532.25383,32153.52697,16708.08511,21.06,74.3,4.92
23334.07325,16582.04857,12844.13793,19.69,45.19,4.91
42277.77049,25634.67492,25272.87449,19.48,86.2,0.069
27237.1116,17380.08299,11776.77812,19.61,82.8,4.914
41448.81356,24652.88754,25193.48744,14.34,59.91,0.084
24205.64047,12948.26884,15488.0,15.84,87.3,0.065
35738.76106,22030.35343,13785.16854,23.24,73.8,4.96
21895.38462,15697.93388,10340.24096,16.09,75.3,0.075
39538.98305,24477.81155,24232.52261,13.63,63.97,4.919
28818.22785,21020.06079,16655.42169,15.28,56.49,0.075
36346.32911,22953.19149,22490.60241,10.88,69.48,0.09
35969.62025,23434.65046,22750.84337,10.43,81.7,0.087
43451.10872,22828.10591,28992.0,14.18,83.1,0.07
38024.95006,27142.55544,30154.23197,22.81,64.22,4.916
28958.64407,18674.77204,13731.37688,12.84,62.14,4.916
22917.9661,12594.52888,13725.58794,10.13,85.4,0.069
41079.49367,24780.54711,25474.6988,15.25,73.6,0.075
22172.49169,15022.78481,14406.0251,24.09,82.8,4.917
39829.65779,33742.86591,16163.26531,14.42,53.97,0.083
35628.07947,22389.60499,20269.29231,23.92,62.79,0.057
44793.19149,26293.90244,25223.22581,17.52,75.3,4.915
30490.16949,18463.22188,14159.75879,10.55,51.82,0.089
31916.06557,20217.95666,14708.98785,19.22,74.2,2.121
33408.0,20184.14634,17640.0,26.43,38.74,4.918
28940.64373,18497.99366,18393.47962,23.2,86.6,4.918
22451.74468,13269.5122,14010.96774,8.4,87.3,0.074
40262.59136,29821.51899,36295.23013,25.06,54.63,4.917
34659.20344,23198.37067,16989.09091,21.53,44.28,0.085
30095.81749,24832.1571,12654.02161,11.71,81.5,0.08
41454.91525,24707.59878,24788.26131,9.7,51.79,0.092
23008.49015,16819.91701,11076.47416,16.82,83.6,4.914
27873.02997,19406.54699,18224.95298,25.61,41.08,4.906
31600.0,26360.33058,13948.91566,17.44,69.46,4.923
29337.00333,19068.21542,19699.56113,23.41,55.92,4.923
36297.44262,22610.52632,21197.73279,18.09,81.3,0.067
37426.61597,31846.57871,15200.96038,13.94,48.73,0.075
35564.43488,16643.58452,19328.0,16.43,80.4,0.073
40824.15755,25229.87552,18190.39514,20.54,65.92,0.076
23342.49453,16924.48133,11111.48936,18.03,82.4,4.914
37243.07692,30380.57851,17233.73494,18.47,74.5,0.07
21944.61538,16467.7686,9686.746988,12.19,74.4,4.923
28744.19806,15345.82485,18589.09091,19.97,62.01,0.073
28398.13953,19705.06329,24425.77406,22.24,64.57,4.908
33948.31858,21929.31393,13208.58018,21.57,87.9,4.911
23653.82131,13663.13646,11298.90909,15.59,83.8,0.084
39106.7234,23546.34146,22981.93548,10.02,70.1,0.085
49225.30522,32582.47096,35510.97179,25.12,55.85,4.922
25457.31148,15291.64087,15758.38057,17.99,72.8,0.079
34540.88496,21124.74012,14738.30439,29.81,38.38,0.267
49078.26859,32247.94087,34331.28527,22.59,50.05,4.925
18609.23077,12856.61157,7171.084337,15.08,87.2,0.074
25816.70886,16417.02128,16129.15663,9.26,60.4,0.086
20937.72152,12977.5076,14168.6747,12.69,64.57,0.083
35484.91694,25450.63291,32607.86611,26.24,46.18,4.909
18987.34177,11347.11246,10837.59036,4.807,73.1,0.082
43996.59574,26454.87805,26012.90323,14.73,75.5,0.079
37954.96689,23239.08524,21291.32308,23.31,71.0,0.067
25573.39168,20109.95851,8987.234043,20.81,60.67,0.088
34412.93617,21318.29268,16072.25806,16.39,76.2,0.07
29187.69231,24422.72727,10594.6988,15.64,51.08,4.915
25444.0678,15877.20365,11560.52261,15.39,62.28,0.081
26952.45283,15624.07603,14992.85266,22.26,70.8,4.918
28052.42553,16181.70732,17146.45161,11.19,87.0,0.077
35666.22517,20286.48649,17368.61538,23.85,67.36,0.069
34361.59311,21248.06517,18216.72727,22.16,48.15,0.089
36769.58175,31095.42805,15327.73109,15.93,56.51,0.082
32536.70886,20487.53799,15938.31325,10.58,62.27,1.437
24168.43918,13428.51324,15778.90909,13.61,85.1,0.084
27289.9115,16102.7027,12873.21757,15.93,86.1,4.923
28150.46809,17648.78049,12681.29032,10.88,88.3,0.089
26323.32604,14754.77178,12459.57447,15.85,87.5,0.078
37569.23077,31786.36364,16198.55422,13.86,46.27,0.083
25520.08611,16181.67006,12532.36364,11.02,78.0,0.081
39829.65779,33654.49524,15598.55942,13.45,54.44,0.082
29271.50442,19440.74844,12531.9714,20.91,87.2,0.287
22021.01695,14790.27356,14125.02513,11.47,79.3,0.072
26544.42478,15417.87942,12714.36159,18.32,90.1,4.915
30896.2623,17699.07121,17390.76923,20.81,60.26,0.071
25365.4267,16595.85062,12191.12462,17.38,93.0,0.08
31329.23077,25590.49587,17187.46988,21.99,61.54,0.069
22289.49153,13024.92401,14426.05025,8.24,90.4,0.082
29030.14428,21109.60929,20722.75862,24.38,57.25,4.903
20056.70886,13418.84498,13659.75904,9.97,82.8,0.077
35182.37288,21767.78116,16243.77889,14.07,69.32,0.074
36582.12766,21380.4878,22383.87097,16.33,84.8,4.909
25098.47147,14158.04481,16302.54545,16.25,87.1,0.065
34349.19268,20694.50102,18088.72727,16.24,84.8,0.071
37105.82278,20768.38906,19038.07229,14.19,62.84,0.083
39993.84615,33980.57851,17013.9759,13.7,46.67,0.082
20227.69231,13373.55372,8339.277108,9.69,86.0,4.936
38916.4557,25407.90274,24294.93976,9.11,83.8,0.073
26430.45952,17017.84232,11164.01216,16.4,87.1,4.912
34018.40708,18864.44906,14220.55158,23.54,69.22,4.924
25276.59574,15431.70732,15450.96774,14.74,79.2,0.084
39031.49502,26384.81013,28649.37238,31.46,30.12,4.917
24516.61017,13586.62614,12145.20603,15.24,57.58,0.08
34897.69912,20941.37214,16768.13075,21.38,61.02,0.267
25998.68852,17468.73065,11496.68016,17.93,88.3,4.914
41873.47392,28944.45618,27903.19749,28.25,70.8,4.904
34238.59956,19411.61826,12663.82979,21.96,69.27,4.92
18561.21673,12916.84566,6211.764706,15.49,77.7,0.081
32246.15385,26170.66116,10392.28916,19.29,55.32,4.922
30290.4943,22725.98957,9669.147659,10.94,82.3,0.086
30710.26616,27107.70175,8925.810324,16.3,53.72,0.084
42273.06781,22802.44399,26874.18182,15.45,57.36,0.083
39312.15947,27983.5443,33620.08368,29.09,61.72,4.91
31174.68245,15914.05295,18810.18182,20.76,54.17,0.079
28089.11392,18244.3769,18303.61446,12.99,69.45,0.082
34723.8512,19643.15353,15453.37386,21.72,66.89,4.914
40537.35849,28571.9113,31177.42947,25.73,86.6,4.913
46806.37168,27407.90021,19668.72319,27.51,35.55,4.926
37099.74684,20939.81763,18558.07229,14.09,63.47,0.085
33022.78481,21902.73556,16724.81928,15.38,66.11,4.708
38738.9451,15481.4664,18001.45455,17.37,87.0,0.077
46622.19269,29456.96203,40121.17155,25.89,85.6,4.914
29000.76046,22365.14268,10366.38655,14.67,75.2,0.085
26346.90265,14459.87526,12667.29316,21.57,84.4,4.915
43244.11379,27365.9751,18902.37082,18.41,91.6,0.076
42955.9322,25451.67173,25309.26633,10.59,80.8,0.075
35157.41445,30417.91961,15097.2389,10.67,74.3,0.079
20500.25316,11226.74772,11005.3012,11.47,67.94,4.919
44436.10619,26846.56965,19704.02451,22.99,82.5,4.916
34962.71186,20611.55015,16741.62814,17.45,55.87,0.086
20879.08745,16646.82418,9778.631453,6.241,84.1,0.083
33411.82724,22226.58228,26191.12971,21.09,70.8,4.918
35398.16193,21338.58921,15873.55623,23.88,62.65,4.923
36423.34426,23015.47988,18230.2834,20.77,67.47,4.927
30821.72185,17464.86486,21450.83077,25.15,67.18,4.925
29569.23077,23347.93388,10710.36145,15.79,51.79,4.921
28420.08511,17828.04878,12112.25806,10.02,90.6,0.083
41362.64901,25959.66736,25219.93846,21.01,86.5,0.067
37153.90728,20660.70686,22165.66154,24.47,70.1,4.917
29611.89789,18068.42661,18315.23511,24.54,89.0,4.917
30331.52542,17974.46809,18640.40201,12.98,71.1,0.077
34119.78471,20357.23014,17669.81818,18.3,74.7,0.076
23619.82301,16083.99168,12231.91011,20.3,82.8,0.33
28849.23077,24054.54545,13052.53012,20.41,43.66,0.082
33156.76596,20853.65854,15822.58065,15.32,58.38,0.075
45851.12583,26726.81913,27937.47692,20.57,47.15,0.082
49722.25914,33056.96203,45236.48536,27.39,61.62,4.909
40012.30769,33526.8595,16505.06024,18.35,61.12,4.923
31023.71681,19126.40333,10608.04903,19.99,89.1,4.91
33843.03797,18955.6231,16649.63855,8.74,76.9,0.085
24422.64801,13971.07943,11671.27273,15.04,80.3,0.073
35068.60927,22325.98753,17238.64615,22.72,52.45,0.081
27457.68053,22175.10373,9745.896657,12.74,87.4,4.913
24420.8657,15236.32524,14150.21944,21.13,58.12,4.917
51297.80731,34674.68354,47435.64854,27.74,61.55,4.907
22813.37705,13998.76161,11065.26316,17.2,80.0,0.066
40993.90728,25342.20374,25645.29231,18.42,77.3,0.072
42756.4557,26024.31611,24803.85542,16.71,51.84,0.082
28275.25424,15749.54407,14727.07538,12.23,90.8,0.088
36067.40426,21523.17073,16414.83871,15.16,68.06,0.089
25796.92308,20454.54545,11797.59036,14.17,70.8,0.08
21686.15385,16564.46281,10132.04819,13.4,69.52,0.085
44427.01987,26491.06029,26885.90769,21.26,83.6,0.067
30923.19392,25609.08254,9651.860744,17.33,65.19,0.075
32469.52275,22691.02429,24376.17555,23.95,68.5,4.909
44096.42384,27067.35967,26690.95385,19.59,54.45,0.082
32430.76923,25136.77686,17650.12048,20.92,59.84,0.072
28616.17021,18259.7561,13912.25806,12.42,84.5,0.087
29711.39241,18142.24924,16354.6988,12.4,53.26,0.08
33794.43038,20279.63526,17626.98795,16.84,75.7,4.912
33527.08861,20746.50456,16302.6506,18.73,30.65,0.086
27005.90164,13233.43653,15350.2834,17.63,81.1,0.065
32425.48673,18920.58212,18262.55363,20.85,78.1,0.286
31610.67834,18351.03734,12617.14286,21.49,72.4,4.921
38924.95156,23869.24644,24308.36364,20.6,40.34,0.084
35562.01313,22880.91286,13002.31003,21.02,75.3,4.925
34596.4557,20531.30699,17493.9759,16.02,60.98,0.084
26888.49558,13763.82536,15061.8999,22.14,49.29,4.922
29768.17021,17301.21951,13941.29032,15.51,74.5,4.917
38638.66815,27716.57867,28577.30408,34.91,25.01,4.904
35676.03875,19396.74134,18036.36364,14.93,88.2,0.07
24792.21239,13887.31809,11861.24617,20.45,66.72,4.916
36171.00999,22907.70855,18574.04389,25.69,85.2,4.926
31561.97719,25178.27554,10130.13205,16.78,67.59,0.076
32064.40678,18186.01824,17743.11558,12.8,86.1,0.074
39480.7947,22494.38669,19926.64615,26.04,58.84,0.066
35007.43982,21387.13693,13568.38906,25.09,36.28,4.92
36708.87417,23497.2973,18372.92308,24.9,51.65,0.071
32961.04918,21886.06811,15146.23482,19.93,69.89,4.922
31095.38462,27267.7686,8478.072289,18.35,66.62,0.072
36230.02188,21827.80083,13177.38602,25.5,46.29,0.079
31107.69231,23329.33884,16834.6988,20.16,76.4,0.072
25113.0897,17175.94937,20846.86192,24.21,60.82,4.908
33679.56943,20646.84318,18664.72727,16.79,83.5,0.072
37403.23404,22013.41463,22639.35484,13.48,61.88,4.923
34498.98305,20440.12158,17245.26633,14.93,63.87,0.076
29822.86349,21383.31573,20807.02194,22.32,47.49,4.908
37238.62375,23291.65787,20656.55172,26.59,67.72,4.922
44769.19037,28684.23237,18423.82979,24.51,51.99,4.923
38300.17699,25446.98545,11537.65066,23.69,60.29,4.925
35273.0038,30462.10494,14860.98439,13.46,58.38,0.077
35704.94297,28429.57963,15195.19808,15.36,74.8,0.081
32342.65487,18273.18087,15426.68029,24.63,37.81,4.978
46526.51163,28974.68354,35656.56904,32.07,34.38,4.918
43437.26236,31117.52071,16266.98679,12.73,47.6,0.082
35759.69582,30657.25683,15321.96879,11.69,65.12,0.083
22210.76412,12816.4557,15430.29289,20.63,82.0,4.914
31249.08504,16174.33809,18472.72727,14.32,89.4,0.069
20220.75949,12273.55623,10704.57831,13.02,67.81,0.087
43040.70796,21629.93763,24634.44331,20.44,58.49,4.926
30009.04198,13938.08554,19392.0,15.62,85.5,0.07
36793.91635,31934.94937,14157.98319,12.49,63.58,0.081
32463.79747,21238.90578,15157.59036,13.23,48.45,4.915
26984.61538,21960.7438,11467.95181,11.91,83.3,0.074
22221.53846,17468.18182,10288.19277,16.67,85.9,0.071
30730.65483,18452.37592,15119.24765,25.15,57.45,4.92
44292.19672,25029.10217,25570.20243,20.14,59.54,0.073
38910.6383,19873.17073,20281.93548,22.26,55.32,4.92
33995.78041,19055.80448,18327.27273,20.59,56.39,0.085
29855.36424,15219.54262,16187.07692,24.16,45.01,0.077
22098.46154,17059.09091,10045.3012,7.17,84.0,4.92
26013.68821,20332.61737,7537.094838,12.39,80.9,4.919
31273.8859,16819.55193,18746.18182,18.66,65.52,0.073
29568.84026,18070.95436,13054.83283,18.62,69.79,0.108
28241.98062,15375.15275,14912.0,14.05,89.9,0.069
22637.28814,12536.17021,14229.22613,11.41,69.63,0.086
22365.56962,14804.86322,12213.9759,7.03,86.8,0.088
24221.53846,19026.44628,11288.6747,13.68,69.45,0.081
29004.6071,16057.02648,19194.18182,14.97,83.9,0.069
23883.22928,13109.5723,15453.09091,15.86,86.4,0.071
25822.42623,15540.55728,14982.99595,17.17,80.8,0.07
26920.35398,16128.89813,13073.25843,21.29,90.1,4.913
20921.673,16436.94385,9565.42617,6.121,83.9,0.086
31692.25532,20297.56098,17181.29032,17.9,50.28,0.081
32188.59316,25940.47254,9623.04922,14.49,85.8,0.086
28621.53846,20525.20661,17615.42169,15.96,81.8,4.916
35980.88496,19459.45946,15414.91318,25.65,43.05,0.278
24109.36709,14622.4924,15255.90361,10.49,69.56,0.089
22016.96448,15877.39308,16558.54545,15.84,89.7,0.068
40067.92123,25666.80498,17215.80547,20.72,83.1,0.079
35283.03797,20538.60182,16730.60241,17.05,71.6,0.072
25443.72919,16251.31996,15811.41066,24.48,86.5,4.911
35883.41357,23108.71369,13229.90881,20.68,86.4,0.073
46303.00885,27684.82328,23404.78039,23.38,74.9,0.265
30266.1597,25366.06321,9594.237695,17.81,63.08,0.076
25451.16279,16135.44304,18298.24268,25.17,82.1,4.912
31349.04943,22788.58546,9853.541417,13.49,53.3,0.082
22715.76159,13939.70894,16476.55385,21.34,72.7,4.916
50465.52719,35045.82893,38911.59875,27.16,82.1,4.909
35023.57414,28201.28874,15005.04202,15.62,73.5,0.083
28579.43107,17970.12448,10382.00608,16.37,68.13,4.92
32419.11504,19882.32848,17338.83555,22.68,84.6,0.282
22114.7234,14103.65854,11281.93548,10.18,88.9,0.097
43918.4106,23822.86902,29408.49231,21.54,80.4,4.916
43016.94915,25528.26748,25546.61307,13.58,73.9,0.073
31893.68771,21835.44304,26890.04184,27.8,53.55,4.908
32157.95745,17871.95122,17581.93548,19.14,41.39,0.086
21427.9646,11705.61331,9478.406537,18.81,69.32,0.18
38999.60133,27410.12658,30191.79916,36.49,21.18,4.934
36339.66777,24524.05063,24727.02929,26.59,70.2,4.919
24180.83961,13542.15886,16354.90909,14.95,88.2,0.072
27378.46154,20800.41322,14764.33735,20.51,65.94,0.072
37484.11379,23302.90456,13294.10334,28.76,41.88,4.935
43876.72131,26923.83901,25867.53036,23.57,60.34,4.92
46545.64784,28594.93671,35035.98326,24.7,82.7,4.926
22290.4943,16400.12274,10458.58343,14.78,67.19,0.082
21006.84411,15523.7803,9784.393758,13.66,76.2,0.083
22584.3038,13798.17629,14232.28916,3.541,80.8,0.085
29660.33898,17281.45897,18507.25628,10.88,43.11,0.087
39277.95782,25717.00106,24695.17241,25.03,67.26,4.924
32623.00885,19511.85031,15856.17978,21.42,60.19,0.271
36100.68812,24371.27772,22293.66771,25.11,48.35,4.926
32935.86885,17632.19814,18381.86235,28.37,31.93,0.08
38997.61589,24582.53638,23908.43077,20.76,86.5,0.069
32749.36709,21155.0152,15388.91566,14.54,69.24,0.084
44630.54705,27702.07469,19217.5076,21.33,66.43,0.081
38875.34984,21490.02037,25792.0,15.77,83.5,0.074
29081.28746,20117.42344,21649.65517,22.82,49.95,4.903
24131.23789,12563.34012,16704.0,12.88,85.2,0.079
39842.58342,23641.95519,26461.09091,23.42,44.6,0.083
32336.28319,19077.75468,16285.67926,26.04,47.55,0.322
30385.4384,21295.88173,21709.84326,25.72,89.5,4.91
40605.2099,21827.29124,27520.0,15.63,82.4,0.072
22740.68441,18642.52838,6816.806723,13.28,81.5,0.077
42392.58278,24511.43451,26336.49231,20.57,86.1,0.067
44006.65208,24404.56432,18604.74164,23.78,49.85,4.924
32854.03279,20842.10526,15344.45344,20.37,72.5,4.913
39168.0,19950.0,22372.25806,17.6,72.7,4.914
21739.74684,13265.6535,13937.3494,10.06,76.1,0.086
46169.30233,29100.0,35493.89121,31.69,35.85,4.915
26404.08511,16792.68293,11490.96774,7.03,88.3,0.089
27109.83051,16599.3921,11971.53769,8.65,86.6,0.082
33046.88742,21442.82744,16222.52308,23.28,69.59,0.068
34031.21311,22075.5418,16702.83401,21.36,70.9,4.922
31042.7234,18153.65854,19085.80645,16.89,86.7,0.073
31044.86692,26529.61031,9000.720288,17.95,64.42,0.084
24870.99338,13565.48857,12465.23077,19.86,85.0,0.069
28315.75221,14429.93763,16726.94586,20.03,58.15,4.924
32104.91803,20377.70898,16253.92713,22.03,69.76,0.068
30908.35443,19787.23404,14440.48193,10.16,72.6,0.08
21481.36882,16915.61829,8977.671068,16.21,67.22,0.072
21645.62738,17213.86929,9427.130852,12.44,47.4,0.078
36419.08096,23937.75934,12978.96657,23.62,66.66,0.068
40194.67681,34151.58024,15581.27251,13.57,68.48,0.084
33628.32787,20619.19505,15210.36437,25.69,53.18,0.071
32261.59696,26702.66953,14221.36855,10.78,88.0,0.084
39335.38462,33270.24793,17083.37349,20.26,40.03,0.084
39887.68212,22980.87318,23364.92308,20.48,82.0,0.066
40754.71698,28298.20486,27548.08777,29.74,59.55,4.901
32868.87417,18314.34511,14875.56923,22.64,66.79,0.071
22393.84615,17981.40496,8304.578313,16.02,86.2,0.073
36572.30769,28703.30579,20368.19277,19.52,65.81,0.076
32216.31862,19796.33401,17576.72727,21.0,43.58,0.083
34888.61141,20918.12627,17681.45455,21.51,52.95,0.084
39243.18584,24795.842,18486.1287,23.02,82.3,4.915
27996.27907,17893.67089,21117.99163,24.84,50.16,4.916
35576.83531,19924.64358,20410.18182,17.88,72.9,0.071
32492.77567,25601.71832,9490.516206,12.26,81.2,0.086
26417.85558,14676.34855,12984.80243,14.88,69.46,4.919
30616.66308,16548.26884,20421.81818,15.2,88.0,0.068
46982.78146,27819.54262,27116.30769,21.07,44.94,0.082
36599.60656,23152.94118,18720.0,21.18,68.27,4.92
22750.76923,17713.63636,8356.626506,13.65,86.6,0.078
30103.08197,17933.12693,17478.21862,26.24,41.47,0.083
30916.92308,25449.17355,10652.53012,19.6,49.11,0.083
43279.08745,31150.65971,16278.5114,12.76,48.26,0.079
42489.19149,23868.29268,26082.58065,15.46,62.62,0.083
31901.53846,26460.7438,17551.80723,21.46,66.04,0.072
35814.0919,22410.37344,11414.95441,22.25,78.0,0.125
33052.59574,20220.73171,15514.83871,15.34,60.85,0.074
24267.64263,16463.95112,11351.27273,12.74,79.5,0.079
31521.89451,16258.6558,18676.36364,15.53,82.4,0.072
23848.85106,15043.90244,11049.67742,10.92,81.1,0.077
31362.71186,19386.01824,15085.98995,11.26,65.43,0.085
26257.69912,14459.87526,12967.35444,20.93,70.7,4.92
25663.72881,16187.23404,11543.15578,13.82,65.3,4.912
21561.76991,10770.06237,9960.858018,14.33,75.0,4.913
34846.72566,19702.7027,14502.96221,24.63,62.99,4.93
41602.12625,27281.01266,32246.35983,24.31,83.7,4.922
38567.48936,22576.82927,24828.3871,17.16,53.77,0.085
46143.71681,25948.44075,21592.64556,24.75,42.31,4.925
22873.84615,17821.4876,9542.168675,5.481,85.4,4.916
37099.69365,22272.19917,14286.20061,25.75,45.55,0.084
26780.17699,15369.23077,12473.13585,20.69,59.35,4.917
22092.30769,16899.17355,10074.21687,13.32,70.5,0.081
40143.79747,24477.81155,25012.04819,12.97,75.9,0.076
31764.98361,19088.54489,18609.23077,18.47,88.4,0.069
33747.69231,25947.52066,10710.36145,20.01,42.39,0.087
44579.60265,23938.87734,26401.47692,22.59,63.58,0.078
28946.44068,17890.57751,18125.18593,7.76,89.8,0.075
42882.71186,25316.71733,26727.55779,12.62,86.7,0.07
34847.04319,23027.8481,25251.21339,31.66,32.19,4.927
38436.5019,33404.11169,15587.03481,14.18,81.9,0.083
27659.46903,16705.19751,14344.10623,19.96,88.3,0.353
35384.62863,16856.21181,23621.81818,15.9,81.0,0.072
36589.23414,21719.50207,16614.71125,22.95,56.79,4.923
31269.96198,25583.30776,9363.745498,16.65,56.84,0.089
39166.53992,33205.27769,16462.90516,13.39,58.44,0.078
23123.95437,18451.05861,9306.122449,14.28,74.0,0.076
23979.75583,13457.23337,12717.74295,22.82,88.1,4.917
44732.85246,26760.37152,25710.12146,20.6,64.35,4.917
20730.89701,16158.22785,17032.97071,24.04,81.7,4.914
34978.46154,27847.93388,16134.93976,16.68,82.7,0.073
22229.65779,17243.32617,9225.45018,12.11,82.2,0.085
34063.00885,19246.15385,14514.72932,23.06,57.73,4.933
29623.72881,18900.91185,18333.58794,14.1,64.02,0.086
29093.42193,19803.79747,24552.30126,27.31,43.31,0.078
31998.6383,19518.29268,16298.70968,17.43,42.93,0.086
34925.51422,23392.53112,12453.7386,21.54,64.27,4.923
39572.03108,25815.83949,25808.65204,27.46,56.43,4.923
27186.69584,15546.47303,12179.45289,21.58,56.95,4.92
31935.18987,19411.55015,16794.21687,18.04,62.38,0.087
43114.57627,25754.40729,25697.12563,13.12,75.9,0.074
42562.7234,25884.14634,25409.03226,11.72,79.2,0.089
37367.60656,24037.1517,16253.92713,20.51,60.96,0.07
38677.78723,21929.26829,23318.70968,17.16,86.9,0.067
38836.92308,33013.63636,16695.90361,12.72,78.9,0.073
27534.68852,16302.16718,16731.98381,16.74,63.54,0.082
30745.18033,20106.50155,17431.57895,33.63,13.81,4.567
46819.93355,31021.51899,40338.07531,26.65,75.2,4.911
28366.77966,18496.04863,13679.27638,15.64,57.74,0.084
34906.60832,22354.35685,13364.13374,23.36,63.83,0.083
37694.86726,25113.92931,15320.7763,21.35,87.2,0.3
38817.66926,28921.64731,26404.51411,30.15,46.12,4.905
25484.41065,20049.09481,7393.037215,10.82,87.3,0.079
43905.82057,25991.70124,19089.11854,25.03,59.69,4.921
38695.38462,30216.94215,16458.79518,17.45,64.05,4.923
44426.44068,26458.35866,25511.8794,14.33,67.71,0.085
25024.06889,13864.76578,15988.36364,12.04,78.8,0.082
33187.67213,17806.81115,17728.90688,23.96,43.47,0.078
25416.63717,14852.80665,11208.1716,20.25,84.9,0.246
44455.86885,26507.73994,25628.50202,18.33,76.9,0.069
32775.9292,19103.9501,14920.69459,21.23,79.2,4.919
31389.1232,20938.54277,22997.86834,24.34,81.6,4.921
46880.35011,29121.16183,19480.12158,20.36,88.9,0.069
38459.66704,27043.717,30003.76176,25.57,87.9,4.909
24329.64478,11984.11405,11525.81818,15.97,84.4,0.074
28710.79646,16476.92308,13137.97753,18.72,85.9,4.919
35428.03014,21200.40733,18565.81818,21.02,57.66,0.081
31002.28137,25281.37465,9381.032413,16.69,58.28,0.076
47799.68923,32806.75818,36811.03448,23.27,60.19,4.908
28178.46154,23180.57851,14833.73494,15.52,88.6,0.072
30258.46154,24318.59504,17534.45783,19.62,68.61,0.069
39469.23414,24624.89627,16731.42857,25.06,48.85,0.082
22460.85246,12531.26935,11327.61134,21.43,69.56,0.079
43860.19934,30186.07595,39645.18828,28.91,37.62,4.92
28189.37705,18490.40248,12767.61134,16.57,84.2,4.917
39996.61017,24824.31611,23908.34171,14.57,64.56,0.078
29624.61538,24314.87603,13682.89157,16.98,79.6,0.08
47818.86792,32544.45618,37268.46395,32.94,14.5,4.904
30306.17068,24426.97095,13580.06079,19.22,87.8,0.072
27727.36276,14887.57637,18164.36364,14.96,87.1,0.072
30923.76368,20035.26971,13971.06383,20.14,79.2,4.918
35921.22538,25237.3444,13591.73252,27.74,45.82,4.924
27793.27434,16911.01871,13120.32686,21.53,71.7,0.274
31625.08475,19871.12462,15537.52764,14.29,65.07,0.083
40057.89123,27530.30623,26037.36677,29.21,43.08,0.072
27429.75242,16493.27902,14103.27273,15.56,86.0,0.072
26012.30769,20030.57851,12300.72289,19.18,74.5,0.069
32795.44858,22100.41494,11228.20669,26.11,45.12,4.924
19451.80328,11717.64706,13099.91903,15.59,76.7,0.078
29372.18543,17741.78794,22195.2,27.1,56.2,4.921
33575.6654,27682.11108,13939.01561,14.38,78.5,0.083
22713.84615,16780.16529,10426.98795,18.95,78.0,0.07
25585.99562,16267.21992,11875.98784,17.82,84.3,4.913
29501.69492,15289.9696,11508.42211,14.06,64.57,0.083
22191.86441,13283.89058,13754.53266,15.28,67.16,0.08
32052.20339,19535.56231,15659.09548,12.22,62.16,0.088
26397.87611,14879.00208,11890.66394,18.63,87.8,4.919
21156.4557,12390.27356,10039.51807,10.4,74.1,0.082
35869.66887,22569.23077,20210.21538,24.06,61.85,0.057
25028.13688,20568.27248,11057.86315,9.27,80.6,0.082
22588.47458,13236.47416,14304.48241,10.36,73.8,0.087
43511.52318,24241.99584,26377.84615,20.72,78.7,0.075
42134.96718,24778.0083,17986.13982,18.98,82.4,0.074
31616.98031,20711.20332,9471.610942,19.07,93.2,0.069
37788.41287,23945.51214,22708.96552,26.76,69.66,4.932
42450.49834,33930.37975,29113.30544,30.47,44.16,4.908
30538.86792,21485.95565,23918.74608,24.65,90.1,4.915
23586.83544,13955.0152,14804.81928,16.83,72.2,4.911
31114.17219,17708.10811,21108.18462,25.21,67.55,4.926
33332.56382,20786.48363,20391.72414,24.35,89.0,4.916
42434.27341,21720.9776,28462.54545,17.56,73.7,0.079
41375.36424,25229.93763,25964.30769,20.33,60.31,4.917
28615.01661,19215.18987,23919.66527,27.42,44.85,0.074
34980.98859,29044.49218,15206.72269,11.51,87.6,0.081
41608.10127,26874.16413,25538.31325,13.43,69.86,0.076
37928.13559,22872.94833,18055.71859,15.74,66.24,0.085
32721.83607,20247.67802,14778.94737,26.34,49.77,0.081
23269.40797,13652.13849,10984.72727,15.7,83.6,0.085
40817.31148,24553.56037,24497.48988,18.29,82.5,4.922
24280.04306,14553.97149,15435.63636,14.5,64.43,0.081
33934.97872,21010.97561,16287.09677,16.41,57.03,0.081
37511.30248,20613.84929,24820.36364,16.1,86.4,0.072
37455.98224,25104.96304,27373.54232,29.65,67.06,4.908
43102.37288,26104.55927,25506.09045,14.15,75.2,0.081
28739.1635,21845.96502,9110.204082,18.62,60.81,0.084
30892.77567,24949.98466,9536.614646,17.63,60.78,0.087
28455.54817,19891.13924,22750.79498,19.71,62.63,4.909
32503.72881,19944.07295,19699.77889,13.55,66.05,0.082
43461.26582,26607.90274,25486.26506,15.12,82.9,0.077
26445.62738,21488.80025,11461.22449,18.88,58.11,0.078
18500.38023,13598.03621,6569.027611,5.936,88.0,0.082
34854.12766,20418.29268,18191.6129,20.57,49.77,4.92
35477.46835,21253.49544,20651.56627,16.16,57.18,4.915
34676.80608,29449.52439,14492.19688,13.66,87.1,0.075
44560.67797,26735.56231,25755.01508,14.13,76.3,0.08
42748.47458,25086.93009,26577.04523,13.68,69.01,0.074
22146.83544,13699.69605,13856.38554,10.5,58.7,0.084
32058.11816,19060.58091,14659.69605,20.76,82.3,0.077
39563.57374,21365.37678,25972.36364,16.71,71.4,0.083
25861.59696,21514.57502,11709.0036,7.9,78.4,0.083
18414.6394,10264.76578,10560.0,13.2,83.1,0.08
22731.2035,17749.79253,11239.87842,17.88,69.11,0.086
33417.72152,20735.56231,15938.31325,11.88,73.8,0.088
37024.07002,22556.0166,13031.48936,28.33,29.35,4.921
42522.71186,25342.24924,25673.96985,11.94,77.1,4.913
40346.76806,34519.79135,15517.88715,13.54,69.11,0.085
27927.07965,16503.1185,13820.46987,20.73,73.6,4.917
40381.53846,33586.36364,19367.71084,19.77,77.3,0.073
25381.77049,15339.93808,15356.11336,15.97,66.01,0.082
24012.1673,18270.63516,7346.938776,11.77,80.4,0.083
23556.67774,15645.56962,16653.38912,24.04,85.9,4.915
29233.75415,19921.51899,27022.59414,27.25,40.25,4.905
37328.12431,21983.94931,17424.45141,28.44,69.56,4.925
31181.77215,20421.8845,20038.55422,12.57,74.9,0.089
21791.63498,16724.14851,9369.507803,8.07,87.9,0.082
45670.37199,25689.21162,19328.38906,24.15,49.42,4.923
34732.0354,23684.40748,11873.01328,23.71,66.79,0.272
21390.11407,15961.95152,9000.720288,15.73,74.5,0.073
37078.03279,22172.13622,22439.51417,19.39,87.9,4.916
23775.18987,14826.74772,15047.71084,9.9,76.1,0.083
44731.91489,23315.85366,27673.54839,22.08,57.6,0.086
36158.95082,23977.70898,17938.78543,22.17,65.93,4.918
44455.5436,26996.33401,26082.90909,18.25,61.29,0.089
28942.60495,16995.51935,17768.72727,14.85,89.3,0.067
29921.75055,24602.48963,10685.47112,21.43,58.61,4.92
31484.69322,18956.82281,17815.27273,19.01,69.83,0.074
32226.59267,19820.90813,15642.88401,24.55,92.4,4.916
19005.56962,13396.96049,14076.14458,17.09,50.23,0.081
45315.39823,25671.51767,19798.16139,26.63,36.18,4.92
39559.24528,26640.7603,28824.07524,28.29,48.18,0.068
38293.45172,23265.04752,18074.48276,24.53,92.6,4.924
32675.28517,26978.82786,10210.80432,13.95,68.98,0.081
25044.02626,15916.18257,11549.17933,17.32,85.7,4.916
44783.21311,26407.43034,25803.40081,23.59,42.43,0.083
33412.96017,20111.60896,17937.45455,15.72,86.9,0.07
29045.10638,17410.97561,17430.96774,11.37,80.0,0.083
26313.44262,16591.95046,11572.46964,13.72,83.4,0.084
34840.35398,21296.8815,15903.24821,25.74,64.82,0.267
35891.68142,23265.28067,14020.51073,21.93,91.5,4.919
28886.15385,23734.71074,13087.22892,9.43,75.1,4.922
42782.19269,30440.50633,32740.41841,36.96,19.61,4.908
23138.04255,12497.56098,14469.67742,12.54,71.3,4.918
42544.72808,28891.23548,26976.30094,29.18,42.38,0.072
23184.79087,18281.6815,9893.877551,7.14,89.5,0.082
33791.18644,20524.01216,15688.0402,17.42,51.03,0.086
34048.56826,19368.53221,16991.09718,28.6,45.82,4.924
39694.97872,23323.17073,23481.29032,13.41,52.04,0.087
39809.701,28500.0,30137.57322,33.1,33.31,4.911
38247.41722,21772.14137,22821.41538,20.06,86.6,0.068
37538.04255,19803.65854,24503.22581,11.55,85.8,0.068
44242.92359,29240.50633,41109.2887,28.16,31.11,4.908
21698.46154,16609.09091,10166.74699,12.91,68.22,0.087
32513.3617,21113.41463,16200.0,13.01,56.59,0.082
35465.78073,23878.48101,24642.67782,26.34,71.0,4.926
44110.98779,28925.44879,36720.75235,25.92,82.4,4.921
23027.28477,16798.7526,16151.63077,21.98,78.6,4.915
26503.29114,17263.22188,12451.08434,10.1,74.3,0.081
44561.22538,27168.04979,18750.6383,20.42,80.5,4.915
37115.80328,23658.20433,17769.7166,17.39,81.9,4.921
35286.10169,23015.19757,17395.77889,15.9,54.69,0.079
36140.33898,27786.01824,24568.28141,15.32,63.25,0.078
30649.83389,20502.53165,24425.77406,23.85,86.2,4.914
36620.33223,24360.75949,26896.06695,29.38,55.83,4.91
29292.1519,19728.87538,19072.77108,15.33,59.16,0.076
45348.97155,28019.50207,19223.34347,20.13,89.8,0.073
29995.23179,23302.7027,16352.49231,22.76,75.5,0.07
44563.53982,25435.75884,22545.78141,23.08,77.8,0.279
37590.23307,24523.33685,26031.34796,29.26,67.99,4.906
44210.86093,27157.17256,26820.92308,19.61,53.71,0.081
34598.27243,23213.92405,31842.67782,32.09,35.45,4.909
29054.20883,20679.83707,15127.27273,17.6,67.37,0.085
32039.21225,25024.48133,10259.45289,20.25,73.1,0.073
30916.92308,25605.3719,10016.38554,19.06,52.12,0.08
21011.92053,11810.39501,14172.55385,20.53,89.6,4.917
24768.0,14030.4878,12019.35484,10.16,78.4,4.92
40383.71681,23676.92308,19704.02451,21.91,60.35,0.27
34789.40797,21453.36049,18746.18182,15.85,83.1,0.076
24855.38462,19855.78512,11074.6988,14.65,55.3,0.086
26477.11475,15715.17028,16306.39676,18.25,71.5,0.079
29284.78405,20624.05063,20611.88285,23.22,52.86,4.924
21691.13924,13812.76596,13839.03614,9.17,59.77,0.082
37239.06977,24854.43038,28908.45188,28.54,57.93,4.91
32366.91466,18324.89627,11730.09119,21.37,70.0,4.917
23436.81378,16046.02851,11136.0,12.62,80.0,0.077
22084.24779,12659.87526,10307.98774,18.48,70.7,0.199
21329.27757,15660.01841,9248.4994,16.18,63.94,0.087
34541.69492,21184.19453,16573.74874,12.0,53.16,4.915
21152.85171,16735.19485,9081.392557,10.29,86.9,0.083
31399.86885,21886.06811,14977.16599,21.48,63.53,4.923
36513.6105,23724.89627,12237.81155,24.04,47.96,0.086
22948.47458,13240.12158,14263.9598,11.23,66.84,4.919
23644.32787,14726.93498,14277.57085,16.54,89.8,4.919
27032.93864,16628.92057,13300.36364,16.51,76.6,0.07
37067.79661,23204.86322,22542.15075,13.36,68.56,0.086
39329.23077,32444.6281,17973.9759,22.11,58.14,0.074
40052.98013,25016.63202,24298.33846,20.3,89.2,0.066
24109.36709,15366.56535,15348.43373,9.08,67.28,0.079
32595.93443,19660.68111,19437.08502,18.17,88.0,0.072
27400.9628,17690.04149,11304.07295,16.93,78.7,4.911
35193.84615,29205.3719,15678.07229,16.9,63.84,0.079
34182.29508,22302.16718,17309.1498,21.88,68.94,4.919
32378.55319,15921.95122,16530.96774,19.85,53.1,0.084
21541.77049,13500.92879,11863.96761,17.77,89.8,0.072
34808.00861,21343.38086,17198.54545,19.22,61.2,0.088
24108.07947,14807.90021,13475.44615,18.32,89.6,0.07
24676.85684,15089.2057,11659.63636,15.38,87.7,0.069
28199.0677,18623.44245,19290.28213,19.71,46.88,4.904
40863.05085,23412.76596,25164.54271,10.99,56.05,0.085
23166.03939,17951.45228,10988.93617,18.0,69.05,0.082
26270.44248,14968.81497,13338.01839,19.89,72.9,0.35
42856.91803,25664.39628,25517.73279,19.9,61.15,0.08
33817.18033,22837.1517,16755.30364,24.7,34.67,4.92
32309.40397,20073.18087,19666.70769,28.57,43.6,4.921
39152.69103,28424.05063,30661.75732,26.6,63.8,4.911
41346.97674,29206.32911,38199.16318,28.19,61.82,4.908
37980.39735,23029.52183,20830.52308,28.61,34.29,4.918
45025.9634,23986.55804,28782.54545,17.53,74.6,0.076
33593.64238,20802.9106,15761.72308,22.65,71.8,4.922
34061.77215,20958.05471,16620.72289,15.78,69.93,0.077
38825.85551,33168.45658,16249.69988,14.03,70.1,0.085
41668.86076,25433.43465,24907.95181,12.58,48.85,0.086
23841.8251,18664.62105,9461.704682,7.33,88.6,0.085
30872.58278,19032.84823,17805.78462,19.58,87.0,0.073
31058.46154,25233.47107,11045.78313,19.99,64.08,0.087
38651.80328,23747.36842,23553.03644,18.46,85.7,4.92
44897.48344,25723.90852,27961.10769,20.77,84.9,0.068
26996.81416,15990.43659,13061.49132,20.57,69.56,0.274
24358.93536,18999.69316,7127.971188,12.22,80.5,4.928
31898.73418,20768.38906,16227.46988,16.5,66.69,0.072
23059.11504,12195.842,9725.515832,20.34,77.7,4.917
23201.2056,14429.3279,11915.63636,11.12,79.6,0.083
24880.0,19710.7438,11352.28916,19.78,81.7,0.068
26153.17287,14478.42324,12908.93617,14.27,71.4,4.918
36209.31148,22287.3065,17320.80972,28.17,30.66,0.077
43800.51064,22536.58537,24404.51613,11.44,84.1,0.075
37166.16393,20266.25387,19571.17409,20.79,68.3,4.922
45940.13245,27404.158,27707.07692,20.98,85.3,0.068
43260.73252,34350.15839,37292.53918,28.11,73.9,4.904
24266.44068,12645.59271,15902.23116,14.43,56.04,0.083
31649.3617,17015.85366,16397.41935,15.05,50.2,4.918
30845.30973,18157.17256,16362.16547,21.87,75.7,4.918
34750.72848,22453.22245,18573.78462,23.57,66.13,0.068
36662.27848,20615.19757,18506.0241,13.62,69.08,0.081
19556.92308,12652.06612,7818.795181,9.92,86.6,4.938
30483.98671,19541.77215,24763.17992,24.18,73.4,4.91
24449.49153,15224.31611,11496.84422,9.96,53.09,0.082
45803.01639,27343.65325,26141.53846,19.3,84.2,0.07
30198.6755,17090.64449,16447.01538,22.63,70.4,0.07
25847.60656,15945.51084,15321.1336,17.72,77.3,0.067
43807.59494,26451.06383,25364.81928,12.07,81.8,0.072
28567.08197,16227.86378,14982.99595,19.42,70.8,0.071
22370.37675,16057.02648,11706.18182,15.78,92.4,0.076
33690.32823,26346.47303,10609.60486,20.15,70.5,0.082
21886.77966,12711.2462,14182.91457,8.71,75.0,0.084
20611.40684,16425.89751,9444.417767,9.56,84.6,0.088
24664.4564,13311.20163,16209.45455,15.23,87.2,0.069
18683.80328,10933.74613,10330.68826,15.48,75.7,0.08
30870.79646,17060.70686,14838.32482,23.07,44.68,4.92
36252.30769,29837.60331,16863.61446,19.15,68.88,0.076
28946.22517,17509.77131,21970.70769,27.02,56.84,4.918
36197.52212,23478.58628,14044.04494,22.3,88.4,4.916
22315.23179,12147.19335,11679.50769,20.82,79.5,0.071
39591.20977,27746.9905,26085.51724,26.8,86.1,4.909
23932.831,12845.62118,15872.0,15.02,79.3,0.081
28076.96203,17460.18237,17574.93976,16.48,56.68,0.081
33591.82979,20323.17073,17268.3871,17.8,56.39,0.083
24662.27848,15454.10334,15250.12048,10.7,68.16,0.075
43661.91604,23645.62118,28736.0,17.82,77.8,0.08
33146.35091,17728.7169,18123.63636,22.09,42.94,0.087
34920.15209,29445.84228,16053.78151,8.09,68.49,0.079
32731.13924,20633.43465,16441.44578,13.98,46.81,0.085
36356.92308,30592.56198,19009.15663,16.36,87.4,0.073
33552.78689,21005.57276,16557.08502,24.32,47.45,0.068
28416.0,17829.10217,17338.2996,17.94,85.4,4.919
36696.36761,22485.06224,12786.38298,28.08,29.58,4.921
23385.55133,18955.50782,10418.2473,8.75,79.9,0.079
38159.20089,26363.25238,29305.57994,25.84,39.02,4.909
32731.32743,19957.17256,17927.19101,21.41,86.8,0.348
21987.69231,17073.96694,11612.53012,12.56,77.0,0.082
36344.61538,29346.69421,15944.09639,15.6,75.3,0.08
23455.41442,11463.54379,15005.09091,13.55,90.2,0.07
45920.70796,27276.92308,23169.4382,23.43,82.1,0.282
42666.19312,28784.79409,29726.89655,22.5,70.7,4.911
22220.74398,17887.9668,8876.352584,12.77,86.5,4.912
40275.24972,28746.7793,27517.99373,33.68,24.97,4.905
34094.29787,21497.56098,16687.74194,24.56,46.09,0.084
28168.10127,19192.70517,11624.09639,13.28,82.8,0.073
23374.81163,16665.58045,17541.81818,15.89,89.2,0.066
37844.42553,19639.02439,16722.58065,24.34,37.78,4.923
43549.66887,25738.87734,26885.90769,19.92,71.8,4.915
23230.76923,17944.21488,12011.56627,13.68,86.2,0.083
28946.0076,24736.42222,12826.89076,12.8,74.3,0.073
32881.02128,20604.87805,17384.51613,18.03,56.56,0.079
31208.49558,18946.77755,15291.35853,21.65,65.46,0.29
35675.23404,21285.36585,22772.90323,13.7,80.8,0.086
19753.96721,11851.39319,12581.05263,16.86,68.4,0.08
48330.59603,25330.97713,28492.8,21.56,59.04,4.923
44147.28477,25686.48649,28303.75385,21.67,56.85,0.082
26209.89059,15329.87552,12243.64742,17.13,63.42,4.918
40332.30769,33995.45455,19298.31325,19.93,76.1,0.071
22527.45763,13634.04255,14316.0603,15.47,62.98,0.079
34828.47458,19856.53495,17198.95477,13.77,76.2,0.074
24937.62712,15472.34043,15410.17085,14.39,62.02,0.083
20246.15385,16066.1157,8697.831325,18.81,86.9,0.069
30834.43709,17565.90437,18467.44615,20.35,80.8,0.075
27210.59603,13206.23701,12559.75385,21.13,79.4,0.068
26565.2459,17275.5418,12406.15385,17.08,83.2,4.917
32721.70213,21153.65854,19155.48387,16.68,68.02,0.072
22541.53846,17747.10744,9576.86747,19.2,79.6,0.069
34805.10638,21014.63415,15967.74194,14.85,75.6,0.089
40479.29204,23673.18087,20668.92748,22.6,80.5,0.257
28831.96448,19398.94403,19621.31661,25.08,93.4,4.908
27059.74468,17114.63415,12367.74194,11.39,81.5,0.089
30859.86755,19897.2973,14940.55385,21.79,44.31,0.08
25309.27879,12314.05295,14423.27273,16.05,84.7,0.072
22024.61538,17765.70248,7581.686747,19.84,75.0,0.069
43749.15254,25564.74164,24718.79397,12.97,54.57,0.082
24060.59801,15956.96203,18322.3431,23.85,40.55,4.905
25527.70764,14403.79747,18695.89958,25.42,89.5,4.914
26301.31324,16093.68635,17437.09091,15.45,71.4,0.082
42798.98734,25790.88146,25249.15663,13.65,83.6,0.071
24290.04255,13719.5122,15085.16129,10.42,88.8,0.08
36069.96198,31301.62627,15431.45258,12.03,80.0,0.085
46359.7351,29050.72765,27388.06154,25.54,33.8,0.071
41157.2459,25081.11455,24427.53036,19.37,84.3,4.921
21162.53165,12638.29787,14070.36145,14.96,69.44,0.076
48095.68106,31818.98734,43314.47699,26.94,66.59,4.907
27225.76271,16570.21277,17117.90955,9.53,50.45,0.09
39446.11296,25629.11392,25920.0,28.1,64.94,4.923
22060.36598,15378.81874,15458.90909,15.8,91.5,0.067
29661.12957,19986.07595,24522.17573,27.38,27.68,4.906
38032.38512,24016.18257,13615.07599,25.98,42.39,0.082
39169.23077,32790.49587,17598.07229,19.1,66.51,0.085
26977.21519,16110.6383,16771.08434,16.29,59.45,4.922
21158.93536,15972.99785,9818.967587,12.94,63.05,0.078
23598.01938,12830.95723,15214.54545,14.33,87.1,0.07
32271.86441,21049.24012,16290.09045,16.05,59.7,0.079
36708.87417,20963.82536,23660.30769,20.12,85.9,0.067
27857.03422,23223.07456,11443.93758,17.4,55.01,0.086
36042.89362,21870.73171,16798.06452,18.13,48.13,0.076
38406.07595,23281.45897,20663.13253,16.81,49.87,0.08
28398.58407,17023.28482,14879.5097,19.51,67.42,0.16
37944.3038,22756.231,24375.90361,13.98,53.99,0.087
31286.55738,20255.10836,18002.91498,21.18,58.88,0.072
32194.7234,23721.95122,17105.80645,14.93,74.8,0.072
31453.1291,17772.19917,12261.15502,17.72,65.8,4.914
32768.13778,18461.91446,23092.36364,14.98,87.0,0.083
26871.59737,17716.18257,10656.29179,17.29,89.7,4.937
23076.61017,13243.769,14015.03518,11.77,69.81,0.084
37726.77966,23449.24012,26160.24121,13.03,65.19,0.086
22170.32823,12036.09959,7446.56535,16.57,89.7,4.915
43704.3038,26928.87538,25613.49398,14.75,62.99,0.085
42250.61947,24765.90437,21233.74872,22.94,79.8,0.257
32356.72131,22157.27554,15682.59109,25.05,31.33,4.921
32105.31646,17288.7538,16828.91566,17.54,50.01,4.917
41425.97114,28754.38226,27951.34796,26.25,89.4,4.908
39469.74473,25017.52904,22769.15361,27.1,65.59,4.92
45697.69912,25944.69854,22045.67926,24.07,63.59,0.263
33123.15098,20289.21162,14811.42857,18.74,60.39,4.923
23507.22433,19095.42805,7571.668667,6.094,87.8,0.086
22917.9661,11533.1307,13395.61809,12.91,73.2,0.085
34370.84746,21122.18845,16996.34171,13.29,40.1,4.922
45189.93377,27089.81289,27393.96923,21.0,85.7,0.068
21541.77049,13240.86687,9992.550607,19.12,91.4,4.92
28990.72848,16106.44491,15767.63077,22.12,72.7,0.068
26905.18033,16030.95975,16236.43725,16.26,65.61,0.081
26840.08753,16577.17842,9401.580547,15.8,69.1,4.921
23750.88608,15129.48328,15163.37349,9.65,58.43,0.083
22322.36066,13467.49226,10324.8583,18.35,89.5,4.918
25478.86214,14653.94191,11327.41641,16.85,90.3,4.913
41994.93896,29932.84055,25658.18182,29.68,48.86,4.907
24343.31126,14991.26819,18520.61538,20.84,89.0,4.918
37967.41398,24006.3358,24346.0815,25.37,75.7,4.927
38308.74525,32807.6097,16555.10204,14.16,81.6,0.074
28385.84071,16675.25988,13449.80592,21.07,88.7,4.911
33956.02649,21899.3763,22390.15385,28.0,49.17,4.927
37497.21854,22625.36383,20718.27692,27.33,30.09,4.924
34050.26549,20634.51143,12985.00511,24.57,55.85,4.918
38649.42966,33466.70758,16704.92197,12.43,68.46,0.08
33593.92405,21913.67781,16985.06024,15.34,60.2,0.085
35246.29787,18270.73171,20322.58065,13.91,81.6,0.08
26257.69912,15638.66944,14479.42799,20.95,58.69,4.922
31264.07002,18948.54772,13766.80851,18.04,88.1,4.919
26632.12254,17932.78008,11525.83587,20.09,69.72,4.922
27439.65957,16620.73171,16507.74194,12.85,78.5,0.078
23150.29787,13503.65854,14289.67742,9.83,82.5,0.074
31998.58407,17577.13098,16450.41879,26.3,43.78,4.936
25569.23077,20971.4876,11745.54217,17.36,53.92,0.075
19415.59322,10125.22796,9870.150754,10.74,92.5,0.081
38395.73807,23565.36431,17942.06897,25.8,87.8,4.922
40936.88213,34556.61246,16290.03601,13.46,63.89,0.074
43180.92715,26131.80873,26407.38462,21.7,78.2,0.066
33788.35443,20534.95441,19489.15663,18.01,62.15,0.089
24869.96198,20229.51826,6909.003601,10.83,72.9,0.08
42481.5894,25390.85239,26862.27692,21.01,81.7,0.065
23249.23077,17371.4876,10698.79518,18.97,77.7,0.071
24644.74576,16836.47416,11699.45729,13.87,58.53,0.082
31793.15589,25958.88309,9623.04922,13.5,45.06,0.077
34063.98278,20181.26273,18333.09091,22.12,48.92,0.089
24138.30508,15268.08511,11803.65829,8.52,89.0,0.082
30488.49558,17367.56757,13685.14811,21.65,67.32,0.284
22320.0,18130.16529,7315.662651,10.08,68.16,0.082
22990.11407,18800.85916,6759.183673,10.92,71.8,0.085
29532.74336,19339.70894,11455.2809,21.45,88.3,4.912
20299.86755,11103.1185,13428.18462,19.85,90.3,4.915
25521.3289,17434.17722,19310.46025,26.44,44.42,0.075
46861.4442,28721.57676,19976.17021,21.29,62.36,0.09
37498.90205,19994.29735,25925.81818,14.47,89.7,0.071
29031.86441,15479.63526,13621.38693,15.5,57.51,0.076
25837.35099,18467.77547,13493.16923,19.58,54.25,0.08
22754.7901,12874.94908,12084.36364,10.52,80.7,0.086
26195.90958,16189.00204,13207.27273,13.21,89.4,4.922
34657.21519,21530.69909,17690.60241,13.04,58.2,0.086
33593.92405,21665.6535,17158.55422,16.7,59.2,0.082
32819.74468,21160.97561,15352.25806,15.39,74.3,0.081
33766.37244,18201.62933,22743.27273,14.86,87.8,0.071
25354.17219,16424.53222,14905.10769,15.9,78.2,0.074
36237.60797,20118.98734,28390.29289,29.32,54.6,4.908
42284.65116,27945.56962,28076.98745,33.53,33.52,4.908
21818.7541,14009.90712,10855.38462,16.45,89.5,4.92
44262.0598,29145.56962,36241.00418,28.19,29.88,4.915
27237.54575,12306.72098,14504.72727,14.4,90.0,0.069
29016.15894,21319.33472,18780.55385,22.09,74.8,0.069
34425.19149,21230.4878,15932.90323,16.06,77.8,0.093
25878.53821,17548.10127,16376.23431,23.71,87.3,4.911
22070.55738,13415.47988,10826.23482,19.07,69.82,0.075
29107.69231,21451.23967,18870.36145,19.34,71.7,4.917
38868.44106,33105.86069,16272.7491,14.97,78.3,0.072
38357.38069,23496.9377,19404.6395,25.25,86.6,4.923
26353.27434,14407.48441,12802.61491,21.64,84.0,4.916
32243.74468,19913.41463,15421.93548,21.33,55.91,0.08
36209.36737,25777.82471,24273.8558,25.38,87.1,4.907
44405.5082,26804.95356,25593.52227,19.16,85.3,0.068
42149.06351,22839.10387,27549.09091,14.96,87.3,0.065
40055.38462,33017.35537,17355.18072,20.87,69.47,0.07
26499.72013,19048.47251,13707.63636,15.84,77.7,0.082
25038.98734,15337.38602,11138.31325,15.69,71.5,4.915
29000.76046,22678.12212,10412.48499,16.53,63.65,0.083
23076.61017,13225.53191,14101.86935,13.4,62.45,4.918
39009.19037,23127.38589,17367.53799,23.27,57.65,4.924
23878.48101,14936.17021,15579.75904,9.11,79.2,0.093
30782.95082,17401.85759,17326.63968,25.57,32.72,4.917
39937.27575,25602.53165,31631.79916,33.46,33.05,4.913
36114.69027,22434.51143,12755.54648,22.48,75.8,4.917
28189.66887,16061.53846,16145.72308,22.67,70.2,0.068
21776.20253,13626.74772,14625.54217,4.769,75.6,0.082
36809.20354,21218.29522,20015.85291,20.53,76.5,0.291
22022.81369,18679.34949,7012.72509,10.86,53.5,0.076
29126.15385,21361.98347,17898.79518,21.24,63.58,0.07
24190.72142,16167.68743,16768.40125,25.05,93.0,4.909
27457.68053,16046.88797,12517.93313,16.91,63.49,4.92
34200.78775,22488.79668,12302.00608,21.41,65.74,4.921
29760.0,24032.2314,13035.18072,13.13,78.9,0.076
39944.61538,32827.68595,17187.46988,20.99,69.28,0.072
42516.61017,24572.64438,25575.55779,13.78,47.5,0.085
29283.17881,15058.62786,17197.29231,23.68,67.44,4.919
21770.84746,13097.87234,13933.98995,7.85,88.3,0.082
22903.59526,10785.33605,15133.09091,15.17,86.5,0.073
39086.15716,23011.4053,23982.54545,17.37,50.38,0.084
35904.42478,22453.22245,13261.53218,32.23,26.98,4.923
36276.55629,21895.6341,19678.52308,21.85,77.4,0.068
49556.41196,31875.94937,42615.56485,30.05,31.11,4.918
36511.47541,23747.36842,17658.94737,20.61,66.03,0.072
44096.94915,26841.33739,24846.15075,15.1,61.23,0.082
35757.37418,22746.47303,12576.29179,27.3,41.55,4.921
34401.35593,21698.48024,16585.32663,13.32,77.6,4.922
33650.84746,22340.42553,17534.71357,15.47,77.4,0.082
23448.2392,15421.51899,18099.41423,25.96,47.88,0.077
26996.81416,18224.53222,9296.016343,20.73,79.7,0.31
29925.47529,23421.90856,9150.540216,14.38,75.9,0.082
22802.0339,12485.10638,13905.04523,11.06,70.1,0.089
43101.95745,24354.87805,26309.03226,17.35,66.82,4.924
20129.62025,13615.80547,13596.14458,11.17,77.8,0.076
23653.67089,15264.43769,15238.55422,8.39,86.7,0.085
23875.9322,14593.31307,14483.9397,12.2,79.5,4.92
33741.57158,19902.64766,16727.27273,17.98,57.87,0.087
31402.71335,26241.90871,11420.79027,17.33,74.7,0.084
46914.69027,28223.70062,20298.26353,23.18,82.3,4.92
39126.15385,33300.0,17135.42169,17.77,64.25,4.922
43789.36709,25980.54711,25023.61446,15.29,77.9,0.065
21049.42966,16775.69807,9651.860744,6.793,80.7,0.083
44777.95479,24719.7556,28288.0,16.8,65.1,0.08
34584.3038,19086.93009,18344.09639,13.78,47.35,0.085
23738.55319,13532.92683,11130.96774,10.31,84.6,0.085
32326.77966,20520.36474,20226.57286,9.3,86.3,0.086
23645.98007,15216.4557,16147.28033,24.27,82.8,4.916
34317.06992,20102.21753,16329.02821,29.04,43.88,4.92
37225.83796,30354.80465,32627.96238,27.48,76.4,4.909
36880.62153,22748.04646,21547.33542,27.06,64.32,4.926
26620.0222,17361.35164,17821.69279,23.52,83.0,4.917
46596.76149,28265.9751,19427.59878,23.69,53.62,0.092
35087.0183,21163.74745,18763.63636,20.84,57.39,0.085
36382.86329,22256.21181,19211.63636,25.6,36.64,0.071
48637.15871,34137.27561,40259.81191,25.5,55.95,4.906
39760.0,33329.75207,20252.53012,20.37,76.2,0.067
23491.52542,13316.71733,14837.06533,11.88,80.8,0.083
30746.44068,17686.32219,15919.59799,16.1,41.69,0.086
30753.06781,18179.6334,15034.18182,13.48,72.3,0.086
29418.0531,16446.98545,12073.05414,22.09,78.1,4.917
31434.22053,25196.6861,9974.54982,16.05,62.15,0.085
34972.30769,29566.1157,16574.45783,16.64,84.3,0.07
21745.82278,14680.85106,15105.54217,8.04,80.4,0.087
36949.78723,19302.43902,22883.22581,23.94,48.92,0.082
22813.68821,18325.86683,6857.142857,12.21,79.7,4.923
37089.55752,23759.25156,14202.90092,24.1,53.65,0.278
47296.28009,27866.39004,19450.94225,24.89,61.32,4.925
33873.70213,20762.19512,17773.54839,14.79,62.58,0.077
30290.97345,20335.13514,11590.60266,19.86,84.6,4.915
25257.34513,14313.92931,12714.36159,22.56,46.09,4.933
37113.84615,30797.10744,17071.80723,19.24,70.9,0.07
32905.53191,17590.2439,18348.3871,24.28,50.0,0.084
26652.74336,15298.1289,12390.76609,21.58,52.68,4.918
21678.98734,13980.54711,14116.62651,8.47,86.9,0.089
33653.5082,21614.86068,15635.95142,19.62,78.1,4.919
44081.01266,27698.48024,26914.6988,11.85,67.08,0.085
29846.11296,22784.81013,21907.28033,24.43,78.2,4.913
24218.46827,18373.44398,10854.71125,14.58,84.5,4.915
32870.88608,19907.59878,15718.55422,14.27,56.96,4.917
32451.9268,20016.29328,17629.09091,21.22,41.81,0.085
29739.75583,21204.64625,21625.57994,27.22,36.05,4.905
29813.5082,20760.37152,14160.97166,20.49,67.9,4.918
28269.38957,17920.16895,18273.10345,20.38,78.9,4.91
48051.0299,31291.13924,39711.46444,26.89,62.99,4.91
35302.81967,21351.08359,19757.73279,20.38,71.7,4.922
31587.303,21421.33052,22245.51724,21.39,74.4,4.911
29366.15385,21209.50413,17939.27711,20.92,63.51,0.073
41396.81416,25327.23493,23322.41062,23.27,66.42,0.314
31415.96958,24346.11844,8689.555822,9.68,94.1,0.086
42583.07858,22817.10794,27828.36364,16.09,86.3,0.072
39150.19868,22834.92723,23949.78462,20.24,88.4,0.067
28107.34177,18838.90578,13642.40964,8.8,85.0,0.084
43842.11921,25480.66528,28705.47692,21.77,80.0,0.065
33640.91803,21499.6904,17793.03644,26.54,47.4,4.914
40991.25416,26686.37804,27403.63636,27.82,66.92,4.925
29672.92035,15410.39501,18097.8141,19.93,59.15,4.924
26802.27571,17309.12863,12453.7386,19.28,82.0,4.918
27761.31148,17866.25387,16522.10526,17.11,84.5,4.921
25646.0177,14617.04782,12637.87538,20.26,71.3,0.348
30366.25971,18501.79514,17809.65517,24.47,91.7,4.915
27996.27907,19674.68354,20419.0795,27.51,40.65,0.075
35704.37086,20252.80665,23311.75385,24.65,67.41,4.919
23126.15385,18048.34711,10386.50602,16.96,56.14,0.087
36059.00332,23878.48101,25215.06276,26.84,71.1,4.921
32170.61947,20802.9106,15403.14607,24.61,75.1,0.298
42060.25532,23480.4878,25083.87097,12.55,71.7,0.082
38332.30769,32392.56198,20032.77108,17.05,85.3,0.068
22693.67089,13269.30091,13943.13253,9.79,83.0,0.084
30260.7309,19648.10127,24980.08368,22.5,52.66,4.919
40351.50985,24281.3278,18511.36778,23.3,43.82,4.926
25897.96721,16331.88854,15793.36032,17.79,84.6,4.917
30641.46394,15844.39919,18053.81818,21.17,51.72,0.087
39277.35099,23751.76715,24794.58462,19.18,87.8,0.069
35385.55799,23780.91286,16731.42857,22.12,67.42,4.917
24626.44068,14655.31915,13650.33166,8.63,88.9,0.086
24135.38462,16575.61983,11508.43373,11.83,83.5,0.076
31856.94915,19962.31003,14958.63317,15.18,56.21,0.079
35705.70492,20764.08669,20900.40486,18.98,89.4,4.92
31230.76923,25668.59504,17465.06024,20.44,58.71,0.072
34497.99785,20148.26884,18955.63636,15.44,85.8,0.065
24155.23404,11820.73171,14667.09677,14.91,78.5,4.913
24240.0,18974.38017,9085.301205,13.87,85.6,0.083
32108.53392,21570.12448,12570.45593,21.42,68.83,0.08
23701.78723,13701.21951,14173.54839,10.7,87.7,0.079
29625.55799,23960.16598,13288.26748,17.39,57.81,0.078
28915.58935,23053.69745,8689.555822,15.59,67.29,0.073
27070.13994,14616.29328,18711.27273,16.4,83.2,0.07
44168.17021,22189.02439,25031.6129,15.13,76.1,0.078
24431.93916,19518.87082,7698.439376,6.205,88.0,0.083
31269.96198,25542.80454,11011.76471,14.25,66.68,0.086
34191.25828,21850.72765,16098.46154,25.59,57.34,0.073
33086.51163,22629.11392,30348.45188,24.43,60.19,4.905
34686.03939,21995.85062,12908.93617,22.64,70.3,0.088
33323.89381,21899.3763,15585.53626,22.93,71.6,4.917
38485.23862,27526.50475,26187.83699,34.81,22.14,4.908
25920.0,19937.60331,11086.26506,18.88,81.3,0.068
19357.07212,10059.47047,10688.0,13.31,88.1,0.079
36283.65985,20390.22403,23453.09091,15.7,67.33,0.079
20025.19149,11114.63415,10776.77419,11.8,71.7,0.082
33961.06195,19126.40333,14550.03064,23.29,57.33,4.931
24645.66372,14456.13306,12761.43003,20.54,73.9,4.917
21063.34426,13482.35294,10989.47368,18.11,79.3,0.078
22500.76596,13869.5122,13807.74194,11.4,85.2,0.075
25550.44248,15930.56133,9749.050051,19.23,66.86,0.296
31243.07692,24314.87603,15180.72289,13.18,87.8,4.918
28774.51327,20293.97089,8336.996936,19.95,81.5,4.913
23040.0,12267.07317,13912.25806,12.25,85.3,0.081
41900.33898,24817.02128,25095.07538,8.92,56.03,0.086
36567.36959,22839.28194,17833.73041,27.33,77.1,4.925
42660.99668,27660.75949,35795.14644,24.8,85.6,4.914
29526.15385,22578.09917,8298.795181,16.28,67.72,4.923
44972.06557,25448.91641,26036.59919,19.72,84.5,0.068
22631.18644,12948.32827,13806.63317,10.69,72.7,0.084
24273.37748,15795.842,12258.46154,20.26,85.9,0.068
32892.30769,27066.94215,17025.54217,20.18,66.24,0.072
22637.11475,14095.35604,13257.32794,14.54,90.2,0.072
43712.54237,26210.33435,25326.63317,15.66,58.01,0.083
30398.2242,18205.27983,18032.3511,25.66,92.7,4.908
32174.23729,20958.05471,16232.20101,16.21,59.33,0.08
22460.85246,12754.17957,10598.8664,16.7,91.1,0.072
49621.66482,35809.92608,39934.79624,30.77,61.22,4.903
26631.22924,17255.6962,17310.12552,20.81,50.76,4.91
25307.98479,19677.2016,7110.684274,7.8,93.9,0.08
31513.18033,20303.40557,14726.47773,18.08,77.7,4.921
31272.91139,21570.82067,15701.20482,15.32,66.84,0.083
39410.84746,23234.04255,18067.29648,16.45,60.17,0.082
30926.67384,18586.55804,15412.36364,15.04,80.9,0.086
37864.63878,32376.8027,16145.97839,14.8,53.58,0.079
24375.82979,11926.82927,14701.93548,14.8,76.9,4.91
21932.30769,17397.52066,9449.638554,12.09,77.4,0.073
25356.59016,16016.09907,15408.583,18.08,87.2,4.916
42542.16393,25047.67802,25832.55061,21.51,53.11,0.077
47099.46903,31340.95634,18721.47089,21.72,53.48,0.295
23168.13559,13564.74164,14611.29648,8.33,89.7,0.079
39661.53846,33273.96694,17204.81928,11.96,64.2,4.921
40371.0299,27000.0,27739.58159,33.82,31.14,4.907
23917.35099,14886.48649,14267.07692,20.14,88.0,0.067
34528.10631,22473.41772,27215.39749,29.82,41.63,4.919
43376.45514,25480.08299,18558.05471,20.86,78.3,4.921
33876.61017,20337.99392,18680.92462,13.98,70.9,0.073
30904.98339,24896.20253,21069.79079,25.68,76.4,4.919
39091.11597,24609.95851,17151.61094,22.21,71.6,0.072
33288.95587,19514.05295,18007.27273,15.76,84.2,0.074
36085.07659,22899.58506,11152.34043,21.86,82.5,4.917
26441.02109,17821.33052,17135.54859,24.45,60.49,4.901
27545.9081,16995.43568,11449.9696,16.67,81.9,0.098
21165.01901,16676.28107,9755.582233,7.34,87.3,0.082
26447.41398,17247.30729,19103.69906,23.78,77.5,4.911
31030.46809,17652.43902,16414.83871,15.78,55.37,0.085
24179.74468,14367.07317,15120.0,11.61,90.4,0.082
30110.76923,24534.29752,11832.28916,21.09,61.44,0.072
47326.09272,27632.43243,33248.49231,22.05,82.2,4.92
32809.12548,25550.16876,9790.156062,19.78,43.22,0.085
33806.29787,19496.34146,17018.70968,17.84,62.15,0.086
22114.06844,15170.29764,9530.852341,7.09,89.2,0.084
26915.71116,16905.80913,11817.62918,19.5,91.7,0.066
26392.6477,15505.39419,12862.24924,16.23,80.8,0.083
29015.38462,25713.22314,12237.10843,17.83,72.6,0.069
38159.20089,24941.49947,26362.38245,27.89,35.91,4.903
26489.70492,16658.82353,12458.62348,18.68,74.1,0.069
37922.66371,24770.43295,28186.0815,26.42,79.4,4.918
31667.69231,26988.84298,8373.975904,17.84,65.13,0.071
23199.31915,13265.85366,14591.6129,13.23,59.95,0.085
22149.15254,12207.90274,14235.01508,10.84,91.5,0.083
31396.92308,20019.42149,10930.12048,16.18,83.7,0.081
37634.98335,24679.19747,27867.08464,27.15,75.6,4.919
27595.43726,22169.99079,12636.73469,13.96,71.1,0.085
33677.72429,25846.05809,12348.69301,20.76,83.7,0.082
45990.99338,27965.48857,27949.29231,20.0,57.39,0.084
29984.81013,19626.74772,17424.57831,13.19,50.22,0.082
25797.2459,16201.85759,12149.63563,18.49,76.4,0.07
40332.75748,27827.8481,30426.77824,32.48,31.38,4.905
37784.61538,31652.47934,16285.3012,16.83,64.49,4.923
27005.90164,16079.25697,16527.93522,16.55,64.51,0.078
32385.82057,18433.19502,13440.0,21.56,65.33,4.924
34878.6383,20831.70732,20676.77419,13.47,84.3,0.079
44859.33775,23545.94595,25905.23077,22.24,64.68,0.081
41769.53642,24979.20998,23884.8,21.47,45.18,0.083
37194.89362,20154.87805,16554.19355,24.28,38.14,4.918
37243.91489,22474.39024,17663.22581,16.2,65.05,0.075
42397.69145,28742.97782,27433.73041,29.29,39.81,4.904
35708.17276,25781.01266,28384.26778,25.5,62.5,4.908
30300.39735,24410.39501,16925.53846,22.9,74.9,0.07
36381.26915,23019.08714,13247.41641,20.5,80.1,4.917
23802.91391,14617.04782,11531.81538,15.64,66.63,0.079
36933.2459,22703.40557,18259.4332,21.64,70.5,4.923
32304.18251,25697.45321,10066.7467,17.84,57.68,0.077
23973.55932,14133.7386,15155.45729,11.89,67.81,4.919
34419.82301,23553.43035,14355.87334,23.61,66.86,4.989
29855.36424,17696.8815,21888.0,26.47,58.51,4.922
34987.11864,22438.90578,17430.51256,14.64,81.4,0.08
44668.35886,24834.0249,18931.55015,24.05,49.22,4.921
19563.07692,13031.40496,9698.313253,11.52,86.0,4.915
27214.17722,17460.18237,17765.78313,13.06,67.81,0.08
39159.49367,24328.26748,23849.63855,13.4,73.4,0.085
29232.31788,16342.20374,20133.41538,24.3,68.58,4.918
33028.08511,20509.7561,15514.83871,22.21,50.48,0.071
33024.0,20574.613,16271.417,21.43,70.4,0.066
35373.77483,20054.46985,20659.2,24.27,67.55,4.924
29526.10169,18040.12158,18420.42211,12.53,61.85,0.083
21742.96578,16322.7984,9444.417767,17.71,66.45,0.081
21481.36882,17659.40473,9236.97479,16.18,68.19,0.072
36639.64989,25237.3444,13264.92401,26.72,50.18,4.924
42730.12209,29301.79514,27168.90282,31.39,33.68,0.077
31425.04918,19839.00929,19209.7166,20.06,63.69,0.072
31919.20266,22150.63291,27890.20921,27.03,45.08,0.075
34270.42623,22413.62229,17536.51822,21.97,67.77,4.917
39922.97593,23265.56017,17513.43465,25.24,52.95,4.924
22655.51331,17935.56306,8689.555822,8.15,87.6,0.079
26818.202,20254.27666,15739.18495,21.05,41.52,4.91
44147.28477,26958.83576,26401.47692,21.35,78.8,0.079
25520.0,20175.61983,13717.59036,18.45,67.18,0.072
40185.74917,28857.02218,31977.93103,33.01,26.18,4.904
33716.45902,21923.21981,15589.31174,21.66,63.33,0.077
27843.18937,18539.24051,18183.76569,24.8,53.55,4.907
25824.63576,12027.44283,11886.27692,21.9,63.71,0.081
23696.20253,14830.39514,11196.14458,9.03,79.8,0.086
43133.90164,24910.21672,26024.93927,18.29,67.07,0.073
40993.57377,25032.81734,23786.23482,18.31,78.2,0.069
28038.29508,17858.82353,17414.08907,18.09,84.9,4.913
26326.03279,18189.47368,12184.61538,17.43,82.2,4.918
35966.53992,30973.91838,15408.40336,15.03,53.34,0.085
36936.63717,22142.61954,16256.26149,25.53,67.69,0.26
34076.82119,22707.69231,21905.72308,29.12,44.36,4.92
34641.9256,22522.40664,12990.6383,22.59,73.2,0.066
32204.74576,19116.10942,17280.0,12.03,50.98,0.084
34378.70722,30274.31728,14486.43457,16.36,55.99,0.082
39789.38957,24264.83633,19175.92476,24.37,91.9,4.918
37917.87611,23025.77963,13585.12768,23.62,85.9,4.916
30588.59316,26621.66309,10400.96038,14.45,35.95,0.077
42806.83685,25466.10348,22624.70219,22.57,72.9,4.922
32070.50847,21012.76596,16903.71859,12.08,86.3,4.917
42020.51054,28727.77191,26326.26959,28.55,47.62,4.908
31673.84615,26297.10744,17199.03614,21.08,67.41,0.07
21818.7541,13783.28173,10977.81377,18.28,87.2,4.913
21736.88213,17320.65051,9692.196879,7.48,73.3,0.084
46525.03311,27546.36175,28209.23077,23.2,50.73,4.926
24453.64909,14839.91853,12433.45455,15.03,86.8,0.072
22592.56018,17518.25726,11099.81763,17.79,69.18,0.084
32952.99781,22548.54772,16007.78116,21.79,67.89,4.92
22844.10646,18377.41639,9421.368547,9.11,91.3,0.081
41747.74468,24362.19512,25409.03226,13.81,57.74,0.073
29816.47059,20702.85111,23052.03762,25.94,87.8,4.913
51085.63818,35125.65998,40313.98119,26.77,84.7,4.91
35671.89873,23044.3769,22461.68675,10.99,66.15,0.089
35027.8481,22106.99088,16626.50602,17.95,43.87,0.088
23033.62832,13924.74012,9925.556691,18.07,87.9,0.238
34396.32787,21990.09288,17134.25101,21.1,67.73,4.919
24022.37288,14545.89666,13777.68844,11.44,80.7,0.085
37507.12542,24435.90285,24960.0,28.86,47.62,4.924
24718.97872,15014.63415,14597.41935,15.51,83.0,0.082
43899.5186,28448.96266,18540.54711,22.37,65.93,4.919
49033.51831,34464.20275,38321.75549,26.45,77.8,4.902
38402.13097,25314.04435,26633.22884,27.97,39.18,4.904
44469.87342,26680.85106,25758.07229,8.84,51.22,0.082
22721.3617,13254.87805,13941.29032,10.6,87.3,0.081
23544.3038,10942.24924,12069.39759,12.03,67.11,0.083
29778.22785,17693.61702,16979.27711,15.64,63.57,0.075
36015.75492,23172.19917,13229.90881,22.7,71.2,0.066
36612.19672,25623.52941,17775.54656,23.23,39.01,4.923
29025.76271,18481.45897,12868.82412,10.61,73.0,0.087
36720.0,21551.35135,14591.21553,24.43,58.85,4.925
41479.32203,24787.84195,25286.11055,9.5,86.3,4.912
36853.91685,22556.0166,13632.58359,23.28,39.92,4.918
32116.92308,26981.40496,10820.24096,18.85,62.53,0.071
40033.22034,24900.91185,24915.61809,11.63,88.7,0.071
33192.47265,17798.34025,13194.89362,25.93,52.05,4.924
35808.84956,22202.4948,13726.33299,23.14,71.9,4.928
25201.57549,16110.37344,10784.68085,18.03,81.7,4.914
39530.12658,24609.11854,24786.50602,16.21,56.64,0.083
44914.13567,28445.22822,19100.79027,21.9,72.5,0.105
36619.86755,22906.02911,23175.87692,20.92,87.5,0.065
37083.18584,22988.35759,22181.00102,24.07,61.72,0.306
39895.38462,32965.28926,17563.37349,20.76,70.1,0.069
26361.13786,16636.92946,12471.2462,19.98,79.9,4.914
41451.54273,31677.71911,27836.9906,27.42,74.1,4.905
31817.49049,27181.34397,8908.523409,12.26,62.7,0.092
39242.36324,24333.60996,17274.16413,20.32,79.3,4.916
50219.80066,34181.01266,46604.1841,27.92,33.31,4.906
25923.14754,15462.5387,16044.04858,18.04,72.6,0.076
25495.28525,16269.65377,15976.72727,15.27,78.4,0.08
41693.82932,34002.07469,19818.60182,17.71,80.6,0.085
24317.24435,13175.56008,15470.54545,16.0,80.9,0.073
34081.59468,23175.94937,33481.50628,30.77,30.48,4.908
23759.22497,12885.94705,15598.54545,15.27,77.5,0.084
20987.80328,11847.67802,10896.19433,18.97,81.1,0.069
32997.2093,22640.50633,29324.1841,24.29,51.92,4.916
22655.59322,12612.76596,14651.8191,11.24,90.2,0.085
22876.1488,12760.58091,7843.404255,16.54,89.2,4.916
24763.65985,14696.94501,11863.27273,16.19,80.6,0.07
27988.10211,17311.93242,16635.98746,24.37,89.8,4.918
45765.2459,27354.79876,25692.63158,19.43,83.1,4.924
40817.54153,22063.29114,24052.21757,28.96,60.3,4.917
25104.78689,15117.02786,15006.31579,15.77,78.1,4.918
23467.81485,13164.56212,15348.36364,13.79,89.3,0.072
34005.66372,22004.158,12296.62921,27.03,50.72,0.256
20921.673,15475.91286,6678.511405,15.61,76.1,0.083
39075.25424,23212.15805,24967.71859,8.93,53.09,0.081
38284.46389,30835.26971,17793.55623,18.57,66.88,4.911
33685.06329,21370.21277,16296.86747,16.64,71.9,0.072
33747.04595,21622.40664,11263.22188,19.39,87.1,4.914
22789.83051,13641.33739,13441.92965,15.01,58.31,0.082
39505.82278,22913.06991,24693.9759,15.66,58.24,4.916
22874.52471,18395.82694,9842.016807,13.36,78.4,0.084
23357.28814,14148.32827,14721.28643,11.23,63.75,0.083
23644.32787,10974.613,11671.57895,18.47,74.5,0.07
34145.08475,20720.97264,16967.39698,13.73,48.45,4.916
34547.8481,23172.03647,21605.78313,14.07,66.28,0.081
34016.94915,21355.6231,15664.88442,11.24,66.11,0.083
28264.77876,18677.33888,10225.61798,19.79,85.2,4.916
31957.41445,26039.88954,10262.66507,15.29,49.72,0.089
24867.57112,17701.24481,7837.568389,17.06,89.6,4.965
30174.90494,25583.30776,9726.770708,13.7,41.89,0.076
27269.10299,16769.62025,21202.3431,22.75,79.5,4.91
35208.47682,20054.46985,16730.58462,21.25,48.52,0.081
43311.62791,30486.07595,29028.95397,30.1,34.92,4.905
42316.54485,26441.77215,33734.56067,25.11,58.81,4.924
25135.67277,13952.74949,16797.09091,15.18,87.5,0.067
41417.14286,26346.83544,34939.58159,31.08,41.38,4.91
34801.8084,17402.44399,17099.63636,13.14,89.7,4.922
26966.12691,17066.39004,12039.3921,20.93,63.87,0.109
42077.28814,25535.56231,25071.9196,13.49,71.7,0.081
46863.71681,28186.27859,23716.60878,24.88,68.59,0.265
31306.84385,19815.18987,25082.51046,27.28,68.65,4.919
29746.14872,20725.65998,22937.68025,19.33,60.42,4.902
36898.03063,22921.9917,12943.95137,25.58,42.21,4.919
32432.2623,18876.78019,17699.75709,24.64,56.92,0.067
29023.20775,17563.74745,14464.0,15.8,88.5,0.072
26695.14223,20968.87967,12868.08511,20.82,66.7,0.083
48036.10619,28414.55301,21110.19408,22.31,78.4,4.919
33180.75949,19535.56231,16337.3494,16.68,76.7,4.912
34222.30088,21139.70894,16079.75485,25.48,68.22,0.291
37031.18644,21793.31307,22507.41709,10.62,82.9,0.075
31008.81356,17204.86322,17135.27638,10.89,43.64,0.09
43328.13559,25619.45289,25963.41709,13.44,74.7,0.076
34336.79225,18483.91039,22469.81818,15.34,87.4,0.067
